fileid,probability,predicted_label,ground_truth
/mnt/h200_dataset/saad/datasets/images/ancestree/ReWIND/1_fake/google_factcheck/FAKE/GguZu4qW0AANhpY/00005.jpg,0.685792,1,1
/mnt/h200_dataset/saad/datasets/images/ancestree/ReWIND/1_fake/google_factcheck/FAKE/GguZu4qW0AANhpY/00002.jpg,0.700946,1,1
/mnt/h200_dataset/saad/datasets/images/ancestree/ReWIND/1_fake/google_factcheck/FAKE/GguZu4qW0AANhpY/00020.jpg,0.654398,1,1
/mnt/h200_dataset/saad/datasets/images/ancestree/ReWIND/1_fake/google_factcheck/FAKE/GguZu4qW0AANhpY/00021.jpg,0.582135,1,1
/mnt/h200_dataset/saad/datasets/images/ancestree/ReWIND/1_fake/google_factcheck/FAKE/GguZu4qW0AANhpY/00000.png,0.65202,1,1
/mnt/h200_dataset/saad/datasets/images/ancestree/ReWIND/1_fake/google_factcheck/FAKE/GguZu4qW0AANhpY/00011.png,0.781497,1,1
/mnt/h200_dataset/saad/datasets/images/ancestree/ReWIND/1_fake/google_factcheck/FAKE/GguZu4qW0AANhpY/00006.jpg,0.655832,1,1
/mnt/h200_dataset/saad/datasets/images/ancestree/ReWIND/1_fake/google_factcheck/FAKE/GguZu4qW0AANhpY/00008.png,0.781497,1,1
/mnt/h200_dataset/saad/datasets/images/ancestree/ReWIND/1_fake/google_factcheck/FAKE/GguZu4qW0AANhpY/00001.png,0.639455,1,1
/mnt/h200_dataset/saad/datasets/images/ancestree/ReWIND/1_fake/google_factcheck/FAKE/GguZu4qW0AANhpY/00004.webp,0.751375,1,1
/mnt/h200_dataset/saad/datasets/images/ancestree/ReWIND/1_fake/google_factcheck/FAKE/GguZu4qW0AANhpY/00007.png,0.685792,1,1
/mnt/h200_dataset/saad/datasets/images/ancestree/ReWIND/1_fake/google_factcheck/FAKE/GguZu4qW0AANhpY/00013.jpg,0.724578,1,1
/mnt/h200_dataset/saad/datasets/images/ancestree/ReWIND/1_fake/google_factcheck/FAKE/GguZu4qW0AANhpY/00012.jpg,0.679657,1,1
/mnt/h200_dataset/saad/datasets/images/ancestree/ReWIND/1_fake/google_factcheck/FAKE/GguZu4qW0AANhpY/00009.png,0.767777,1,1
/mnt/h200_dataset/saad/datasets/images/ancestree/ReWIND/1_fake/google_factcheck/FAKE/GguZu4qW0AANhpY/00018.png,0.730578,1,1
/mnt/h200_dataset/saad/datasets/images/ancestree/ReWIND/1_fake/google_factcheck/FAKE/GguZu4qW0AANhpY/00003.jpg,0.685792,1,1
/mnt/h200_dataset/saad/datasets/images/ancestree/ReWIND/1_fake/google_factcheck/FAKE/GguZu4qW0AANhpY/00010.png,0.785884,1,1
/mnt/h200_dataset/saad/datasets/images/ancestree/ReWIND/1_fake/google_factcheck/FAKE/GguZu4qW0AANhpY/00015.webp,0.756987,1,1
/mnt/h200_dataset/saad/datasets/images/ancestree/ReWIND/1_fake/google_factcheck/FAKE/GguZu4qW0AANhpY/00014.jpg,0.729905,1,1
/mnt/h200_dataset/saad/datasets/images/ancestree/ReWIND/1_fake/google_factcheck/FAKE/GguZu4qW0AANhpY/00019.png,0.730578,1,1
/mnt/h200_dataset/saad/datasets/images/ancestree/ReWIND/1_fake/google_factcheck/FAKE/GguZu4qW0AANhpY/00016.jpg,0.680985,1,1
/mnt/h200_dataset/saad/datasets/images/ancestree/ReWIND/1_fake/google_factcheck/FAKE/487882808_1070634695090606_9159275751758668859_n/00105.jpg,0.517617,1,1
/mnt/h200_dataset/saad/datasets/images/ancestree/ReWIND/1_fake/google_factcheck/FAKE/487882808_1070634695090606_9159275751758668859_n/00092.jpg,0.547041,1,1
/mnt/h200_dataset/saad/datasets/images/ancestree/ReWIND/1_fake/google_factcheck/FAKE/487882808_1070634695090606_9159275751758668859_n/00108.jpg,0.542818,1,1
/mnt/h200_dataset/saad/datasets/images/ancestree/ReWIND/1_fake/google_factcheck/FAKE/487882808_1070634695090606_9159275751758668859_n/00101.jpg,0.491982,0,1
/mnt/h200_dataset/saad/datasets/images/ancestree/ReWIND/1_fake/google_factcheck/FAKE/487882808_1070634695090606_9159275751758668859_n/00104.jpg,0.527157,1,1
/mnt/h200_dataset/saad/datasets/images/ancestree/ReWIND/1_fake/google_factcheck/FAKE/487882808_1070634695090606_9159275751758668859_n/00088.webp,0.530495,1,1
/mnt/h200_dataset/saad/datasets/images/ancestree/ReWIND/1_fake/google_factcheck/FAKE/487882808_1070634695090606_9159275751758668859_n/00093.jpg,0.531909,1,1
/mnt/h200_dataset/saad/datasets/images/ancestree/ReWIND/1_fake/google_factcheck/FAKE/487882808_1070634695090606_9159275751758668859_n/00082.jpg,0.542636,1,1
/mnt/h200_dataset/saad/datasets/images/ancestree/ReWIND/1_fake/google_factcheck/FAKE/487882808_1070634695090606_9159275751758668859_n/00086.jpg,0.539469,1,1
/mnt/h200_dataset/saad/datasets/images/ancestree/ReWIND/1_fake/google_factcheck/FAKE/487882808_1070634695090606_9159275751758668859_n/00096.jpg,0.482002,0,1
/mnt/h200_dataset/saad/datasets/images/ancestree/ReWIND/1_fake/google_factcheck/FAKE/487882808_1070634695090606_9159275751758668859_n/00107.jpg,0.516717,1,1
/mnt/h200_dataset/saad/datasets/images/ancestree/ReWIND/1_fake/google_factcheck/FAKE/487882808_1070634695090606_9159275751758668859_n/00087.jpg,0.542788,1,1
/mnt/h200_dataset/saad/datasets/images/ancestree/ReWIND/1_fake/google_factcheck/FAKE/487882808_1070634695090606_9159275751758668859_n/00103.jpg,0.54359,1,1
/mnt/h200_dataset/saad/datasets/images/ancestree/ReWIND/1_fake/google_factcheck/FAKE/487882808_1070634695090606_9159275751758668859_n/00106.jpg,0.530814,1,1
/mnt/h200_dataset/saad/datasets/images/ancestree/ReWIND/1_fake/google_factcheck/FAKE/487882808_1070634695090606_9159275751758668859_n/00102.jpg,0.519559,1,1
/mnt/h200_dataset/saad/datasets/images/ancestree/ReWIND/1_fake/google_factcheck/FAKE/487882808_1070634695090606_9159275751758668859_n/00098.jpg,0.509719,1,1
/mnt/h200_dataset/saad/datasets/images/ancestree/ReWIND/1_fake/google_factcheck/FAKE/487882808_1070634695090606_9159275751758668859_n/00100.jpg,0.526099,1,1
/mnt/h200_dataset/saad/datasets/images/ancestree/ReWIND/1_fake/google_factcheck/FAKE/487882808_1070634695090606_9159275751758668859_n/00095.jpg,0.530024,1,1
/mnt/h200_dataset/saad/datasets/images/ancestree/ReWIND/1_fake/google_factcheck/FAKE/487882808_1070634695090606_9159275751758668859_n/src.jpg,0.5415,1,1
/mnt/h200_dataset/saad/datasets/images/ancestree/ReWIND/1_fake/google_factcheck/FAKE/487882808_1070634695090606_9159275751758668859_n/00094.jpg,0.529157,1,1
/mnt/h200_dataset/saad/datasets/images/ancestree/ReWIND/1_fake/google_factcheck/FAKE/487882808_1070634695090606_9159275751758668859_n/00085.jpg,0.540393,1,1
/mnt/h200_dataset/saad/datasets/images/ancestree/ReWIND/1_fake/google_factcheck/FAKE/487882808_1070634695090606_9159275751758668859_n/00089.jpg,0.533914,1,1
/mnt/h200_dataset/saad/datasets/images/ancestree/ReWIND/1_fake/google_factcheck/FAKE/487882808_1070634695090606_9159275751758668859_n/00097.jpg,0.523649,1,1
/mnt/h200_dataset/saad/datasets/images/ancestree/ReWIND/1_fake/google_factcheck/FAKE/4/00215.jpg,0.602149,1,1
/mnt/h200_dataset/saad/datasets/images/ancestree/ReWIND/1_fake/google_factcheck/FAKE/4/00200.jpg,0.710879,1,1
/mnt/h200_dataset/saad/datasets/images/ancestree/ReWIND/1_fake/google_factcheck/FAKE/4/00214.jpg,0.66731,1,1
/mnt/h200_dataset/saad/datasets/images/ancestree/ReWIND/1_fake/google_factcheck/FAKE/4/00196.jpg,0.605682,1,1
/mnt/h200_dataset/saad/datasets/images/ancestree/ReWIND/1_fake/google_factcheck/FAKE/4/00212.jpg,0.510744,1,1
/mnt/h200_dataset/saad/datasets/images/ancestree/ReWIND/1_fake/google_factcheck/FAKE/4/00207.jpg,0.55932,1,1
/mnt/h200_dataset/saad/datasets/images/ancestree/ReWIND/1_fake/google_factcheck/FAKE/4/00204.jpg,0.61025,1,1
/mnt/h200_dataset/saad/datasets/images/ancestree/ReWIND/1_fake/google_factcheck/FAKE/4/00198.jpg,0.426292,0,1
/mnt/h200_dataset/saad/datasets/images/ancestree/ReWIND/1_fake/google_factcheck/FAKE/4/00199.jpg,0.557815,1,1
/mnt/h200_dataset/saad/datasets/images/ancestree/ReWIND/1_fake/google_factcheck/FAKE/4/00197.jpg,0.606702,1,1
/mnt/h200_dataset/saad/datasets/images/ancestree/ReWIND/1_fake/google_factcheck/FAKE/4/00206.jpg,0.534081,1,1
/mnt/h200_dataset/saad/datasets/images/ancestree/ReWIND/1_fake/google_factcheck/FAKE/4/00203.jpg,0.515506,1,1
/mnt/h200_dataset/saad/datasets/images/ancestree/ReWIND/1_fake/google_factcheck/FAKE/4/00208.jpg,0.598195,1,1
/mnt/h200_dataset/saad/datasets/images/ancestree/ReWIND/1_fake/google_factcheck/FAKE/4/00193.jpg,0.616041,1,1
/mnt/h200_dataset/saad/datasets/images/ancestree/ReWIND/1_fake/google_factcheck/FAKE/4/00210.jpg,0.578895,1,1
/mnt/h200_dataset/saad/datasets/images/ancestree/ReWIND/1_fake/google_factcheck/FAKE/4/00205.jpg,0.601272,1,1
/mnt/h200_dataset/saad/datasets/images/ancestree/ReWIND/1_fake/google_factcheck/FAKE/4/00209.jpg,0.650301,1,1
/mnt/h200_dataset/saad/datasets/images/ancestree/ReWIND/1_fake/google_factcheck/FAKE/462220166_496659496693362_2079586271952997563_n-1536x1536.jpg/src.webp,0.706038,1,1
/mnt/h200_dataset/saad/datasets/images/ancestree/ReWIND/1_fake/google_factcheck/FAKE/462220166_496659496693362_2079586271952997563_n-1536x1536/00315.webp,0.734786,1,1
/mnt/h200_dataset/saad/datasets/images/ancestree/ReWIND/1_fake/google_factcheck/FAKE/462220166_496659496693362_2079586271952997563_n-1536x1536/00307.jpg,0.732496,1,1
/mnt/h200_dataset/saad/datasets/images/ancestree/ReWIND/1_fake/google_factcheck/FAKE/462220166_496659496693362_2079586271952997563_n-1536x1536/00298.jpg,0.701866,1,1
/mnt/h200_dataset/saad/datasets/images/ancestree/ReWIND/1_fake/google_factcheck/FAKE/462220166_496659496693362_2079586271952997563_n-1536x1536/00299.jpg,0.733452,1,1
/mnt/h200_dataset/saad/datasets/images/ancestree/ReWIND/1_fake/google_factcheck/FAKE/462220166_496659496693362_2079586271952997563_n-1536x1536/00316.webp,0.702224,1,1
/mnt/h200_dataset/saad/datasets/images/ancestree/ReWIND/1_fake/google_factcheck/FAKE/462220166_496659496693362_2079586271952997563_n-1536x1536/00310.jpg,0.747892,1,1
/mnt/h200_dataset/saad/datasets/images/ancestree/ReWIND/1_fake/google_factcheck/FAKE/462220166_496659496693362_2079586271952997563_n-1536x1536/00304.jpg,0.690507,1,1
/mnt/h200_dataset/saad/datasets/images/ancestree/ReWIND/1_fake/google_factcheck/FAKE/462220166_496659496693362_2079586271952997563_n-1536x1536/00309.jpg,0.742328,1,1
/mnt/h200_dataset/saad/datasets/images/ancestree/ReWIND/1_fake/google_factcheck/FAKE/462220166_496659496693362_2079586271952997563_n-1536x1536/00303.jpg,0.691549,1,1
/mnt/h200_dataset/saad/datasets/images/ancestree/ReWIND/1_fake/google_factcheck/FAKE/462220166_496659496693362_2079586271952997563_n-1536x1536/00318.jpg,0.636523,1,1
/mnt/h200_dataset/saad/datasets/images/ancestree/ReWIND/1_fake/google_factcheck/FAKE/462220166_496659496693362_2079586271952997563_n-1536x1536/00311.jpg,0.756627,1,1
/mnt/h200_dataset/saad/datasets/images/ancestree/ReWIND/1_fake/google_factcheck/FAKE/462220166_496659496693362_2079586271952997563_n-1536x1536/00321.jpg,0.706393,1,1
/mnt/h200_dataset/saad/datasets/images/ancestree/ReWIND/1_fake/google_factcheck/FAKE/462220166_496659496693362_2079586271952997563_n-1536x1536/00308.jpg,0.757166,1,1
/mnt/h200_dataset/saad/datasets/images/ancestree/ReWIND/1_fake/google_factcheck/FAKE/462220166_496659496693362_2079586271952997563_n-1536x1536/00306.jpg,0.764804,1,1
/mnt/h200_dataset/saad/datasets/images/ancestree/ReWIND/1_fake/google_factcheck/FAKE/462220166_496659496693362_2079586271952997563_n-1536x1536/00302.jpg,0.734976,1,1
/mnt/h200_dataset/saad/datasets/images/ancestree/ReWIND/1_fake/google_factcheck/FAKE/462220166_496659496693362_2079586271952997563_n-1536x1536/00300.jpg,0.697351,1,1
/mnt/h200_dataset/saad/datasets/images/ancestree/ReWIND/1_fake/google_factcheck/FAKE/462220166_496659496693362_2079586271952997563_n-1536x1536/00320.jpg,0.73678,1,1
/mnt/h200_dataset/saad/datasets/images/ancestree/ReWIND/1_fake/google_factcheck/FAKE/462220166_496659496693362_2079586271952997563_n-1536x1536/00305.jpg,0.742608,1,1
/mnt/h200_dataset/saad/datasets/images/ancestree/ReWIND/1_fake/google_factcheck/FAKE/462220166_496659496693362_2079586271952997563_n-1536x1536/00314.jpg,0.715374,1,1
/mnt/h200_dataset/saad/datasets/images/ancestree/ReWIND/1_fake/google_factcheck/FAKE/462220166_496659496693362_2079586271952997563_n-1536x1536/00317.jpg,0.697454,1,1
/mnt/h200_dataset/saad/datasets/images/ancestree/ReWIND/1_fake/google_factcheck/FAKE/9/00265.jpg,0.493349,0,1
/mnt/h200_dataset/saad/datasets/images/ancestree/ReWIND/1_fake/google_factcheck/FAKE/9/00260.jpg,0.51087,1,1
/mnt/h200_dataset/saad/datasets/images/ancestree/ReWIND/1_fake/google_factcheck/FAKE/9/00282.jpg,0.542984,1,1
/mnt/h200_dataset/saad/datasets/images/ancestree/ReWIND/1_fake/google_factcheck/FAKE/9/00279.jpg,0.493239,0,1
/mnt/h200_dataset/saad/datasets/images/ancestree/ReWIND/1_fake/google_factcheck/FAKE/9/00275.jpg,0.506075,1,1
/mnt/h200_dataset/saad/datasets/images/ancestree/ReWIND/1_fake/google_factcheck/FAKE/9/00255.webp,0.522941,1,1
/mnt/h200_dataset/saad/datasets/images/ancestree/ReWIND/1_fake/google_factcheck/FAKE/9/00280.png,0.491887,0,1
/mnt/h200_dataset/saad/datasets/images/ancestree/ReWIND/1_fake/google_factcheck/FAKE/9/00251.jpg,0.535599,1,1
/mnt/h200_dataset/saad/datasets/images/ancestree/ReWIND/1_fake/google_factcheck/FAKE/9/00262.jpg,0.501932,1,1
/mnt/h200_dataset/saad/datasets/images/ancestree/ReWIND/1_fake/google_factcheck/FAKE/9/00264.webp,0.506654,1,1
/mnt/h200_dataset/saad/datasets/images/ancestree/ReWIND/1_fake/google_factcheck/FAKE/9/00256.jpg,0.51908,1,1
/mnt/h200_dataset/saad/datasets/images/ancestree/ReWIND/1_fake/google_factcheck/FAKE/9/00261.jpg,0.509055,1,1
/mnt/h200_dataset/saad/datasets/images/ancestree/ReWIND/1_fake/google_factcheck/FAKE/9/00258.jpg,0.515856,1,1
/mnt/h200_dataset/saad/datasets/images/ancestree/ReWIND/1_fake/google_factcheck/FAKE/9/00271.webp,0.484014,0,1
/mnt/h200_dataset/saad/datasets/images/ancestree/ReWIND/1_fake/google_factcheck/FAKE/9/00276.jpg,0.515669,1,1
/mnt/h200_dataset/saad/datasets/images/ancestree/ReWIND/1_fake/google_factcheck/FAKE/9/00273.jpg,0.504316,1,1
/mnt/h200_dataset/saad/datasets/images/ancestree/ReWIND/1_fake/google_factcheck/FAKE/9/00272.png,0.502027,1,1
/mnt/h200_dataset/saad/datasets/images/ancestree/ReWIND/1_fake/google_factcheck/FAKE/9/00274.jpg,0.501966,1,1
/mnt/h200_dataset/saad/datasets/images/ancestree/ReWIND/1_fake/google_factcheck/FAKE/9/00284.jpg,0.488299,0,1
/mnt/h200_dataset/saad/datasets/images/ancestree/ReWIND/1_fake/google_factcheck/FAKE/9/00266.jpg,0.515567,1,1
/mnt/h200_dataset/saad/datasets/images/ancestree/ReWIND/1_fake/google_factcheck/FAKE/9/00249.jpg,0.503271,1,1
/mnt/h200_dataset/saad/datasets/images/ancestree/ReWIND/1_fake/google_factcheck/FAKE/9/00257.webp,0.530457,1,1
/mnt/h200_dataset/saad/datasets/images/ancestree/ReWIND/1_fake/google_factcheck/FAKE/9/00253.jpg,0.563048,1,1
/mnt/h200_dataset/saad/datasets/images/ancestree/ReWIND/1_fake/google_factcheck/FAKE/9/00259.jpg,0.517281,1,1
/mnt/h200_dataset/saad/datasets/images/ancestree/ReWIND/1_fake/google_factcheck/FAKE/9/00252.jpg,0.507587,1,1
/mnt/h200_dataset/saad/datasets/images/ancestree/ReWIND/1_fake/google_factcheck/FAKE/9/00269.jpg,0.482361,0,1
/mnt/h200_dataset/saad/datasets/images/ancestree/ReWIND/1_fake/google_factcheck/FAKE/9/00283.webp,0.477706,0,1
/mnt/h200_dataset/saad/datasets/images/ancestree/ReWIND/1_fake/google_factcheck/FAKE/9/00268.jpg,0.557996,1,1
/mnt/h200_dataset/saad/datasets/images/ancestree/ReWIND/1_fake/google_factcheck/FAKE/9/00281.jpg,0.479176,0,1
/mnt/h200_dataset/saad/datasets/images/ancestree/ReWIND/1_fake/google_factcheck/FAKE/9/00263.jpg,0.501853,1,1
/mnt/h200_dataset/saad/datasets/images/ancestree/ReWIND/1_fake/google_factcheck/FAKE/9/00278.png,0.506075,1,1
/mnt/h200_dataset/saad/datasets/images/ancestree/ReWIND/1_fake/google_factcheck/FAKE/9/00277.jpg,0.507587,1,1
/mnt/h200_dataset/saad/datasets/images/ancestree/ReWIND/1_fake/google_factcheck/FAKE/14/00135.png,0.740456,1,1
/mnt/h200_dataset/saad/datasets/images/ancestree/ReWIND/1_fake/google_factcheck/FAKE/14/00130.jpg,0.768907,1,1
/mnt/h200_dataset/saad/datasets/images/ancestree/ReWIND/1_fake/google_factcheck/FAKE/14/00131.jpg,0.707253,1,1
/mnt/h200_dataset/saad/datasets/images/ancestree/ReWIND/1_fake/google_factcheck/FAKE/14/00140.webp,0.764452,1,1
/mnt/h200_dataset/saad/datasets/images/ancestree/ReWIND/1_fake/google_factcheck/FAKE/14/00137.jpg,0.736401,1,1
/mnt/h200_dataset/saad/datasets/images/ancestree/ReWIND/1_fake/google_factcheck/FAKE/14/00136.jpg,0.798894,1,1
/mnt/h200_dataset/saad/datasets/images/ancestree/ReWIND/1_fake/google_factcheck/FAKE/14/00133.jpg,0.712732,1,1
/mnt/h200_dataset/saad/datasets/images/ancestree/ReWIND/1_fake/google_factcheck/FAKE/14/00132.jpg,0.755817,1,1
/mnt/h200_dataset/saad/datasets/images/ancestree/ReWIND/1_fake/google_factcheck/FAKE/14/00134.jpg,0.744563,1,1
/mnt/h200_dataset/saad/datasets/images/ancestree/ReWIND/1_fake/google_factcheck/FAKE/14/00129.jpg,0.731922,1,1
/mnt/h200_dataset/saad/datasets/images/ancestree/ReWIND/1_fake/google_factcheck/FAKE/14/00139.webp,0.786541,1,1
/mnt/h200_dataset/saad/datasets/images/ancestree/ReWIND/1_fake/google_factcheck/FAKE/14/00138.jpg,0.767167,1,1
/mnt/h200_dataset/saad/datasets/images/ancestree/ReWIND/1_fake/google_factcheck/FAKE/5/00235.jpg,0.405831,0,1
/mnt/h200_dataset/saad/datasets/images/ancestree/ReWIND/1_fake/google_factcheck/FAKE/5/00243.jpg,0.300232,0,1
/mnt/h200_dataset/saad/datasets/images/ancestree/ReWIND/1_fake/google_factcheck/FAKE/5/00239.jpg,0.340376,0,1
/mnt/h200_dataset/saad/datasets/images/ancestree/ReWIND/1_fake/google_factcheck/FAKE/5/00245.jpg,0.135976,0,1
/mnt/h200_dataset/saad/datasets/images/ancestree/ReWIND/1_fake/google_factcheck/FAKE/5/00242.jpg,0.263979,0,1
/mnt/h200_dataset/saad/datasets/images/ancestree/ReWIND/1_fake/google_factcheck/FAKE/5/00247.jpg,0.233269,0,1
/mnt/h200_dataset/saad/datasets/images/ancestree/ReWIND/1_fake/google_factcheck/FAKE/5/00238.jpg,0.309493,0,1
/mnt/h200_dataset/saad/datasets/images/ancestree/ReWIND/1_fake/google_factcheck/FAKE/5/00240.jpg,0.279484,0,1
/mnt/h200_dataset/saad/datasets/images/ancestree/ReWIND/1_fake/google_factcheck/FAKE/5/00244.png,0.233269,0,1
/mnt/h200_dataset/saad/datasets/images/ancestree/ReWIND/1_fake/google_factcheck/FAKE/5/00248.jpg,0.252384,0,1
/mnt/h200_dataset/saad/datasets/images/ancestree/ReWIND/1_fake/google_factcheck/FAKE/5/00246.png,0.506359,1,1
/mnt/h200_dataset/saad/datasets/images/ancestree/ReWIND/1_fake/google_factcheck/FAKE/5/00236.jpg,0.430237,0,1
/mnt/h200_dataset/saad/datasets/images/ancestree/ReWIND/1_fake/google_factcheck/FAKE/gzu-w7sbuaa0-lu/00589.jpg,0.51573,1,1
/mnt/h200_dataset/saad/datasets/images/ancestree/ReWIND/1_fake/google_factcheck/FAKE/gzu-w7sbuaa0-lu/00700.jpg,0.590809,1,1
/mnt/h200_dataset/saad/datasets/images/ancestree/ReWIND/1_fake/google_factcheck/FAKE/gzu-w7sbuaa0-lu/00679.jpg,0.42928,0,1
/mnt/h200_dataset/saad/datasets/images/ancestree/ReWIND/1_fake/google_factcheck/FAKE/gzu-w7sbuaa0-lu/00618.jpg,0.491464,0,1
/mnt/h200_dataset/saad/datasets/images/ancestree/ReWIND/1_fake/google_factcheck/FAKE/gzu-w7sbuaa0-lu/00646.jpg,0.469725,0,1
/mnt/h200_dataset/saad/datasets/images/ancestree/ReWIND/1_fake/google_factcheck/FAKE/gzu-w7sbuaa0-lu/00631.jpg,0.517601,1,1
/mnt/h200_dataset/saad/datasets/images/ancestree/ReWIND/1_fake/google_factcheck/FAKE/gzu-w7sbuaa0-lu/00649.jpg,0.513432,1,1
/mnt/h200_dataset/saad/datasets/images/ancestree/ReWIND/1_fake/google_factcheck/FAKE/gzu-w7sbuaa0-lu/00567.jpg,0.518615,1,1
/mnt/h200_dataset/saad/datasets/images/ancestree/ReWIND/1_fake/google_factcheck/FAKE/gzu-w7sbuaa0-lu/00656.png,0.396068,0,1
/mnt/h200_dataset/saad/datasets/images/ancestree/ReWIND/1_fake/google_factcheck/FAKE/gzu-w7sbuaa0-lu/00648.webp,0.470516,0,1
/mnt/h200_dataset/saad/datasets/images/ancestree/ReWIND/1_fake/google_factcheck/FAKE/gzu-w7sbuaa0-lu/00624.jpg,0.528731,1,1
/mnt/h200_dataset/saad/datasets/images/ancestree/ReWIND/1_fake/google_factcheck/FAKE/gzu-w7sbuaa0-lu/00551.jpg,0.368235,0,1
/mnt/h200_dataset/saad/datasets/images/ancestree/ReWIND/1_fake/google_factcheck/FAKE/gzu-w7sbuaa0-lu/00626.webp,0.530282,1,1
/mnt/h200_dataset/saad/datasets/images/ancestree/ReWIND/1_fake/google_factcheck/FAKE/gzu-w7sbuaa0-lu/00571.webp,0.326271,0,1
/mnt/h200_dataset/saad/datasets/images/ancestree/ReWIND/1_fake/google_factcheck/FAKE/gzu-w7sbuaa0-lu/00561.jpg,0.395163,0,1
/mnt/h200_dataset/saad/datasets/images/ancestree/ReWIND/1_fake/google_factcheck/FAKE/gzu-w7sbuaa0-lu/00577.png,0.51573,1,1
/mnt/h200_dataset/saad/datasets/images/ancestree/ReWIND/1_fake/google_factcheck/FAKE/gzu-w7sbuaa0-lu/00658.jpg,0.492783,0,1
/mnt/h200_dataset/saad/datasets/images/ancestree/ReWIND/1_fake/google_factcheck/FAKE/gzu-w7sbuaa0-lu/00587.jpg,0.503729,1,1
/mnt/h200_dataset/saad/datasets/images/ancestree/ReWIND/1_fake/google_factcheck/FAKE/gzu-w7sbuaa0-lu/00637.jpg,0.549202,1,1
/mnt/h200_dataset/saad/datasets/images/ancestree/ReWIND/1_fake/google_factcheck/FAKE/gzu-w7sbuaa0-lu/00591.jpg,0.528564,1,1
/mnt/h200_dataset/saad/datasets/images/ancestree/ReWIND/1_fake/google_factcheck/FAKE/gzu-w7sbuaa0-lu/00659.jpg,0.42182,0,1
/mnt/h200_dataset/saad/datasets/images/ancestree/ReWIND/1_fake/google_factcheck/FAKE/gzu-w7sbuaa0-lu/00686.jpg,0.464871,0,1
/mnt/h200_dataset/saad/datasets/images/ancestree/ReWIND/1_fake/google_factcheck/FAKE/gzu-w7sbuaa0-lu/00672.jpg,0.515479,1,1
/mnt/h200_dataset/saad/datasets/images/ancestree/ReWIND/1_fake/google_factcheck/FAKE/gzu-w7sbuaa0-lu/00611.jpg,0.53871,1,1
/mnt/h200_dataset/saad/datasets/images/ancestree/ReWIND/1_fake/google_factcheck/FAKE/gzu-w7sbuaa0-lu/00634.jpg,0.501415,1,1
/mnt/h200_dataset/saad/datasets/images/ancestree/ReWIND/1_fake/google_factcheck/FAKE/gzu-w7sbuaa0-lu/00696.jpg,0.436652,0,1
/mnt/h200_dataset/saad/datasets/images/ancestree/ReWIND/1_fake/google_factcheck/FAKE/gzu-w7sbuaa0-lu/00661.webp,0.487365,0,1
/mnt/h200_dataset/saad/datasets/images/ancestree/ReWIND/1_fake/google_factcheck/FAKE/gzu-w7sbuaa0-lu/00625.jpg,0.49624,0,1
/mnt/h200_dataset/saad/datasets/images/ancestree/ReWIND/1_fake/google_factcheck/FAKE/gzu-w7sbuaa0-lu/00555.jpg,0.358465,0,1
/mnt/h200_dataset/saad/datasets/images/ancestree/ReWIND/1_fake/google_factcheck/FAKE/gzu-w7sbuaa0-lu/00604.webp,0.567487,1,1
/mnt/h200_dataset/saad/datasets/images/ancestree/ReWIND/1_fake/google_factcheck/FAKE/gzu-w7sbuaa0-lu/00596.jpg,0.498902,0,1
/mnt/h200_dataset/saad/datasets/images/ancestree/ReWIND/1_fake/google_factcheck/FAKE/gzu-w7sbuaa0-lu/00678.jpg,0.48868,0,1
/mnt/h200_dataset/saad/datasets/images/ancestree/ReWIND/1_fake/google_factcheck/FAKE/gzu-w7sbuaa0-lu/00695.png,0.426829,0,1
/mnt/h200_dataset/saad/datasets/images/ancestree/ReWIND/1_fake/google_factcheck/FAKE/gzu-w7sbuaa0-lu/00606.jpg,0.492873,0,1
/mnt/h200_dataset/saad/datasets/images/ancestree/ReWIND/1_fake/google_factcheck/FAKE/gzu-w7sbuaa0-lu/00632.jpg,0.475872,0,1
/mnt/h200_dataset/saad/datasets/images/ancestree/ReWIND/1_fake/google_factcheck/FAKE/gzu-w7sbuaa0-lu/00603.jpg,0.549202,1,1
/mnt/h200_dataset/saad/datasets/images/ancestree/ReWIND/1_fake/google_factcheck/FAKE/gzu-w7sbuaa0-lu/00581.jpg,0.529697,1,1
/mnt/h200_dataset/saad/datasets/images/ancestree/ReWIND/1_fake/google_factcheck/FAKE/gzu-w7sbuaa0-lu/00644.jpg,0.499469,0,1
/mnt/h200_dataset/saad/datasets/images/ancestree/ReWIND/1_fake/google_factcheck/FAKE/gzu-w7sbuaa0-lu/00639.jpg,0.490892,0,1
/mnt/h200_dataset/saad/datasets/images/ancestree/ReWIND/1_fake/google_factcheck/FAKE/gzu-w7sbuaa0-lu/00570.webp,0.508628,1,1
/mnt/h200_dataset/saad/datasets/images/ancestree/ReWIND/1_fake/google_factcheck/FAKE/gzu-w7sbuaa0-lu/00600.jpg,0.494826,0,1
/mnt/h200_dataset/saad/datasets/images/ancestree/ReWIND/1_fake/google_factcheck/FAKE/gzu-w7sbuaa0-lu/00565.jpg,0.539044,1,1
/mnt/h200_dataset/saad/datasets/images/ancestree/ReWIND/1_fake/google_factcheck/FAKE/gzu-w7sbuaa0-lu/00612.jpg,0.500672,1,1
/mnt/h200_dataset/saad/datasets/images/ancestree/ReWIND/1_fake/google_factcheck/FAKE/gzu-w7sbuaa0-lu/00599.jpg,0.482574,0,1
/mnt/h200_dataset/saad/datasets/images/ancestree/ReWIND/1_fake/google_factcheck/FAKE/gzu-w7sbuaa0-lu/00665.jpg,0.407893,0,1
/mnt/h200_dataset/saad/datasets/images/ancestree/ReWIND/1_fake/google_factcheck/FAKE/gzu-w7sbuaa0-lu/00643.jpg,0.549399,1,1
/mnt/h200_dataset/saad/datasets/images/ancestree/ReWIND/1_fake/google_factcheck/FAKE/gzu-w7sbuaa0-lu/00628.jpg,0.502377,1,1
/mnt/h200_dataset/saad/datasets/images/ancestree/ReWIND/1_fake/google_factcheck/FAKE/gzu-w7sbuaa0-lu/00579.jpg,0.522111,1,1
/mnt/h200_dataset/saad/datasets/images/ancestree/ReWIND/1_fake/google_factcheck/FAKE/gzu-w7sbuaa0-lu/00588.jpg,0.497635,0,1
/mnt/h200_dataset/saad/datasets/images/ancestree/ReWIND/1_fake/google_factcheck/FAKE/gzu-w7sbuaa0-lu/00548.jpg,0.463505,0,1
/mnt/h200_dataset/saad/datasets/images/ancestree/ReWIND/1_fake/google_factcheck/FAKE/gzu-w7sbuaa0-lu/00640.jpg,0.425277,0,1
/mnt/h200_dataset/saad/datasets/images/ancestree/ReWIND/1_fake/google_factcheck/FAKE/gzu-w7sbuaa0-lu/00586.jpg,0.51573,1,1
/mnt/h200_dataset/saad/datasets/images/ancestree/ReWIND/1_fake/google_factcheck/FAKE/gzu-w7sbuaa0-lu/00594.jpg,0.437778,0,1
/mnt/h200_dataset/saad/datasets/images/ancestree/ReWIND/1_fake/google_factcheck/FAKE/gzu-w7sbuaa0-lu/00623.jpg,0.504085,1,1
/mnt/h200_dataset/saad/datasets/images/ancestree/ReWIND/1_fake/google_factcheck/FAKE/gzu-w7sbuaa0-lu/00675.jpg,0.485653,0,1
/mnt/h200_dataset/saad/datasets/images/ancestree/ReWIND/1_fake/google_factcheck/FAKE/gzu-w7sbuaa0-lu/00608.jpg,0.512601,1,1
/mnt/h200_dataset/saad/datasets/images/ancestree/ReWIND/1_fake/google_factcheck/FAKE/gzu-w7sbuaa0-lu/00593.jpg,0.436292,0,1
/mnt/h200_dataset/saad/datasets/images/ancestree/ReWIND/1_fake/google_factcheck/FAKE/gzu-w7sbuaa0-lu/00563.jpg,0.460486,0,1
/mnt/h200_dataset/saad/datasets/images/ancestree/ReWIND/1_fake/google_factcheck/FAKE/gzu-w7sbuaa0-lu/00620.jpg,0.500277,1,1
/mnt/h200_dataset/saad/datasets/images/ancestree/ReWIND/1_fake/google_factcheck/FAKE/gzu-w7sbuaa0-lu/00698.jpg,0.385114,0,1
/mnt/h200_dataset/saad/datasets/images/ancestree/ReWIND/1_fake/google_factcheck/FAKE/gzu-w7sbuaa0-lu/00547.jpg,0.523253,1,1
/mnt/h200_dataset/saad/datasets/images/ancestree/ReWIND/1_fake/google_factcheck/FAKE/gzu-w7sbuaa0-lu/00692.jpg,0.496965,0,1
/mnt/h200_dataset/saad/datasets/images/ancestree/ReWIND/1_fake/google_factcheck/FAKE/gzu-w7sbuaa0-lu/00653.jpg,0.520915,1,1
/mnt/h200_dataset/saad/datasets/images/ancestree/ReWIND/1_fake/google_factcheck/FAKE/gzu-w7sbuaa0-lu/00688.jpg,0.394288,0,1
/mnt/h200_dataset/saad/datasets/images/ancestree/ReWIND/1_fake/google_factcheck/FAKE/gzu-w7sbuaa0-lu/00664.jpg,0.57335,1,1
/mnt/h200_dataset/saad/datasets/images/ancestree/ReWIND/1_fake/google_factcheck/FAKE/gzu-w7sbuaa0-lu/00699.webp,0.626238,1,1
/mnt/h200_dataset/saad/datasets/images/ancestree/ReWIND/1_fake/google_factcheck/FAKE/gzu-w7sbuaa0-lu/00574.webp,0.508151,1,1
/mnt/h200_dataset/saad/datasets/images/ancestree/ReWIND/1_fake/google_factcheck/FAKE/gzu-w7sbuaa0-lu/00694.jpg,0.371878,0,1
/mnt/h200_dataset/saad/datasets/images/ancestree/ReWIND/1_fake/google_factcheck/FAKE/gzu-w7sbuaa0-lu/00566.jpg,0.533367,1,1
/mnt/h200_dataset/saad/datasets/images/ancestree/ReWIND/1_fake/google_factcheck/FAKE/gzu-w7sbuaa0-lu/00585.webp,0.366193,0,1
/mnt/h200_dataset/saad/datasets/images/ancestree/ReWIND/1_fake/google_factcheck/FAKE/gzu-w7sbuaa0-lu/00674.jpg,0.481431,0,1
/mnt/h200_dataset/saad/datasets/images/ancestree/ReWIND/1_fake/google_factcheck/FAKE/gzu-w7sbuaa0-lu/00668.jpg,0.44968,0,1
/mnt/h200_dataset/saad/datasets/images/ancestree/ReWIND/1_fake/google_factcheck/FAKE/gzu-w7sbuaa0-lu/00690.webp,0.436322,0,1
/mnt/h200_dataset/saad/datasets/images/ancestree/ReWIND/1_fake/google_factcheck/FAKE/gzu-w7sbuaa0-lu/00687.jpg,0.465038,0,1
/mnt/h200_dataset/saad/datasets/images/ancestree/ReWIND/1_fake/google_factcheck/FAKE/gzu-w7sbuaa0-lu/00564.jpg,0.514949,1,1
/mnt/h200_dataset/saad/datasets/images/ancestree/ReWIND/1_fake/google_factcheck/FAKE/gzu-w7sbuaa0-lu/00652.jpg,0.501237,1,1
/mnt/h200_dataset/saad/datasets/images/ancestree/ReWIND/1_fake/google_factcheck/FAKE/gzu-w7sbuaa0-lu/00657.jpg,0.544317,1,1
/mnt/h200_dataset/saad/datasets/images/ancestree/ReWIND/1_fake/google_factcheck/FAKE/gzu-w7sbuaa0-lu/00615.jpg,0.485737,0,1
/mnt/h200_dataset/saad/datasets/images/ancestree/ReWIND/1_fake/google_factcheck/FAKE/gzu-w7sbuaa0-lu/00560.jpg,0.470531,0,1
/mnt/h200_dataset/saad/datasets/images/ancestree/ReWIND/1_fake/google_factcheck/FAKE/gzu-w7sbuaa0-lu/00701.webp,0.418935,0,1
/mnt/h200_dataset/saad/datasets/images/ancestree/ReWIND/1_fake/google_factcheck/FAKE/gzu-w7sbuaa0-lu/00647.webp,0.465904,0,1
/mnt/h200_dataset/saad/datasets/images/ancestree/ReWIND/1_fake/google_factcheck/FAKE/gzu-w7sbuaa0-lu/00627.jpg,0.542,1,1
/mnt/h200_dataset/saad/datasets/images/ancestree/ReWIND/1_fake/google_factcheck/FAKE/gzu-w7sbuaa0-lu/00575.webp,0.515163,1,1
/mnt/h200_dataset/saad/datasets/images/ancestree/ReWIND/1_fake/google_factcheck/FAKE/gzu-w7sbuaa0-lu/00616.webp,0.539105,1,1
/mnt/h200_dataset/saad/datasets/images/ancestree/ReWIND/1_fake/google_factcheck/FAKE/gzu-w7sbuaa0-lu/00635.jpg,0.486656,0,1
/mnt/h200_dataset/saad/datasets/images/ancestree/ReWIND/1_fake/google_factcheck/FAKE/gzu-w7sbuaa0-lu/00660.webp,0.523337,1,1
/mnt/h200_dataset/saad/datasets/images/ancestree/ReWIND/1_fake/google_factcheck/FAKE/gzu-w7sbuaa0-lu/00607.jpg,0.495573,0,1
/mnt/h200_dataset/saad/datasets/images/ancestree/ReWIND/1_fake/google_factcheck/FAKE/gzu-w7sbuaa0-lu/00610.png,0.495278,0,1
/mnt/h200_dataset/saad/datasets/images/ancestree/ReWIND/1_fake/google_factcheck/FAKE/gzu-w7sbuaa0-lu/00683.jpg,0.396535,0,1
/mnt/h200_dataset/saad/datasets/images/ancestree/ReWIND/1_fake/google_factcheck/FAKE/gzu-w7sbuaa0-lu/00553.jpg,0.363647,0,1
/mnt/h200_dataset/saad/datasets/images/ancestree/ReWIND/1_fake/google_factcheck/FAKE/gzu-w7sbuaa0-lu/00693.webp,0.553671,1,1
/mnt/h200_dataset/saad/datasets/images/ancestree/ReWIND/1_fake/google_factcheck/FAKE/gzu-w7sbuaa0-lu/00645.jpg,0.508781,1,1
/mnt/h200_dataset/saad/datasets/images/ancestree/ReWIND/1_fake/google_factcheck/FAKE/gzu-w7sbuaa0-lu/00655.jpg,0.498418,0,1
/mnt/h200_dataset/saad/datasets/images/ancestree/ReWIND/1_fake/google_factcheck/FAKE/gzu-w7sbuaa0-lu/00546.jpg,0.465312,0,1
/mnt/h200_dataset/saad/datasets/images/ancestree/ReWIND/1_fake/google_factcheck/FAKE/gzu-w7sbuaa0-lu/00609.jpg,0.419975,0,1
/mnt/h200_dataset/saad/datasets/images/ancestree/ReWIND/1_fake/google_factcheck/FAKE/gzu-w7sbuaa0-lu/00666.jpg,0.52632,1,1
/mnt/h200_dataset/saad/datasets/images/ancestree/ReWIND/1_fake/google_factcheck/FAKE/gzu-w7sbuaa0-lu/00554.jpg,0.449,0,1
/mnt/h200_dataset/saad/datasets/images/ancestree/ReWIND/1_fake/google_factcheck/FAKE/gzu-w7sbuaa0-lu/00684.jpg,0.449076,0,1
/mnt/h200_dataset/saad/datasets/images/ancestree/ReWIND/1_fake/google_factcheck/FAKE/gzu-w7sbuaa0-lu/00602.jpg,0.496606,0,1
/mnt/h200_dataset/saad/datasets/images/ancestree/ReWIND/1_fake/google_factcheck/FAKE/gzu-w7sbuaa0-lu/00663.jpg,0.392482,0,1
/mnt/h200_dataset/saad/datasets/images/ancestree/ReWIND/1_fake/google_factcheck/FAKE/gzu-w7sbuaa0-lu/00592.jpg,0.535053,1,1
/mnt/h200_dataset/saad/datasets/images/ancestree/ReWIND/1_fake/google_factcheck/FAKE/gzu-w7sbuaa0-lu/00569.jpg,0.522964,1,1
/mnt/h200_dataset/saad/datasets/images/ancestree/ReWIND/1_fake/google_factcheck/FAKE/gzu-w7sbuaa0-lu/00590.jpg,0.525605,1,1
/mnt/h200_dataset/saad/datasets/images/ancestree/ReWIND/1_fake/google_factcheck/FAKE/gzu-w7sbuaa0-lu/00689.jpg,0.50206,1,1
/mnt/h200_dataset/saad/datasets/images/ancestree/ReWIND/1_fake/google_factcheck/FAKE/gzu-w7sbuaa0-lu/00617.jpg,0.495798,0,1
/mnt/h200_dataset/saad/datasets/images/ancestree/ReWIND/1_fake/google_factcheck/FAKE/gzu-w7sbuaa0-lu/00605.jpg,0.467271,0,1
/mnt/h200_dataset/saad/datasets/images/ancestree/ReWIND/1_fake/google_factcheck/FAKE/gzu-w7sbuaa0-lu/00595.jpg,0.496753,0,1
/mnt/h200_dataset/saad/datasets/images/ancestree/ReWIND/1_fake/google_factcheck/FAKE/gzu-w7sbuaa0-lu/00619.jpg,0.553324,1,1
/mnt/h200_dataset/saad/datasets/images/ancestree/ReWIND/1_fake/google_factcheck/FAKE/gzu-w7sbuaa0-lu/00584.jpg,0.443691,0,1
/mnt/h200_dataset/saad/datasets/images/ancestree/ReWIND/1_fake/google_factcheck/FAKE/gzu-w7sbuaa0-lu/00629.jpg,0.531073,1,1
/mnt/h200_dataset/saad/datasets/images/ancestree/ReWIND/1_fake/google_factcheck/FAKE/gzu-w7sbuaa0-lu/00670.webp,0.505119,1,1
/mnt/h200_dataset/saad/datasets/images/ancestree/ReWIND/1_fake/google_factcheck/FAKE/gzu-w7sbuaa0-lu/00580.webp,0.338186,0,1
/mnt/h200_dataset/saad/datasets/images/ancestree/ReWIND/1_fake/google_factcheck/FAKE/gzu-w7sbuaa0-lu/00568.jpg,0.493277,0,1
/mnt/h200_dataset/saad/datasets/images/ancestree/ReWIND/1_fake/google_factcheck/FAKE/gzu-w7sbuaa0-lu/00682.jpg,0.492062,0,1
/mnt/h200_dataset/saad/datasets/images/ancestree/ReWIND/1_fake/google_factcheck/FAKE/gzu-w7sbuaa0-lu/00676.jpg,0.480623,0,1
/mnt/h200_dataset/saad/datasets/images/ancestree/ReWIND/1_fake/google_factcheck/FAKE/gzu-w7sbuaa0-lu/00630.jpg,0.502749,1,1
/mnt/h200_dataset/saad/datasets/images/ancestree/ReWIND/1_fake/google_factcheck/FAKE/gzu-w7sbuaa0-lu/00642.jpg,0.484029,0,1
/mnt/h200_dataset/saad/datasets/images/ancestree/ReWIND/1_fake/google_factcheck/FAKE/gzu-w7sbuaa0-lu/00662.jpg,0.453383,0,1
/mnt/h200_dataset/saad/datasets/images/ancestree/ReWIND/1_fake/google_factcheck/FAKE/gzu-w7sbuaa0-lu/00669.jpg,0.40536,0,1
/mnt/h200_dataset/saad/datasets/images/ancestree/ReWIND/1_fake/google_factcheck/FAKE/gzu-w7sbuaa0-lu/00601.jpg,0.49593,0,1
/mnt/h200_dataset/saad/datasets/images/ancestree/ReWIND/1_fake/google_factcheck/FAKE/gzu-w7sbuaa0-lu/00576.jpg,0.483732,0,1
/mnt/h200_dataset/saad/datasets/images/ancestree/ReWIND/1_fake/google_factcheck/FAKE/gzu-w7sbuaa0-lu/00680.png,0.502159,1,1
/mnt/h200_dataset/saad/datasets/images/ancestree/ReWIND/1_fake/google_factcheck/FAKE/gzu-w7sbuaa0-lu/00542.jpg,0.418251,0,1
/mnt/h200_dataset/saad/datasets/images/ancestree/ReWIND/1_fake/google_factcheck/FAKE/gzu-w7sbuaa0-lu/00578.webp,0.313315,0,1
/mnt/h200_dataset/saad/datasets/images/ancestree/ReWIND/1_fake/google_factcheck/FAKE/gzu-w7sbuaa0-lu/00582.jpg,0.525856,1,1
/mnt/h200_dataset/saad/datasets/images/ancestree/ReWIND/1_fake/google_factcheck/FAKE/gzu-w7sbuaa0-lu/00572.jpg,0.483321,0,1
/mnt/h200_dataset/saad/datasets/images/ancestree/ReWIND/1_fake/google_factcheck/FAKE/gzu-w7sbuaa0-lu/00633.jpg,0.500884,1,1
/mnt/h200_dataset/saad/datasets/images/ancestree/ReWIND/1_fake/google_factcheck/FAKE/gzu-w7sbuaa0-lu/00597.jpg,0.429041,0,1
/mnt/h200_dataset/saad/datasets/images/ancestree/ReWIND/1_fake/google_factcheck/FAKE/gzu-w7sbuaa0-lu/00545.jpg,0.530487,1,1
/mnt/h200_dataset/saad/datasets/images/ancestree/ReWIND/1_fake/google_factcheck/FAKE/gzu-w7sbuaa0-lu/00677.png,0.511034,1,1
/mnt/h200_dataset/saad/datasets/images/ancestree/ReWIND/1_fake/google_factcheck/FAKE/gzu-w7sbuaa0-lu/00667.jpg,0.522568,1,1
/mnt/h200_dataset/saad/datasets/images/ancestree/ReWIND/1_fake/google_factcheck/FAKE/gzu-w7sbuaa0-lu/00621.jpg,0.540636,1,1
/mnt/h200_dataset/saad/datasets/images/ancestree/ReWIND/1_fake/google_factcheck/FAKE/gzu-w7sbuaa0-lu/00685.png,0.502159,1,1
/mnt/h200_dataset/saad/datasets/images/ancestree/ReWIND/1_fake/google_factcheck/FAKE/gzu-w7sbuaa0-lu/00636.jpg,0.543833,1,1
/mnt/h200_dataset/saad/datasets/images/ancestree/ReWIND/1_fake/google_factcheck/FAKE/gzu-w7sbuaa0-lu/00650.jpg,0.523177,1,1
/mnt/h200_dataset/saad/datasets/images/ancestree/ReWIND/1_fake/google_factcheck/FAKE/gzu-w7sbuaa0-lu/00654.jpg,0.508552,1,1
/mnt/h200_dataset/saad/datasets/images/ancestree/ReWIND/1_fake/google_factcheck/FAKE/gzu-w7sbuaa0-lu/00550.jpg,0.487227,0,1
/mnt/h200_dataset/saad/datasets/images/ancestree/ReWIND/1_fake/google_factcheck/FAKE/gzu-w7sbuaa0-lu/00691.jpg,0.465767,0,1
/mnt/h200_dataset/saad/datasets/images/ancestree/ReWIND/1_fake/google_factcheck/FAKE/gzu-w7sbuaa0-lu/00562.jpg,0.435691,0,1
/mnt/h200_dataset/saad/datasets/images/ancestree/ReWIND/1_fake/google_factcheck/FAKE/gzu-w7sbuaa0-lu/00671.jpg,0.419202,0,1
/mnt/h200_dataset/saad/datasets/images/ancestree/ReWIND/1_fake/google_factcheck/FAKE/gzu-w7sbuaa0-lu/00552.jpg,0.372676,0,1
/mnt/h200_dataset/saad/datasets/images/ancestree/ReWIND/1_fake/google_factcheck/FAKE/gzu-w7sbuaa0-lu/00613.jpg,0.489442,0,1
/mnt/h200_dataset/saad/datasets/images/ancestree/ReWIND/1_fake/google_factcheck/FAKE/gzu-w7sbuaa0-lu/00702.jpg,0.500185,1,1
/mnt/h200_dataset/saad/datasets/images/ancestree/ReWIND/1_fake/google_factcheck/FAKE/gzu-w7sbuaa0-lu/00614.jpg,0.500567,1,1
/mnt/h200_dataset/saad/datasets/images/ancestree/ReWIND/1_fake/google_factcheck/FAKE/gzu-w7sbuaa0-lu/00638.jpg,0.496717,0,1
/mnt/h200_dataset/saad/datasets/images/ancestree/ReWIND/1_fake/google_factcheck/FAKE/gzu-w7sbuaa0-lu/00543.jpg,0.450631,0,1
/mnt/h200_dataset/saad/datasets/images/ancestree/ReWIND/1_fake/google_factcheck/FAKE/gzu-w7sbuaa0-lu/00651.jpg,0.52186,1,1
/mnt/h200_dataset/saad/datasets/images/ancestree/ReWIND/1_fake/google_factcheck/FAKE/gzu-w7sbuaa0-lu/00598.jpg,0.503601,1,1
/mnt/h200_dataset/saad/datasets/images/ancestree/ReWIND/1_fake/google_factcheck/FAKE/gzu-w7sbuaa0-lu/00673.jpg,0.506971,1,1
/mnt/h200_dataset/saad/datasets/images/ancestree/ReWIND/1_fake/google_factcheck/FAKE/gzu-w7sbuaa0-lu/00573.jpg,0.483321,0,1
/mnt/h200_dataset/saad/datasets/images/ancestree/ReWIND/1_fake/google_factcheck/FAKE/GY_YgjkXoAENtWT/00762.jpg,0.876951,1,1
/mnt/h200_dataset/saad/datasets/images/ancestree/ReWIND/1_fake/google_factcheck/FAKE/GY_YgjkXoAENtWT/00766.jpg,0.878783,1,1
/mnt/h200_dataset/saad/datasets/images/ancestree/ReWIND/1_fake/google_factcheck/FAKE/GY_YgjkXoAENtWT/00770.jpg,0.888566,1,1
/mnt/h200_dataset/saad/datasets/images/ancestree/ReWIND/1_fake/google_factcheck/FAKE/GY_YgjkXoAENtWT/00754.jpg,0.899563,1,1
/mnt/h200_dataset/saad/datasets/images/ancestree/ReWIND/1_fake/google_factcheck/FAKE/GY_YgjkXoAENtWT/00760.jpg,0.894513,1,1
/mnt/h200_dataset/saad/datasets/images/ancestree/ReWIND/1_fake/google_factcheck/FAKE/GY_YgjkXoAENtWT/00768.jpg,0.896523,1,1
/mnt/h200_dataset/saad/datasets/images/ancestree/ReWIND/1_fake/google_factcheck/FAKE/GY_YgjkXoAENtWT/00756.jpg,0.897426,1,1
/mnt/h200_dataset/saad/datasets/images/ancestree/ReWIND/1_fake/google_factcheck/FAKE/GY_YgjkXoAENtWT/00764.jpg,0.86681,1,1
/mnt/h200_dataset/saad/datasets/images/ancestree/ReWIND/1_fake/google_factcheck/FAKE/GY_YgjkXoAENtWT/00753.jpg,0.892281,1,1
/mnt/h200_dataset/saad/datasets/images/ancestree/ReWIND/1_fake/google_factcheck/FAKE/GY_YgjkXoAENtWT/00771.jpg,0.832985,1,1
/mnt/h200_dataset/saad/datasets/images/ancestree/ReWIND/1_fake/google_factcheck/FAKE/GY_YgjkXoAENtWT/00765.jpg,0.891528,1,1
/mnt/h200_dataset/saad/datasets/images/ancestree/ReWIND/1_fake/google_factcheck/FAKE/GY_YgjkXoAENtWT/00767.jpg,0.880438,1,1
/mnt/h200_dataset/saad/datasets/images/ancestree/ReWIND/1_fake/google_factcheck/FAKE/GY_YgjkXoAENtWT/00758.jpg,0.878731,1,1
/mnt/h200_dataset/saad/datasets/images/ancestree/ReWIND/1_fake/google_factcheck/FAKE/GY_YgjkXoAENtWT/00774.jpg,0.85373,1,1
/mnt/h200_dataset/saad/datasets/images/ancestree/ReWIND/1_fake/google_factcheck/FAKE/GY_YgjkXoAENtWT/00761.jpg,0.857828,1,1
/mnt/h200_dataset/saad/datasets/images/ancestree/ReWIND/1_fake/google_factcheck/FAKE/GY_YgjkXoAENtWT/00759.jpg,0.90389,1,1
/mnt/h200_dataset/saad/datasets/images/ancestree/ReWIND/1_fake/google_factcheck/FAKE/GY_YgjkXoAENtWT/00769.jpg,0.881513,1,1
/mnt/h200_dataset/saad/datasets/images/ancestree/ReWIND/1_fake/google_factcheck/FAKE/GY_YgjkXoAENtWT/00773.jpg,0.882731,1,1
/mnt/h200_dataset/saad/datasets/images/ancestree/ReWIND/1_fake/google_factcheck/FAKE/GY_YgjkXoAENtWT/00772.jpg,0.863507,1,1
/mnt/h200_dataset/saad/datasets/images/ancestree/ReWIND/1_fake/google_factcheck/FAKE/GY_YgjkXoAENtWT/00763.jpg,0.896523,1,1
/mnt/h200_dataset/saad/datasets/images/ancestree/ReWIND/1_fake/google_factcheck/FAKE/21/00019.jpg,0.583263,1,1
/mnt/h200_dataset/saad/datasets/images/ancestree/ReWIND/1_fake/google_factcheck/FAKE/21/00047.jpg,0.850903,1,1
/mnt/h200_dataset/saad/datasets/images/ancestree/ReWIND/1_fake/google_factcheck/FAKE/21/00028.jpg,0.767167,1,1
/mnt/h200_dataset/saad/datasets/images/ancestree/ReWIND/1_fake/google_factcheck/FAKE/21/00025.webp,0.740174,1,1
/mnt/h200_dataset/saad/datasets/images/ancestree/ReWIND/1_fake/google_factcheck/FAKE/21/00042.jpg,0.802401,1,1
/mnt/h200_dataset/saad/datasets/images/ancestree/ReWIND/1_fake/google_factcheck/FAKE/21/00048.jpg,0.77949,1,1
/mnt/h200_dataset/saad/datasets/images/ancestree/ReWIND/1_fake/google_factcheck/FAKE/21/00001.jpg,0.885928,1,1
/mnt/h200_dataset/saad/datasets/images/ancestree/ReWIND/1_fake/google_factcheck/FAKE/21/00005.jpg,0.572036,1,1
/mnt/h200_dataset/saad/datasets/images/ancestree/ReWIND/1_fake/google_factcheck/FAKE/21/00009.jpg,0.807612,1,1
/mnt/h200_dataset/saad/datasets/images/ancestree/ReWIND/1_fake/google_factcheck/FAKE/21/00037.jpg,0.829008,1,1
/mnt/h200_dataset/saad/datasets/images/ancestree/ReWIND/1_fake/google_factcheck/FAKE/21/00002.jpg,0.672439,1,1
/mnt/h200_dataset/saad/datasets/images/ancestree/ReWIND/1_fake/google_factcheck/FAKE/21/00020.jpg,0.774754,1,1
/mnt/h200_dataset/saad/datasets/images/ancestree/ReWIND/1_fake/google_factcheck/FAKE/21/00008.jpg,0.593167,1,1
/mnt/h200_dataset/saad/datasets/images/ancestree/ReWIND/1_fake/google_factcheck/FAKE/21/00049.jpg,0.847716,1,1
/mnt/h200_dataset/saad/datasets/images/ancestree/ReWIND/1_fake/google_factcheck/FAKE/21/00015.jpg,0.789964,1,1
/mnt/h200_dataset/saad/datasets/images/ancestree/ReWIND/1_fake/google_factcheck/FAKE/21/00038.jpg,0.572245,1,1
/mnt/h200_dataset/saad/datasets/images/ancestree/ReWIND/1_fake/google_factcheck/FAKE/21/00004.jpg,0.848847,1,1
/mnt/h200_dataset/saad/datasets/images/ancestree/ReWIND/1_fake/google_factcheck/FAKE/21/00021.jpg,0.791902,1,1
/mnt/h200_dataset/saad/datasets/images/ancestree/ReWIND/1_fake/google_factcheck/FAKE/21/00060.jpg,0.870872,1,1
/mnt/h200_dataset/saad/datasets/images/ancestree/ReWIND/1_fake/google_factcheck/FAKE/21/00010.jpg,0.870982,1,1
/mnt/h200_dataset/saad/datasets/images/ancestree/ReWIND/1_fake/google_factcheck/FAKE/21/00024.webp,0.864654,1,1
/mnt/h200_dataset/saad/datasets/images/ancestree/ReWIND/1_fake/google_factcheck/FAKE/21/00006.jpg,0.850965,1,1
/mnt/h200_dataset/saad/datasets/images/ancestree/ReWIND/1_fake/google_factcheck/FAKE/21/00056.png,0.815453,1,1
/mnt/h200_dataset/saad/datasets/images/ancestree/ReWIND/1_fake/google_factcheck/FAKE/21/00046.jpg,0.86148,1,1
/mnt/h200_dataset/saad/datasets/images/ancestree/ReWIND/1_fake/google_factcheck/FAKE/21/00018.jpg,0.839537,1,1
/mnt/h200_dataset/saad/datasets/images/ancestree/ReWIND/1_fake/google_factcheck/FAKE/21/00013.webp,0.261519,0,1
/mnt/h200_dataset/saad/datasets/images/ancestree/ReWIND/1_fake/google_factcheck/FAKE/21/00063.jpg,0.809502,1,1
/mnt/h200_dataset/saad/datasets/images/ancestree/ReWIND/1_fake/google_factcheck/FAKE/21/00027.webp,0.860428,1,1
/mnt/h200_dataset/saad/datasets/images/ancestree/ReWIND/1_fake/google_factcheck/FAKE/21/00031.png,0.868325,1,1
/mnt/h200_dataset/saad/datasets/images/ancestree/ReWIND/1_fake/google_factcheck/FAKE/21/00034.jpg,0.774498,1,1
/mnt/h200_dataset/saad/datasets/images/ancestree/ReWIND/1_fake/google_factcheck/FAKE/21/00053.jpg,0.783077,1,1
/mnt/h200_dataset/saad/datasets/images/ancestree/ReWIND/1_fake/google_factcheck/FAKE/21/00050.png,0.601008,1,1
/mnt/h200_dataset/saad/datasets/images/ancestree/ReWIND/1_fake/google_factcheck/FAKE/21/00062.jpg,0.882731,1,1
/mnt/h200_dataset/saad/datasets/images/ancestree/ReWIND/1_fake/google_factcheck/FAKE/21/00061.png,0.89077,1,1
/mnt/h200_dataset/saad/datasets/images/ancestree/ReWIND/1_fake/google_factcheck/FAKE/21/00055.png,0.809653,1,1
/mnt/h200_dataset/saad/datasets/images/ancestree/ReWIND/1_fake/google_factcheck/FAKE/21/00012.jpg,0.882124,1,1
/mnt/h200_dataset/saad/datasets/images/ancestree/ReWIND/1_fake/google_factcheck/FAKE/21/00023.webp,0.829768,1,1
/mnt/h200_dataset/saad/datasets/images/ancestree/ReWIND/1_fake/google_factcheck/FAKE/21/00017.jpg,0.880489,1,1
/mnt/h200_dataset/saad/datasets/images/ancestree/ReWIND/1_fake/google_factcheck/FAKE/21/00065.jpg,0.819821,1,1
/mnt/h200_dataset/saad/datasets/images/ancestree/ReWIND/1_fake/google_factcheck/FAKE/21/00039.jpg,0.886224,1,1
/mnt/h200_dataset/saad/datasets/images/ancestree/ReWIND/1_fake/google_factcheck/FAKE/21/00030.jpg,0.777131,1,1
/mnt/h200_dataset/saad/datasets/images/ancestree/ReWIND/1_fake/google_factcheck/FAKE/21/00026.webp,0.833392,1,1
/mnt/h200_dataset/saad/datasets/images/ancestree/ReWIND/1_fake/google_factcheck/FAKE/21/00066.png,0.869825,1,1
/mnt/h200_dataset/saad/datasets/images/ancestree/ReWIND/1_fake/google_factcheck/FAKE/21/00052.jpg,0.801936,1,1
/mnt/h200_dataset/saad/datasets/images/ancestree/ReWIND/1_fake/google_factcheck/FAKE/21/00043.jpg,0.875521,1,1
/mnt/h200_dataset/saad/datasets/images/ancestree/ReWIND/1_fake/google_factcheck/FAKE/21/00051.jpg,0.875946,1,1
/mnt/h200_dataset/saad/datasets/images/ancestree/ReWIND/1_fake/google_factcheck/FAKE/21/00041.jpg,0.838614,1,1
/mnt/h200_dataset/saad/datasets/images/ancestree/ReWIND/1_fake/google_factcheck/FAKE/21/00003.jpg,0.873161,1,1
/mnt/h200_dataset/saad/datasets/images/ancestree/ReWIND/1_fake/google_factcheck/FAKE/21/00054.jpg,0.708717,1,1
/mnt/h200_dataset/saad/datasets/images/ancestree/ReWIND/1_fake/google_factcheck/FAKE/21/00014.webp,0.816699,1,1
/mnt/h200_dataset/saad/datasets/images/ancestree/ReWIND/1_fake/google_factcheck/FAKE/21/00022.webp,0.854763,1,1
/mnt/h200_dataset/saad/datasets/images/ancestree/ReWIND/1_fake/google_factcheck/FAKE/21/00045.jpg,0.880643,1,1
/mnt/h200_dataset/saad/datasets/images/ancestree/ReWIND/1_fake/google_factcheck/FAKE/21/00040.jpg,0.877582,1,1
/mnt/h200_dataset/saad/datasets/images/ancestree/ReWIND/1_fake/google_factcheck/FAKE/21/00064.png,0.808067,1,1
/mnt/h200_dataset/saad/datasets/images/ancestree/ReWIND/1_fake/google_factcheck/FAKE/21/00059.jpg,0.734215,1,1
/mnt/h200_dataset/saad/datasets/images/ancestree/ReWIND/1_fake/google_factcheck/FAKE/21/00035.jpg,0.49791,0,1
/mnt/h200_dataset/saad/datasets/images/ancestree/ReWIND/1_fake/google_factcheck/FAKE/21/00044.jpg,0.771757,1,1
/mnt/h200_dataset/saad/datasets/images/ancestree/ReWIND/1_fake/google_factcheck/FAKE/21/00011.jpg,0.874023,1,1
/mnt/h200_dataset/saad/datasets/images/ancestree/ReWIND/1_fake/google_factcheck/FAKE/21/00029.jpg,0.534051,1,1
/mnt/h200_dataset/saad/datasets/images/ancestree/ReWIND/1_fake/google_factcheck/FAKE/21/00058.jpg,0.832441,1,1
/mnt/h200_dataset/saad/datasets/images/ancestree/ReWIND/1_fake/google_factcheck/FAKE/21/00016.jpg,0.853058,1,1
/mnt/h200_dataset/saad/datasets/images/ancestree/ReWIND/1_fake/google_factcheck/FAKE/21/00033.jpg,0.790934,1,1
/mnt/h200_dataset/saad/datasets/images/ancestree/ReWIND/1_fake/google_factcheck/FAKE/afgha-1-1320x1015/00528.jpg,0.571049,1,1
/mnt/h200_dataset/saad/datasets/images/ancestree/ReWIND/1_fake/google_factcheck/FAKE/afgha-1-1320x1015/00525.jpg,0.54006,1,1
/mnt/h200_dataset/saad/datasets/images/ancestree/ReWIND/1_fake/google_factcheck/FAKE/afgha-1-1320x1015/00523.jpg,0.571886,1,1
/mnt/h200_dataset/saad/datasets/images/ancestree/ReWIND/1_fake/google_factcheck/FAKE/afgha-1-1320x1015/00527.webp,0.597696,1,1
/mnt/h200_dataset/saad/datasets/images/ancestree/ReWIND/1_fake/google_factcheck/FAKE/afgha-1-1320x1015/00526.jpg,0.563228,1,1
/mnt/h200_dataset/saad/datasets/images/ancestree/ReWIND/1_fake/google_factcheck/FAKE/afgha-1-1320x1015/00529.jpg,0.33928,0,1
/mnt/h200_dataset/saad/datasets/images/ancestree/ReWIND/1_fake/google_factcheck/FAKE/afgha-1-1320x1015/00522.jpg,0.592696,1,1
/mnt/h200_dataset/saad/datasets/images/ancestree/ReWIND/1_fake/google_factcheck/FAKE/afgha-1-1320x1015/00533.jpg,0.242475,0,1
/mnt/h200_dataset/saad/datasets/images/ancestree/ReWIND/1_fake/google_factcheck/FAKE/afgha-1-1320x1015/00532.jpg,0.681197,1,1
/mnt/h200_dataset/saad/datasets/images/ancestree/ReWIND/1_fake/google_factcheck/FAKE/afgha-1-1320x1015/src.jpg,0.571557,1,1
/mnt/h200_dataset/saad/datasets/images/ancestree/ReWIND/1_fake/google_factcheck/FAKE/afgha-1-1320x1015/00530.jpg,0.52406,1,1
/mnt/h200_dataset/saad/datasets/images/ancestree/ReWIND/1_fake/google_factcheck/FAKE/afgha-1-1320x1015/00531.jpg,0.681197,1,1
/mnt/h200_dataset/saad/datasets/images/ancestree/ReWIND/1_fake/google_factcheck/FAKE/afgha-1-1320x1015/00524.jpg,0.548296,1,1
/mnt/h200_dataset/saad/datasets/images/ancestree/ReWIND/1_fake/google_factcheck/FAKE/hern8912374cnask/00362.jpg,0.126353,0,1
/mnt/h200_dataset/saad/datasets/images/ancestree/ReWIND/1_fake/google_factcheck/FAKE/hern8912374cnask/00387.jpg,0.757256,1,1
/mnt/h200_dataset/saad/datasets/images/ancestree/ReWIND/1_fake/google_factcheck/FAKE/hern8912374cnask/00429.jpg,0.520481,1,1
/mnt/h200_dataset/saad/datasets/images/ancestree/ReWIND/1_fake/google_factcheck/FAKE/hern8912374cnask/00466.jpg,0.567367,1,1
/mnt/h200_dataset/saad/datasets/images/ancestree/ReWIND/1_fake/google_factcheck/FAKE/hern8912374cnask/00483.jpg,0.304972,0,1
/mnt/h200_dataset/saad/datasets/images/ancestree/ReWIND/1_fake/google_factcheck/FAKE/hern8912374cnask/00410.jpg,0.167559,0,1
/mnt/h200_dataset/saad/datasets/images/ancestree/ReWIND/1_fake/google_factcheck/FAKE/hern8912374cnask/00379.jpg,0.767864,1,1
/mnt/h200_dataset/saad/datasets/images/ancestree/ReWIND/1_fake/google_factcheck/FAKE/hern8912374cnask/00400.jpg,0.246171,0,1
/mnt/h200_dataset/saad/datasets/images/ancestree/ReWIND/1_fake/google_factcheck/FAKE/hern8912374cnask/00335.jpg,0.632673,1,1
/mnt/h200_dataset/saad/datasets/images/ancestree/ReWIND/1_fake/google_factcheck/FAKE/hern8912374cnask/00490.jpg,0.791176,1,1
/mnt/h200_dataset/saad/datasets/images/ancestree/ReWIND/1_fake/google_factcheck/FAKE/hern8912374cnask/00337.png,0.395689,0,1
/mnt/h200_dataset/saad/datasets/images/ancestree/ReWIND/1_fake/google_factcheck/FAKE/hern8912374cnask/00336.png,0.646293,1,1
/mnt/h200_dataset/saad/datasets/images/ancestree/ReWIND/1_fake/google_factcheck/FAKE/hern8912374cnask/00394.png,0.698998,1,1
/mnt/h200_dataset/saad/datasets/images/ancestree/ReWIND/1_fake/google_factcheck/FAKE/hern8912374cnask/00450.jpg,0.578031,1,1
/mnt/h200_dataset/saad/datasets/images/ancestree/ReWIND/1_fake/google_factcheck/FAKE/hern8912374cnask/00445.jpg,0.400339,0,1
/mnt/h200_dataset/saad/datasets/images/ancestree/ReWIND/1_fake/google_factcheck/FAKE/hern8912374cnask/00345.jpg,0.239172,0,1
/mnt/h200_dataset/saad/datasets/images/ancestree/ReWIND/1_fake/google_factcheck/FAKE/hern8912374cnask/00401.jpg,0.206734,0,1
/mnt/h200_dataset/saad/datasets/images/ancestree/ReWIND/1_fake/google_factcheck/FAKE/hern8912374cnask/00459.jpg,0.513863,1,1
/mnt/h200_dataset/saad/datasets/images/ancestree/ReWIND/1_fake/google_factcheck/FAKE/hern8912374cnask/00377.jpg,0.150653,0,1
/mnt/h200_dataset/saad/datasets/images/ancestree/ReWIND/1_fake/google_factcheck/FAKE/hern8912374cnask/00360.jpg,0.434311,0,1
/mnt/h200_dataset/saad/datasets/images/ancestree/ReWIND/1_fake/google_factcheck/FAKE/hern8912374cnask/00444.jpg,0.651521,1,1
/mnt/h200_dataset/saad/datasets/images/ancestree/ReWIND/1_fake/google_factcheck/FAKE/hern8912374cnask/00476.jpg,0.812198,1,1
/mnt/h200_dataset/saad/datasets/images/ancestree/ReWIND/1_fake/google_factcheck/FAKE/hern8912374cnask/00506.png,0.84966,1,1
/mnt/h200_dataset/saad/datasets/images/ancestree/ReWIND/1_fake/google_factcheck/FAKE/hern8912374cnask/00399.jpg,0.221519,0,1
/mnt/h200_dataset/saad/datasets/images/ancestree/ReWIND/1_fake/google_factcheck/FAKE/hern8912374cnask/00384.jpg,0.755457,1,1
/mnt/h200_dataset/saad/datasets/images/ancestree/ReWIND/1_fake/google_factcheck/FAKE/hern8912374cnask/00503.jpg,0.150029,0,1
/mnt/h200_dataset/saad/datasets/images/ancestree/ReWIND/1_fake/google_factcheck/FAKE/hern8912374cnask/00457.jpg,0.36139,0,1
/mnt/h200_dataset/saad/datasets/images/ancestree/ReWIND/1_fake/google_factcheck/FAKE/hern8912374cnask/00359.jpg,0.229276,0,1
/mnt/h200_dataset/saad/datasets/images/ancestree/ReWIND/1_fake/google_factcheck/FAKE/hern8912374cnask/00461.jpg,0.746509,1,1
/mnt/h200_dataset/saad/datasets/images/ancestree/ReWIND/1_fake/google_factcheck/FAKE/hern8912374cnask/00447.webp,0.400046,0,1
/mnt/h200_dataset/saad/datasets/images/ancestree/ReWIND/1_fake/google_factcheck/FAKE/hern8912374cnask/00340.jpg,0.699921,1,1
/mnt/h200_dataset/saad/datasets/images/ancestree/ReWIND/1_fake/google_factcheck/FAKE/hern8912374cnask/00472.jpg,0.407039,0,1
/mnt/h200_dataset/saad/datasets/images/ancestree/ReWIND/1_fake/google_factcheck/FAKE/hern8912374cnask/00430.png,0.13084,0,1
/mnt/h200_dataset/saad/datasets/images/ancestree/ReWIND/1_fake/google_factcheck/FAKE/hern8912374cnask/00436.jpg,0.872565,1,1
/mnt/h200_dataset/saad/datasets/images/ancestree/ReWIND/1_fake/google_factcheck/FAKE/hern8912374cnask/00499.jpg,0.07971,0,1
/mnt/h200_dataset/saad/datasets/images/ancestree/ReWIND/1_fake/google_factcheck/FAKE/hern8912374cnask/00355.jpg,0.282048,0,1
/mnt/h200_dataset/saad/datasets/images/ancestree/ReWIND/1_fake/google_factcheck/FAKE/hern8912374cnask/00437.jpg,0.676834,1,1
/mnt/h200_dataset/saad/datasets/images/ancestree/ReWIND/1_fake/google_factcheck/FAKE/hern8912374cnask/00469.jpg,0.716367,1,1
/mnt/h200_dataset/saad/datasets/images/ancestree/ReWIND/1_fake/google_factcheck/FAKE/hern8912374cnask/00504.jpg,0.107344,0,1
/mnt/h200_dataset/saad/datasets/images/ancestree/ReWIND/1_fake/google_factcheck/FAKE/hern8912374cnask/00383.jpg,0.557002,1,1
/mnt/h200_dataset/saad/datasets/images/ancestree/ReWIND/1_fake/google_factcheck/FAKE/hern8912374cnask/00372.webp,0.754101,1,1
/mnt/h200_dataset/saad/datasets/images/ancestree/ReWIND/1_fake/google_factcheck/FAKE/hern8912374cnask/00356.jpg,0.261519,0,1
/mnt/h200_dataset/saad/datasets/images/ancestree/ReWIND/1_fake/google_factcheck/FAKE/hern8912374cnask/00390.jpg,0.120129,0,1
/mnt/h200_dataset/saad/datasets/images/ancestree/ReWIND/1_fake/google_factcheck/FAKE/hern8912374cnask/00395.jpg,0.347039,0,1
/mnt/h200_dataset/saad/datasets/images/ancestree/ReWIND/1_fake/google_factcheck/FAKE/hern8912374cnask/00439.jpg,0.856512,1,1
/mnt/h200_dataset/saad/datasets/images/ancestree/ReWIND/1_fake/google_factcheck/FAKE/hern8912374cnask/00365.jpg,0.769773,1,1
/mnt/h200_dataset/saad/datasets/images/ancestree/ReWIND/1_fake/google_factcheck/FAKE/hern8912374cnask/00507.jpg,0.252661,0,1
/mnt/h200_dataset/saad/datasets/images/ancestree/ReWIND/1_fake/google_factcheck/FAKE/hern8912374cnask/00489.webp,0.716615,1,1
/mnt/h200_dataset/saad/datasets/images/ancestree/ReWIND/1_fake/google_factcheck/FAKE/hern8912374cnask/00382.jpg,0.228329,0,1
/mnt/h200_dataset/saad/datasets/images/ancestree/ReWIND/1_fake/google_factcheck/FAKE/hern8912374cnask/00386.jpg,0.657264,1,1
/mnt/h200_dataset/saad/datasets/images/ancestree/ReWIND/1_fake/google_factcheck/FAKE/hern8912374cnask/00403.jpg,0.213377,0,1
/mnt/h200_dataset/saad/datasets/images/ancestree/ReWIND/1_fake/google_factcheck/FAKE/hern8912374cnask/00353.jpg,0.226955,0,1
/mnt/h200_dataset/saad/datasets/images/ancestree/ReWIND/1_fake/google_factcheck/FAKE/hern8912374cnask/00482.jpg,0.807916,1,1
/mnt/h200_dataset/saad/datasets/images/ancestree/ReWIND/1_fake/google_factcheck/FAKE/hern8912374cnask/00408.jpg,0.553445,1,1
/mnt/h200_dataset/saad/datasets/images/ancestree/ReWIND/1_fake/google_factcheck/FAKE/hern8912374cnask/00501.png,0.440409,0,1
/mnt/h200_dataset/saad/datasets/images/ancestree/ReWIND/1_fake/google_factcheck/FAKE/hern8912374cnask/00364.jpg,0.356951,0,1
/mnt/h200_dataset/saad/datasets/images/ancestree/ReWIND/1_fake/google_factcheck/FAKE/hern8912374cnask/00378.jpg,0.705379,1,1
/mnt/h200_dataset/saad/datasets/images/ancestree/ReWIND/1_fake/google_factcheck/FAKE/hern8912374cnask/00433.webp,0.833121,1,1
/mnt/h200_dataset/saad/datasets/images/ancestree/ReWIND/1_fake/google_factcheck/FAKE/hern8912374cnask/00380.jpg,0.767341,1,1
/mnt/h200_dataset/saad/datasets/images/ancestree/ReWIND/1_fake/google_factcheck/FAKE/hern8912374cnask/00462.jpg,0.464507,0,1
/mnt/h200_dataset/saad/datasets/images/ancestree/ReWIND/1_fake/google_factcheck/FAKE/hern8912374cnask/00338.jpg,0.871693,1,1
/mnt/h200_dataset/saad/datasets/images/ancestree/ReWIND/1_fake/google_factcheck/FAKE/hern8912374cnask/00478.jpg,0.314208,0,1
/mnt/h200_dataset/saad/datasets/images/ancestree/ReWIND/1_fake/google_factcheck/FAKE/hern8912374cnask/00460.jpg,0.854763,1,1
/mnt/h200_dataset/saad/datasets/images/ancestree/ReWIND/1_fake/google_factcheck/FAKE/hern8912374cnask/00443.jpg,0.797083,1,1
/mnt/h200_dataset/saad/datasets/images/ancestree/ReWIND/1_fake/google_factcheck/FAKE/hern8912374cnask/00468.jpg,0.166066,0,1
/mnt/h200_dataset/saad/datasets/images/ancestree/ReWIND/1_fake/google_factcheck/FAKE/hern8912374cnask/00442.jpg,0.83868,1,1
/mnt/h200_dataset/saad/datasets/images/ancestree/ReWIND/1_fake/google_factcheck/FAKE/hern8912374cnask/00485.jpg,0.194215,0,1
/mnt/h200_dataset/saad/datasets/images/ancestree/ReWIND/1_fake/google_factcheck/FAKE/hern8912374cnask/00358.jpg,0.201971,0,1
/mnt/h200_dataset/saad/datasets/images/ancestree/ReWIND/1_fake/google_factcheck/FAKE/hern8912374cnask/00465.jpg,0.242564,0,1
/mnt/h200_dataset/saad/datasets/images/ancestree/ReWIND/1_fake/google_factcheck/FAKE/hern8912374cnask/00413.jpg,0.593462,1,1
/mnt/h200_dataset/saad/datasets/images/ancestree/ReWIND/1_fake/google_factcheck/FAKE/hern8912374cnask/00397.jpg,0.651244,1,1
/mnt/h200_dataset/saad/datasets/images/ancestree/ReWIND/1_fake/google_factcheck/FAKE/hern8912374cnask/00418.jpg,0.719925,1,1
/mnt/h200_dataset/saad/datasets/images/ancestree/ReWIND/1_fake/google_factcheck/FAKE/hern8912374cnask/00480.jpg,0.627951,1,1
/mnt/h200_dataset/saad/datasets/images/ancestree/ReWIND/1_fake/google_factcheck/FAKE/hern8912374cnask/00426.webp,0.445741,0,1
/mnt/h200_dataset/saad/datasets/images/ancestree/ReWIND/1_fake/google_factcheck/FAKE/hern8912374cnask/00479.jpg,0.646851,1,1
/mnt/h200_dataset/saad/datasets/images/ancestree/ReWIND/1_fake/google_factcheck/FAKE/hern8912374cnask/00470.jpg,0.36642,0,1
/mnt/h200_dataset/saad/datasets/images/ancestree/ReWIND/1_fake/google_factcheck/FAKE/hern8912374cnask/00520.jpg,0.462792,0,1
/mnt/h200_dataset/saad/datasets/images/ancestree/ReWIND/1_fake/google_factcheck/FAKE/hern8912374cnask/00497.jpg,0.145358,0,1
/mnt/h200_dataset/saad/datasets/images/ancestree/ReWIND/1_fake/google_factcheck/FAKE/hern8912374cnask/00419.jpg,0.337913,0,1
/mnt/h200_dataset/saad/datasets/images/ancestree/ReWIND/1_fake/google_factcheck/FAKE/hern8912374cnask/00388.jpg,0.136781,0,1
/mnt/h200_dataset/saad/datasets/images/ancestree/ReWIND/1_fake/google_factcheck/FAKE/hern8912374cnask/00409.jpg,0.214198,0,1
/mnt/h200_dataset/saad/datasets/images/ancestree/ReWIND/1_fake/google_factcheck/FAKE/hern8912374cnask/00448.jpg,0.873323,1,1
/mnt/h200_dataset/saad/datasets/images/ancestree/ReWIND/1_fake/google_factcheck/FAKE/hern8912374cnask/00471.jpg,0.436892,0,1
/mnt/h200_dataset/saad/datasets/images/ancestree/ReWIND/1_fake/google_factcheck/FAKE/hern8912374cnask/00414.jpg,0.519262,1,1
/mnt/h200_dataset/saad/datasets/images/ancestree/ReWIND/1_fake/google_factcheck/FAKE/hern8912374cnask/00481.jpg,0.627951,1,1
/mnt/h200_dataset/saad/datasets/images/ancestree/ReWIND/1_fake/google_factcheck/FAKE/hern8912374cnask/00352.jpg,0.387545,0,1
/mnt/h200_dataset/saad/datasets/images/ancestree/ReWIND/1_fake/google_factcheck/FAKE/hern8912374cnask/00473.jpg,0.442968,0,1
/mnt/h200_dataset/saad/datasets/images/ancestree/ReWIND/1_fake/google_factcheck/FAKE/hern8912374cnask/00371.jpg,0.431105,0,1
/mnt/h200_dataset/saad/datasets/images/ancestree/ReWIND/1_fake/google_factcheck/FAKE/hern8912374cnask/00407.jpg,0.717507,1,1
/mnt/h200_dataset/saad/datasets/images/ancestree/ReWIND/1_fake/google_factcheck/FAKE/hern8912374cnask/00357.jpg,0.674104,1,1
/mnt/h200_dataset/saad/datasets/images/ancestree/ReWIND/1_fake/google_factcheck/FAKE/hern8912374cnask/00434.jpg,0.683208,1,1
/mnt/h200_dataset/saad/datasets/images/ancestree/ReWIND/1_fake/google_factcheck/FAKE/hern8912374cnask/00458.jpg,0.513863,1,1
/mnt/h200_dataset/saad/datasets/images/ancestree/ReWIND/1_fake/google_factcheck/FAKE/hern8912374cnask/00488.jpg,0.798972,1,1
/mnt/h200_dataset/saad/datasets/images/ancestree/ReWIND/1_fake/google_factcheck/FAKE/hern8912374cnask/00502.webp,0.434761,0,1
/mnt/h200_dataset/saad/datasets/images/ancestree/ReWIND/1_fake/google_factcheck/FAKE/hern8912374cnask/00402.jpg,0.189972,0,1
/mnt/h200_dataset/saad/datasets/images/ancestree/ReWIND/1_fake/google_factcheck/FAKE/hern8912374cnask/00440.jpg,0.468411,0,1
/mnt/h200_dataset/saad/datasets/images/ancestree/ReWIND/1_fake/google_factcheck/FAKE/hern8912374cnask/00505.jpg,0.665139,1,1
/mnt/h200_dataset/saad/datasets/images/ancestree/ReWIND/1_fake/google_factcheck/FAKE/hern8912374cnask/00438.webp,0.816991,1,1
/mnt/h200_dataset/saad/datasets/images/ancestree/ReWIND/1_fake/google_factcheck/FAKE/hern8912374cnask/00373.webp,0.55097,1,1
/mnt/h200_dataset/saad/datasets/images/ancestree/ReWIND/1_fake/google_factcheck/FAKE/hern8912374cnask/00451.jpg,0.447717,0,1
/mnt/h200_dataset/saad/datasets/images/ancestree/ReWIND/1_fake/google_factcheck/FAKE/hern8912374cnask/00491.jpg,0.248078,0,1
/mnt/h200_dataset/saad/datasets/images/ancestree/ReWIND/1_fake/google_factcheck/FAKE/hern8912374cnask/00454.jpg,0.753557,1,1
/mnt/h200_dataset/saad/datasets/images/ancestree/ReWIND/1_fake/google_factcheck/FAKE/hern8912374cnask/00498.jpg,0.147126,0,1
/mnt/h200_dataset/saad/datasets/images/ancestree/ReWIND/1_fake/google_factcheck/FAKE/hern8912374cnask/00346.jpg,0.807612,1,1
/mnt/h200_dataset/saad/datasets/images/ancestree/ReWIND/1_fake/google_factcheck/FAKE/hern8912374cnask/00396.webp,0.110088,0,1
/mnt/h200_dataset/saad/datasets/images/ancestree/ReWIND/1_fake/google_factcheck/FAKE/hern8912374cnask/00475.png,0.762247,1,1
/mnt/h200_dataset/saad/datasets/images/ancestree/ReWIND/1_fake/google_factcheck/FAKE/hern8912374cnask/00412.png,0.863966,1,1
/mnt/h200_dataset/saad/datasets/images/ancestree/ReWIND/1_fake/google_factcheck/FAKE/hern8912374cnask/00449.jpg,0.627038,1,1
/mnt/h200_dataset/saad/datasets/images/ancestree/ReWIND/1_fake/google_factcheck/FAKE/hern8912374cnask/00495.jpg,0.244183,0,1
/mnt/h200_dataset/saad/datasets/images/ancestree/ReWIND/1_fake/google_factcheck/FAKE/hern8912374cnask/00510.png,0.122733,0,1
/mnt/h200_dataset/saad/datasets/images/ancestree/ReWIND/1_fake/google_factcheck/FAKE/hern8912374cnask/00427.jpg,0.39987,0,1
/mnt/h200_dataset/saad/datasets/images/ancestree/ReWIND/1_fake/google_factcheck/FAKE/hern8912374cnask/00420.jpg,0.727201,1,1
/mnt/h200_dataset/saad/datasets/images/ancestree/ReWIND/1_fake/google_factcheck/FAKE/hern8912374cnask/00509.jpg,0.143548,0,1
/mnt/h200_dataset/saad/datasets/images/ancestree/ReWIND/1_fake/google_factcheck/FAKE/hern8912374cnask/00354.jpg,0.759315,1,1
/mnt/h200_dataset/saad/datasets/images/ancestree/ReWIND/1_fake/google_factcheck/FAKE/hern8912374cnask/00398.jpg,0.155527,0,1
/mnt/h200_dataset/saad/datasets/images/ancestree/ReWIND/1_fake/google_factcheck/FAKE/hern8912374cnask/00432.jpg,0.859899,1,1
/mnt/h200_dataset/saad/datasets/images/ancestree/ReWIND/1_fake/google_factcheck/FAKE/hern8912374cnask/00463.jpg,0.800926,1,1
/mnt/h200_dataset/saad/datasets/images/ancestree/ReWIND/1_fake/google_factcheck/FAKE/hern8912374cnask/00467.png,0.651521,1,1
/mnt/h200_dataset/saad/datasets/images/ancestree/ReWIND/1_fake/google_factcheck/FAKE/hern8912374cnask/00464.jpg,0.433202,0,1
/mnt/h200_dataset/saad/datasets/images/ancestree/ReWIND/1_fake/google_factcheck/FAKE/hern8912374cnask/00404.jpg,0.340704,0,1
/mnt/h200_dataset/saad/datasets/images/ancestree/ReWIND/1_fake/google_factcheck/FAKE/hern8912374cnask/00370.jpg,0.766818,1,1
/mnt/h200_dataset/saad/datasets/images/ancestree/ReWIND/1_fake/google_factcheck/FAKE/hern8912374cnask/00453.jpg,0.644896,1,1
/mnt/h200_dataset/saad/datasets/images/ancestree/ReWIND/1_fake/google_factcheck/FAKE/hern8912374cnask/00456.jpg,0.708213,1,1
/mnt/h200_dataset/saad/datasets/images/ancestree/ReWIND/1_fake/google_factcheck/FAKE/hern8912374cnask/00484.jpg,0.282246,0,1
/mnt/h200_dataset/saad/datasets/images/ancestree/ReWIND/1_fake/google_factcheck/FAKE/hern8912374cnask/00347.webp,0.589982,1,1
/mnt/h200_dataset/saad/datasets/images/ancestree/ReWIND/1_fake/google_factcheck/FAKE/hern8912374cnask/00446.png,0.533109,1,1
/mnt/h200_dataset/saad/datasets/images/ancestree/ReWIND/1_fake/google_factcheck/FAKE/hern8912374cnask/00494.jpg,0.684106,1,1
/mnt/h200_dataset/saad/datasets/images/ancestree/ReWIND/1_fake/google_factcheck/FAKE/hern8912374cnask/00428.jpg,0.694458,1,1
/mnt/h200_dataset/saad/datasets/images/ancestree/ReWIND/1_fake/google_factcheck/FAKE/hern8912374cnask/00425.jpg,0.520359,1,1
/mnt/h200_dataset/saad/datasets/images/ancestree/ReWIND/1_fake/google_factcheck/FAKE/hern8912374cnask/00351.jpg,0.654287,1,1
/mnt/h200_dataset/saad/datasets/images/ancestree/ReWIND/1_fake/google_factcheck/FAKE/hern8912374cnask/00339.jpg,0.343782,0,1
/mnt/h200_dataset/saad/datasets/images/ancestree/ReWIND/1_fake/google_factcheck/FAKE/hern8912374cnask/00487.jpg,0.816845,1,1
/mnt/h200_dataset/saad/datasets/images/ancestree/ReWIND/1_fake/google_factcheck/FAKE/hern8912374cnask/00421.jpg,0.696939,1,1
/mnt/h200_dataset/saad/datasets/images/ancestree/ReWIND/1_fake/google_factcheck/FAKE/hern8912374cnask/00435.jpg,0.275568,0,1
/mnt/h200_dataset/saad/datasets/images/ancestree/ReWIND/1_fake/google_factcheck/FAKE/hern8912374cnask/00455.jpg,0.815526,1,1
/mnt/h200_dataset/saad/datasets/images/ancestree/ReWIND/1_fake/google_factcheck/FAKE/hern8912374cnask/00477.jpg,0.328476,0,1
/mnt/h200_dataset/saad/datasets/images/ancestree/ReWIND/1_fake/google_factcheck/FAKE/hern8912374cnask/00375.webp,0.188026,0,1
/mnt/h200_dataset/saad/datasets/images/ancestree/ReWIND/1_fake/google_factcheck/FAKE/hern8912374cnask/00441.jpg,0.702887,1,1
/mnt/h200_dataset/saad/datasets/images/ancestree/ReWIND/1_fake/google_factcheck/FAKE/hern8912374cnask/00424.jpg,0.70619,1,1
/mnt/h200_dataset/saad/datasets/images/ancestree/ReWIND/1_fake/google_factcheck/FAKE/hern8912374cnask/00492.jpg,0.873431,1,1
/mnt/h200_dataset/saad/datasets/images/ancestree/ReWIND/1_fake/google_factcheck/FAKE/hern8912374cnask/00350.jpg,0.686738,1,1
/mnt/h200_dataset/saad/datasets/images/ancestree/ReWIND/1_fake/google_factcheck/FAKE/hern8912374cnask/00508.jpg,0.376394,0,1
/mnt/h200_dataset/saad/datasets/images/ancestree/ReWIND/1_fake/google_factcheck/FAKE/hern8912374cnask/00423.jpg,0.759225,1,1
/mnt/h200_dataset/saad/datasets/images/ancestree/ReWIND/1_fake/google_factcheck/FAKE/hern8912374cnask/00369.jpg,0.719433,1,1
/mnt/h200_dataset/saad/datasets/images/ancestree/ReWIND/1_fake/google_factcheck/FAKE/hern8912374cnask/00496.jpg,0.234494,0,1
/mnt/h200_dataset/saad/datasets/images/ancestree/ReWIND/1_fake/google_factcheck/FAKE/hern8912374cnask/00452.jpg,0.452188,0,1
/mnt/h200_dataset/saad/datasets/images/ancestree/ReWIND/1_fake/google_factcheck/FAKE/manaus-meets-the-amazon-rainforest-brazil-v0-6ujfa9va41pe1/00047.jpg,0.623434,1,1
/mnt/h200_dataset/saad/datasets/images/ancestree/ReWIND/1_fake/google_factcheck/FAKE/manaus-meets-the-amazon-rainforest-brazil-v0-6ujfa9va41pe1/00048.jpg,0.627495,1,1
/mnt/h200_dataset/saad/datasets/images/ancestree/ReWIND/1_fake/google_factcheck/FAKE/manaus-meets-the-amazon-rainforest-brazil-v0-6ujfa9va41pe1/00071.jpg,0.608972,1,1
/mnt/h200_dataset/saad/datasets/images/ancestree/ReWIND/1_fake/google_factcheck/FAKE/manaus-meets-the-amazon-rainforest-brazil-v0-6ujfa9va41pe1/00074.jpg,0.621799,1,1
/mnt/h200_dataset/saad/datasets/images/ancestree/ReWIND/1_fake/google_factcheck/FAKE/manaus-meets-the-amazon-rainforest-brazil-v0-6ujfa9va41pe1/00037.jpg,0.651022,1,1
/mnt/h200_dataset/saad/datasets/images/ancestree/ReWIND/1_fake/google_factcheck/FAKE/manaus-meets-the-amazon-rainforest-brazil-v0-6ujfa9va41pe1/00049.jpg,0.623606,1,1
/mnt/h200_dataset/saad/datasets/images/ancestree/ReWIND/1_fake/google_factcheck/FAKE/manaus-meets-the-amazon-rainforest-brazil-v0-6ujfa9va41pe1/00038.jpg,0.603611,1,1
/mnt/h200_dataset/saad/datasets/images/ancestree/ReWIND/1_fake/google_factcheck/FAKE/manaus-meets-the-amazon-rainforest-brazil-v0-6ujfa9va41pe1/00056.jpg,0.605391,1,1
/mnt/h200_dataset/saad/datasets/images/ancestree/ReWIND/1_fake/google_factcheck/FAKE/manaus-meets-the-amazon-rainforest-brazil-v0-6ujfa9va41pe1/00061.jpg,0.522857,1,1
/mnt/h200_dataset/saad/datasets/images/ancestree/ReWIND/1_fake/google_factcheck/FAKE/manaus-meets-the-amazon-rainforest-brazil-v0-6ujfa9va41pe1/00060.jpg,0.626067,1,1
/mnt/h200_dataset/saad/datasets/images/ancestree/ReWIND/1_fake/google_factcheck/FAKE/manaus-meets-the-amazon-rainforest-brazil-v0-6ujfa9va41pe1/00080.jpg,0.63409,1,1
/mnt/h200_dataset/saad/datasets/images/ancestree/ReWIND/1_fake/google_factcheck/FAKE/manaus-meets-the-amazon-rainforest-brazil-v0-6ujfa9va41pe1/00046.jpg,0.626924,1,1
/mnt/h200_dataset/saad/datasets/images/ancestree/ReWIND/1_fake/google_factcheck/FAKE/manaus-meets-the-amazon-rainforest-brazil-v0-6ujfa9va41pe1/00069.webp,0.649912,1,1
/mnt/h200_dataset/saad/datasets/images/ancestree/ReWIND/1_fake/google_factcheck/FAKE/manaus-meets-the-amazon-rainforest-brazil-v0-6ujfa9va41pe1/00063.jpg,0.537588,1,1
/mnt/h200_dataset/saad/datasets/images/ancestree/ReWIND/1_fake/google_factcheck/FAKE/manaus-meets-the-amazon-rainforest-brazil-v0-6ujfa9va41pe1/src.webp,0.651355,1,1
/mnt/h200_dataset/saad/datasets/images/ancestree/ReWIND/1_fake/google_factcheck/FAKE/manaus-meets-the-amazon-rainforest-brazil-v0-6ujfa9va41pe1/00076.jpg,0.601272,1,1
/mnt/h200_dataset/saad/datasets/images/ancestree/ReWIND/1_fake/google_factcheck/FAKE/manaus-meets-the-amazon-rainforest-brazil-v0-6ujfa9va41pe1/00053.jpg,0.619932,1,1
/mnt/h200_dataset/saad/datasets/images/ancestree/ReWIND/1_fake/google_factcheck/FAKE/manaus-meets-the-amazon-rainforest-brazil-v0-6ujfa9va41pe1/00062.jpg,0.525346,1,1
/mnt/h200_dataset/saad/datasets/images/ancestree/ReWIND/1_fake/google_factcheck/FAKE/manaus-meets-the-amazon-rainforest-brazil-v0-6ujfa9va41pe1/00039.jpg,0.645232,1,1
/mnt/h200_dataset/saad/datasets/images/ancestree/ReWIND/1_fake/google_factcheck/FAKE/manaus-meets-the-amazon-rainforest-brazil-v0-6ujfa9va41pe1/00052.jpg,0.62681,1,1
/mnt/h200_dataset/saad/datasets/images/ancestree/ReWIND/1_fake/google_factcheck/FAKE/manaus-meets-the-amazon-rainforest-brazil-v0-6ujfa9va41pe1/00041.jpg,0.622459,1,1
/mnt/h200_dataset/saad/datasets/images/ancestree/ReWIND/1_fake/google_factcheck/FAKE/manaus-meets-the-amazon-rainforest-brazil-v0-6ujfa9va41pe1/00054.jpg,0.654343,1,1
/mnt/h200_dataset/saad/datasets/images/ancestree/ReWIND/1_fake/google_factcheck/FAKE/manaus-meets-the-amazon-rainforest-brazil-v0-6ujfa9va41pe1/00055.jpg,0.60964,1,1
/mnt/h200_dataset/saad/datasets/images/ancestree/ReWIND/1_fake/google_factcheck/FAKE/manaus-meets-the-amazon-rainforest-brazil-v0-6ujfa9va41pe1/00045.jpg,0.614423,1,1
/mnt/h200_dataset/saad/datasets/images/ancestree/ReWIND/1_fake/google_factcheck/FAKE/manaus-meets-the-amazon-rainforest-brazil-v0-6ujfa9va41pe1/00079.webp,0.660227,1,1
/mnt/h200_dataset/saad/datasets/images/ancestree/ReWIND/1_fake/google_factcheck/FAKE/manaus-meets-the-amazon-rainforest-brazil-v0-6ujfa9va41pe1/00081.jpg,0.62601,1,1
/mnt/h200_dataset/saad/datasets/images/ancestree/ReWIND/1_fake/google_factcheck/FAKE/manaus-meets-the-amazon-rainforest-brazil-v0-6ujfa9va41pe1/00040.jpg,0.624523,1,1
/mnt/h200_dataset/saad/datasets/images/ancestree/ReWIND/1_fake/google_factcheck/FAKE/manaus-meets-the-amazon-rainforest-brazil-v0-6ujfa9va41pe1/00059.jpg,0.547388,1,1
/mnt/h200_dataset/saad/datasets/images/ancestree/ReWIND/1_fake/google_factcheck/FAKE/manaus-meets-the-amazon-rainforest-brazil-v0-6ujfa9va41pe1/00036.jpg,0.626696,1,1
/mnt/h200_dataset/saad/datasets/images/ancestree/ReWIND/1_fake/google_factcheck/FAKE/manaus-meets-the-amazon-rainforest-brazil-v0-6ujfa9va41pe1/00044.jpg,0.626124,1,1
/mnt/h200_dataset/saad/datasets/images/ancestree/ReWIND/1_fake/google_factcheck/FAKE/manaus-meets-the-amazon-rainforest-brazil-v0-6ujfa9va41pe1/00075.jpg,0.608158,1,1
/mnt/h200_dataset/saad/datasets/images/ancestree/ReWIND/1_fake/google_factcheck/FAKE/manaus-meets-the-amazon-rainforest-brazil-v0-6ujfa9va41pe1/00058.jpg,0.537588,1,1
/mnt/h200_dataset/saad/datasets/images/ancestree/ReWIND/1_fake/google_factcheck/FAKE/give-this-a-title-v0-wk5rj4p07vjf1/00269.webp,0.47827,0,1
/mnt/h200_dataset/saad/datasets/images/ancestree/ReWIND/1_fake/google_factcheck/FAKE/give-this-a-title-v0-wk5rj4p07vjf1/00265.jpg,0.898143,1,1
/mnt/h200_dataset/saad/datasets/images/ancestree/ReWIND/1_fake/google_factcheck/FAKE/give-this-a-title-v0-wk5rj4p07vjf1/00252.webp,0.766468,1,1
/mnt/h200_dataset/saad/datasets/images/ancestree/ReWIND/1_fake/google_factcheck/FAKE/give-this-a-title-v0-wk5rj4p07vjf1/00253.webp,0.639286,1,1
/mnt/h200_dataset/saad/datasets/images/ancestree/ReWIND/1_fake/google_factcheck/FAKE/give-this-a-title-v0-wk5rj4p07vjf1/00235.jpg,0.89039,1,1
/mnt/h200_dataset/saad/datasets/images/ancestree/ReWIND/1_fake/google_factcheck/FAKE/give-this-a-title-v0-wk5rj4p07vjf1/00267.jpg,0.895523,1,1
/mnt/h200_dataset/saad/datasets/images/ancestree/ReWIND/1_fake/google_factcheck/FAKE/give-this-a-title-v0-wk5rj4p07vjf1/00278.jpg,0.855911,1,1
/mnt/h200_dataset/saad/datasets/images/ancestree/ReWIND/1_fake/google_factcheck/FAKE/give-this-a-title-v0-wk5rj4p07vjf1/00282.jpg,0.556128,1,1
/mnt/h200_dataset/saad/datasets/images/ancestree/ReWIND/1_fake/google_factcheck/FAKE/give-this-a-title-v0-wk5rj4p07vjf1/00279.jpg,0.868437,1,1
/mnt/h200_dataset/saad/datasets/images/ancestree/ReWIND/1_fake/google_factcheck/FAKE/give-this-a-title-v0-wk5rj4p07vjf1/00260.png,0.878575,1,1
/mnt/h200_dataset/saad/datasets/images/ancestree/ReWIND/1_fake/google_factcheck/FAKE/give-this-a-title-v0-wk5rj4p07vjf1/00291.jpg,0.889241,1,1
/mnt/h200_dataset/saad/datasets/images/ancestree/ReWIND/1_fake/google_factcheck/FAKE/give-this-a-title-v0-wk5rj4p07vjf1/00275.jpg,0.887984,1,1
/mnt/h200_dataset/saad/datasets/images/ancestree/ReWIND/1_fake/google_factcheck/FAKE/give-this-a-title-v0-wk5rj4p07vjf1/00270.webp,0.789964,1,1
/mnt/h200_dataset/saad/datasets/images/ancestree/ReWIND/1_fake/google_factcheck/FAKE/give-this-a-title-v0-wk5rj4p07vjf1/00243.jpg,0.748995,1,1
/mnt/h200_dataset/saad/datasets/images/ancestree/ReWIND/1_fake/google_factcheck/FAKE/give-this-a-title-v0-wk5rj4p07vjf1/00239.jpg,0.896976,1,1
/mnt/h200_dataset/saad/datasets/images/ancestree/ReWIND/1_fake/google_factcheck/FAKE/give-this-a-title-v0-wk5rj4p07vjf1/00264.jpg,0.890199,1,1
/mnt/h200_dataset/saad/datasets/images/ancestree/ReWIND/1_fake/google_factcheck/FAKE/give-this-a-title-v0-wk5rj4p07vjf1/00283.jpg,0.776708,1,1
/mnt/h200_dataset/saad/datasets/images/ancestree/ReWIND/1_fake/google_factcheck/FAKE/give-this-a-title-v0-wk5rj4p07vjf1/00255.webp,0.895248,1,1
/mnt/h200_dataset/saad/datasets/images/ancestree/ReWIND/1_fake/google_factcheck/FAKE/give-this-a-title-v0-wk5rj4p07vjf1/00286.webp,0.652408,1,1
/mnt/h200_dataset/saad/datasets/images/ancestree/ReWIND/1_fake/google_factcheck/FAKE/give-this-a-title-v0-wk5rj4p07vjf1/00258.webp,0.889433,1,1
/mnt/h200_dataset/saad/datasets/images/ancestree/ReWIND/1_fake/google_factcheck/FAKE/give-this-a-title-v0-wk5rj4p07vjf1/00262.jpg,0.887302,1,1
/mnt/h200_dataset/saad/datasets/images/ancestree/ReWIND/1_fake/google_factcheck/FAKE/give-this-a-title-v0-wk5rj4p07vjf1/00280.jpg,0.711832,1,1
/mnt/h200_dataset/saad/datasets/images/ancestree/ReWIND/1_fake/google_factcheck/FAKE/give-this-a-title-v0-wk5rj4p07vjf1/00261.jpg,0.814201,1,1
/mnt/h200_dataset/saad/datasets/images/ancestree/ReWIND/1_fake/google_factcheck/FAKE/give-this-a-title-v0-wk5rj4p07vjf1/00254.webp,0.473939,0,1
/mnt/h200_dataset/saad/datasets/images/ancestree/ReWIND/1_fake/google_factcheck/FAKE/give-this-a-title-v0-wk5rj4p07vjf1/00242.jpg,0.589066,1,1
/mnt/h200_dataset/saad/datasets/images/ancestree/ReWIND/1_fake/google_factcheck/FAKE/give-this-a-title-v0-wk5rj4p07vjf1/00263.webp,0.876476,1,1
/mnt/h200_dataset/saad/datasets/images/ancestree/ReWIND/1_fake/google_factcheck/FAKE/give-this-a-title-v0-wk5rj4p07vjf1/00276.jpg,0.717754,1,1
/mnt/h200_dataset/saad/datasets/images/ancestree/ReWIND/1_fake/google_factcheck/FAKE/give-this-a-title-v0-wk5rj4p07vjf1/00273.jpg,0.402862,0,1
/mnt/h200_dataset/saad/datasets/images/ancestree/ReWIND/1_fake/google_factcheck/FAKE/give-this-a-title-v0-wk5rj4p07vjf1/00256.webp,0.684159,1,1
/mnt/h200_dataset/saad/datasets/images/ancestree/ReWIND/1_fake/google_factcheck/FAKE/give-this-a-title-v0-wk5rj4p07vjf1/00274.jpg,0.85022,1,1
/mnt/h200_dataset/saad/datasets/images/ancestree/ReWIND/1_fake/google_factcheck/FAKE/give-this-a-title-v0-wk5rj4p07vjf1/00241.jpg,0.897964,1,1
/mnt/h200_dataset/saad/datasets/images/ancestree/ReWIND/1_fake/google_factcheck/FAKE/give-this-a-title-v0-wk5rj4p07vjf1/00247.jpg,0.897964,1,1
/mnt/h200_dataset/saad/datasets/images/ancestree/ReWIND/1_fake/google_factcheck/FAKE/give-this-a-title-v0-wk5rj4p07vjf1/00284.jpg,0.681621,1,1
/mnt/h200_dataset/saad/datasets/images/ancestree/ReWIND/1_fake/google_factcheck/FAKE/give-this-a-title-v0-wk5rj4p07vjf1/00238.jpg,0.8985,1,1
/mnt/h200_dataset/saad/datasets/images/ancestree/ReWIND/1_fake/google_factcheck/FAKE/give-this-a-title-v0-wk5rj4p07vjf1/00266.jpg,0.897964,1,1
/mnt/h200_dataset/saad/datasets/images/ancestree/ReWIND/1_fake/google_factcheck/FAKE/give-this-a-title-v0-wk5rj4p07vjf1/00249.jpg,0.577168,1,1
/mnt/h200_dataset/saad/datasets/images/ancestree/ReWIND/1_fake/google_factcheck/FAKE/give-this-a-title-v0-wk5rj4p07vjf1/src.jpg,0.669745,1,1
/mnt/h200_dataset/saad/datasets/images/ancestree/ReWIND/1_fake/google_factcheck/FAKE/give-this-a-title-v0-wk5rj4p07vjf1/00288.jpg,0.767603,1,1
/mnt/h200_dataset/saad/datasets/images/ancestree/ReWIND/1_fake/google_factcheck/FAKE/give-this-a-title-v0-wk5rj4p07vjf1/00240.jpg,0.897336,1,1
/mnt/h200_dataset/saad/datasets/images/ancestree/ReWIND/1_fake/google_factcheck/FAKE/give-this-a-title-v0-wk5rj4p07vjf1/00285.jpg,0.558673,1,1
/mnt/h200_dataset/saad/datasets/images/ancestree/ReWIND/1_fake/google_factcheck/FAKE/give-this-a-title-v0-wk5rj4p07vjf1/00271.jpg,0.872728,1,1
/mnt/h200_dataset/saad/datasets/images/ancestree/ReWIND/1_fake/google_factcheck/FAKE/give-this-a-title-v0-wk5rj4p07vjf1/00259.jpg,0.566768,1,1
/mnt/h200_dataset/saad/datasets/images/ancestree/ReWIND/1_fake/google_factcheck/FAKE/give-this-a-title-v0-wk5rj4p07vjf1/00244.png,0.894144,1,1
/mnt/h200_dataset/saad/datasets/images/ancestree/ReWIND/1_fake/google_factcheck/FAKE/give-this-a-title-v0-wk5rj4p07vjf1/00287.jpg,0.763043,1,1
/mnt/h200_dataset/saad/datasets/images/ancestree/ReWIND/1_fake/google_factcheck/FAKE/give-this-a-title-v0-wk5rj4p07vjf1/00248.jpg,0.791741,1,1
/mnt/h200_dataset/saad/datasets/images/ancestree/ReWIND/1_fake/google_factcheck/FAKE/give-this-a-title-v0-wk5rj4p07vjf1/00268.jpg,0.888759,1,1
/mnt/h200_dataset/saad/datasets/images/ancestree/ReWIND/1_fake/google_factcheck/FAKE/give-this-a-title-v0-wk5rj4p07vjf1/00237.jpg,0.896251,1,1
/mnt/h200_dataset/saad/datasets/images/ancestree/ReWIND/1_fake/google_factcheck/FAKE/give-this-a-title-v0-wk5rj4p07vjf1/00290.jpg,0.900004,1,1
/mnt/h200_dataset/saad/datasets/images/ancestree/ReWIND/1_fake/google_factcheck/FAKE/give-this-a-title-v0-wk5rj4p07vjf1/00281.jpg,0.569164,1,1
/mnt/h200_dataset/saad/datasets/images/ancestree/ReWIND/1_fake/google_factcheck/FAKE/give-this-a-title-v0-wk5rj4p07vjf1/00289.jpg,0.892281,1,1
/mnt/h200_dataset/saad/datasets/images/ancestree/ReWIND/1_fake/google_factcheck/FAKE/give-this-a-title-v0-wk5rj4p07vjf1/00277.jpg,0.853852,1,1
/mnt/h200_dataset/saad/datasets/images/ancestree/ReWIND/1_fake/google_factcheck/FAKE/give-this-a-title-v0-wk5rj4p07vjf1/00236.jpg,0.255251,0,1
/mnt/h200_dataset/saad/datasets/images/ancestree/ReWIND/1_fake/google_factcheck/FAKE/give-this-a-title-v0-wk5rj4p07vjf1/00292.jpg,0.5149,1,1
/mnt/h200_dataset/saad/datasets/images/ancestree/ReWIND/1_fake/google_factcheck/FAKE/20250807_105540-1030x1030/00729.jpg,0.628692,1,1
/mnt/h200_dataset/saad/datasets/images/ancestree/ReWIND/1_fake/google_factcheck/FAKE/20250807_105540-1030x1030/00732.jpg,0.558613,1,1
/mnt/h200_dataset/saad/datasets/images/ancestree/ReWIND/1_fake/google_factcheck/FAKE/20250807_105540-1030x1030/00744.jpg,0.554576,1,1
/mnt/h200_dataset/saad/datasets/images/ancestree/ReWIND/1_fake/google_factcheck/FAKE/20250807_105540-1030x1030/00736.jpg,0.552313,1,1
/mnt/h200_dataset/saad/datasets/images/ancestree/ReWIND/1_fake/google_factcheck/FAKE/20250807_105540-1030x1030/00735.jpg,0.559079,1,1
/mnt/h200_dataset/saad/datasets/images/ancestree/ReWIND/1_fake/google_factcheck/FAKE/20250807_105540-1030x1030/00750.webp,0.583619,1,1
/mnt/h200_dataset/saad/datasets/images/ancestree/ReWIND/1_fake/google_factcheck/FAKE/20250807_105540-1030x1030/00747.jpg,0.586049,1,1
/mnt/h200_dataset/saad/datasets/images/ancestree/ReWIND/1_fake/google_factcheck/FAKE/20250807_105540-1030x1030/00737.jpg,0.498716,0,1
/mnt/h200_dataset/saad/datasets/images/ancestree/ReWIND/1_fake/google_factcheck/FAKE/20250807_105540-1030x1030/00749.jpg,0.57946,1,1
/mnt/h200_dataset/saad/datasets/images/ancestree/ReWIND/1_fake/google_factcheck/FAKE/20250807_105540-1030x1030/00741.webp,0.573708,1,1
/mnt/h200_dataset/saad/datasets/images/ancestree/ReWIND/1_fake/google_factcheck/FAKE/20250807_105540-1030x1030/src.jpg,0.572902,1,1
/mnt/h200_dataset/saad/datasets/images/ancestree/ReWIND/1_fake/google_factcheck/FAKE/20250807_105540-1030x1030/00728.jpg,0.559365,1,1
/mnt/h200_dataset/saad/datasets/images/ancestree/ReWIND/1_fake/google_factcheck/FAKE/20250807_105540-1030x1030/00742.jpg,0.541591,1,1
/mnt/h200_dataset/saad/datasets/images/ancestree/ReWIND/1_fake/google_factcheck/FAKE/20250807_105540-1030x1030/00739.jpg,0.57344,1,1
/mnt/h200_dataset/saad/datasets/images/ancestree/ReWIND/1_fake/google_factcheck/FAKE/20250807_105540-1030x1030/00738.png,0.554576,1,1
/mnt/h200_dataset/saad/datasets/images/ancestree/ReWIND/1_fake/google_factcheck/FAKE/20250807_105540-1030x1030/00746.jpg,0.562657,1,1
/mnt/h200_dataset/saad/datasets/images/ancestree/ReWIND/1_fake/google_factcheck/FAKE/20250807_105540-1030x1030/00751.jpg,0.567697,1,1
/mnt/h200_dataset/saad/datasets/images/ancestree/ReWIND/1_fake/google_factcheck/FAKE/3/00072.jpg,0.46563,0,1
/mnt/h200_dataset/saad/datasets/images/ancestree/ReWIND/1_fake/google_factcheck/FAKE/3/00112.jpg,0.517845,1,1
/mnt/h200_dataset/saad/datasets/images/ancestree/ReWIND/1_fake/google_factcheck/FAKE/3/00070.jpg,0.535751,1,1
/mnt/h200_dataset/saad/datasets/images/ancestree/ReWIND/1_fake/google_factcheck/FAKE/3/00105.jpg,0.535812,1,1
/mnt/h200_dataset/saad/datasets/images/ancestree/ReWIND/1_fake/google_factcheck/FAKE/3/00078.jpg,0.468859,0,1
/mnt/h200_dataset/saad/datasets/images/ancestree/ReWIND/1_fake/google_factcheck/FAKE/3/00071.jpg,0.446374,0,1
/mnt/h200_dataset/saad/datasets/images/ancestree/ReWIND/1_fake/google_factcheck/FAKE/3/00124.jpg,0.582758,1,1
/mnt/h200_dataset/saad/datasets/images/ancestree/ReWIND/1_fake/google_factcheck/FAKE/3/00117.jpg,0.554214,1,1
/mnt/h200_dataset/saad/datasets/images/ancestree/ReWIND/1_fake/google_factcheck/FAKE/3/00108.jpg,0.479984,0,1
/mnt/h200_dataset/saad/datasets/images/ancestree/ReWIND/1_fake/google_factcheck/FAKE/3/00101.jpg,0.612455,1,1
/mnt/h200_dataset/saad/datasets/images/ancestree/ReWIND/1_fake/google_factcheck/FAKE/3/00120.jpg,0.462761,0,1
/mnt/h200_dataset/saad/datasets/images/ancestree/ReWIND/1_fake/google_factcheck/FAKE/3/00104.jpg,0.548311,1,1
/mnt/h200_dataset/saad/datasets/images/ancestree/ReWIND/1_fake/google_factcheck/FAKE/3/00118.jpg,0.513139,1,1
/mnt/h200_dataset/saad/datasets/images/ancestree/ReWIND/1_fake/google_factcheck/FAKE/3/00082.jpg,0.439356,0,1
/mnt/h200_dataset/saad/datasets/images/ancestree/ReWIND/1_fake/google_factcheck/FAKE/3/00083.jpg,0.48995,0,1
/mnt/h200_dataset/saad/datasets/images/ancestree/ReWIND/1_fake/google_factcheck/FAKE/3/00099.jpg,0.49085,0,1
/mnt/h200_dataset/saad/datasets/images/ancestree/ReWIND/1_fake/google_factcheck/FAKE/3/00116.jpg,0.523184,1,1
/mnt/h200_dataset/saad/datasets/images/ancestree/ReWIND/1_fake/google_factcheck/FAKE/3/00125.jpg,0.473505,0,1
/mnt/h200_dataset/saad/datasets/images/ancestree/ReWIND/1_fake/google_factcheck/FAKE/3/00107.jpg,0.53317,1,1
/mnt/h200_dataset/saad/datasets/images/ancestree/ReWIND/1_fake/google_factcheck/FAKE/3/00087.jpg,0.601418,1,1
/mnt/h200_dataset/saad/datasets/images/ancestree/ReWIND/1_fake/google_factcheck/FAKE/3/00103.jpg,0.492524,0,1
/mnt/h200_dataset/saad/datasets/images/ancestree/ReWIND/1_fake/google_factcheck/FAKE/3/00076.jpg,0.468608,0,1
/mnt/h200_dataset/saad/datasets/images/ancestree/ReWIND/1_fake/google_factcheck/FAKE/3/00106.jpg,0.52899,1,1
/mnt/h200_dataset/saad/datasets/images/ancestree/ReWIND/1_fake/google_factcheck/FAKE/3/00102.jpg,0.602032,1,1
/mnt/h200_dataset/saad/datasets/images/ancestree/ReWIND/1_fake/google_factcheck/FAKE/3/00113.jpg,0.535539,1,1
/mnt/h200_dataset/saad/datasets/images/ancestree/ReWIND/1_fake/google_factcheck/FAKE/3/00073.jpg,0.460577,0,1
/mnt/h200_dataset/saad/datasets/images/ancestree/ReWIND/1_fake/google_factcheck/FAKE/3/00100.jpg,0.430088,0,1
/mnt/h200_dataset/saad/datasets/images/ancestree/ReWIND/1_fake/google_factcheck/FAKE/3/00114.jpg,0.561245,1,1
/mnt/h200_dataset/saad/datasets/images/ancestree/ReWIND/1_fake/google_factcheck/FAKE/3/00115.jpg,0.576542,1,1
/mnt/h200_dataset/saad/datasets/images/ancestree/ReWIND/1_fake/google_factcheck/FAKE/3/00111.jpg,0.528952,1,1
/mnt/h200_dataset/saad/datasets/images/ancestree/ReWIND/1_fake/google_factcheck/FAKE/3/00094.jpg,0.485078,0,1
/mnt/h200_dataset/saad/datasets/images/ancestree/ReWIND/1_fake/google_factcheck/FAKE/3/00079.jpg,0.468608,0,1
/mnt/h200_dataset/saad/datasets/images/ancestree/ReWIND/1_fake/google_factcheck/FAKE/3/00109.jpg,0.503915,1,1
/mnt/h200_dataset/saad/datasets/images/ancestree/ReWIND/1_fake/google_factcheck/FAKE/3/00127.jpg,0.471018,0,1
/mnt/h200_dataset/saad/datasets/images/ancestree/ReWIND/1_fake/google_factcheck/FAKE/3/00110.jpg,0.521958,1,1
/mnt/h200_dataset/saad/datasets/images/ancestree/ReWIND/1_fake/google_factcheck/FAKE/3/00121.jpg,0.490163,0,1
/mnt/h200_dataset/saad/datasets/images/ancestree/ReWIND/1_fake/google_factcheck/FAKE/3/00128.jpg,0.347482,0,1
/mnt/h200_dataset/saad/datasets/images/ancestree/ReWIND/1_fake/google_factcheck/FAKE/3/00126.jpg,0.499347,0,1
/mnt/h200_dataset/saad/datasets/images/ancestree/ReWIND/1_fake/google_factcheck/FAKE/3/00077.jpg,0.47387,0,1
/mnt/h200_dataset/saad/datasets/images/ancestree/ReWIND/1_fake/google_factcheck/FAKE/3/00075.jpg,0.476679,0,1
/mnt/h200_dataset/saad/datasets/images/ancestree/ReWIND/1_fake/google_factcheck/FAKE/67816b26213c9/00135.png,0.562537,1,1
/mnt/h200_dataset/saad/datasets/images/ancestree/ReWIND/1_fake/google_factcheck/FAKE/67816b26213c9/00160.jpg,0.616041,1,1
/mnt/h200_dataset/saad/datasets/images/ancestree/ReWIND/1_fake/google_factcheck/FAKE/67816b26213c9/00130.jpg,0.569763,1,1
/mnt/h200_dataset/saad/datasets/images/ancestree/ReWIND/1_fake/google_factcheck/FAKE/67816b26213c9/00112.jpg,0.612773,1,1
/mnt/h200_dataset/saad/datasets/images/ancestree/ReWIND/1_fake/google_factcheck/FAKE/67816b26213c9/00177.jpg,0.600159,1,1
/mnt/h200_dataset/saad/datasets/images/ancestree/ReWIND/1_fake/google_factcheck/FAKE/67816b26213c9/00133.png,0.469589,0,1
/mnt/h200_dataset/saad/datasets/images/ancestree/ReWIND/1_fake/google_factcheck/FAKE/67816b26213c9/00131.jpg,0.566648,1,1
/mnt/h200_dataset/saad/datasets/images/ancestree/ReWIND/1_fake/google_factcheck/FAKE/67816b26213c9/00175.png,0.562071,1,1
/mnt/h200_dataset/saad/datasets/images/ancestree/ReWIND/1_fake/google_factcheck/FAKE/67816b26213c9/00215.jpg,0.530275,1,1
/mnt/h200_dataset/saad/datasets/images/ancestree/ReWIND/1_fake/google_factcheck/FAKE/67816b26213c9/00124.jpg,0.5502,1,1
/mnt/h200_dataset/saad/datasets/images/ancestree/ReWIND/1_fake/google_factcheck/FAKE/67816b26213c9/00194.jpg,0.551876,1,1
/mnt/h200_dataset/saad/datasets/images/ancestree/ReWIND/1_fake/google_factcheck/FAKE/67816b26213c9/00117.jpg,0.393909,0,1
/mnt/h200_dataset/saad/datasets/images/ancestree/ReWIND/1_fake/google_factcheck/FAKE/67816b26213c9/00149.jpg,0.590838,1,1
/mnt/h200_dataset/saad/datasets/images/ancestree/ReWIND/1_fake/google_factcheck/FAKE/67816b26213c9/00205.png,0.607547,1,1
/mnt/h200_dataset/saad/datasets/images/ancestree/ReWIND/1_fake/google_factcheck/FAKE/67816b26213c9/00184.jpg,0.568236,1,1
/mnt/h200_dataset/saad/datasets/images/ancestree/ReWIND/1_fake/google_factcheck/FAKE/67816b26213c9/00174.jpg,0.562071,1,1
/mnt/h200_dataset/saad/datasets/images/ancestree/ReWIND/1_fake/google_factcheck/FAKE/67816b26213c9/00159.jpg,0.603289,1,1
/mnt/h200_dataset/saad/datasets/images/ancestree/ReWIND/1_fake/google_factcheck/FAKE/67816b26213c9/00150.jpg,0.612339,1,1
/mnt/h200_dataset/saad/datasets/images/ancestree/ReWIND/1_fake/google_factcheck/FAKE/67816b26213c9/00113.png,0.696217,1,1
/mnt/h200_dataset/saad/datasets/images/ancestree/ReWIND/1_fake/google_factcheck/FAKE/67816b26213c9/00168.jpg,0.579906,1,1
/mnt/h200_dataset/saad/datasets/images/ancestree/ReWIND/1_fake/google_factcheck/FAKE/67816b26213c9/00120.jpg,0.503426,1,1
/mnt/h200_dataset/saad/datasets/images/ancestree/ReWIND/1_fake/google_factcheck/FAKE/67816b26213c9/00214.jpg,0.231875,0,1
/mnt/h200_dataset/saad/datasets/images/ancestree/ReWIND/1_fake/google_factcheck/FAKE/67816b26213c9/00196.jpg,0.506256,1,1
/mnt/h200_dataset/saad/datasets/images/ancestree/ReWIND/1_fake/google_factcheck/FAKE/67816b26213c9/00213.jpg,0.616792,1,1
/mnt/h200_dataset/saad/datasets/images/ancestree/ReWIND/1_fake/google_factcheck/FAKE/67816b26213c9/00118.jpg,0.60903,1,1
/mnt/h200_dataset/saad/datasets/images/ancestree/ReWIND/1_fake/google_factcheck/FAKE/67816b26213c9/00147.jpg,0.590868,1,1
/mnt/h200_dataset/saad/datasets/images/ancestree/ReWIND/1_fake/google_factcheck/FAKE/67816b26213c9/00164.jpg,0.671901,1,1
/mnt/h200_dataset/saad/datasets/images/ancestree/ReWIND/1_fake/google_factcheck/FAKE/67816b26213c9/00144.jpg,0.570571,1,1
/mnt/h200_dataset/saad/datasets/images/ancestree/ReWIND/1_fake/google_factcheck/FAKE/67816b26213c9/00192.jpg,0.577049,1,1
/mnt/h200_dataset/saad/datasets/images/ancestree/ReWIND/1_fake/google_factcheck/FAKE/67816b26213c9/00212.jpg,0.58747,1,1
/mnt/h200_dataset/saad/datasets/images/ancestree/ReWIND/1_fake/google_factcheck/FAKE/67816b26213c9/00145.webp,0.618233,1,1
/mnt/h200_dataset/saad/datasets/images/ancestree/ReWIND/1_fake/google_factcheck/FAKE/67816b26213c9/00211.jpg,0.574544,1,1
/mnt/h200_dataset/saad/datasets/images/ancestree/ReWIND/1_fake/google_factcheck/FAKE/67816b26213c9/00158.jpg,0.587115,1,1
/mnt/h200_dataset/saad/datasets/images/ancestree/ReWIND/1_fake/google_factcheck/FAKE/67816b26213c9/00207.jpg,0.554666,1,1
/mnt/h200_dataset/saad/datasets/images/ancestree/ReWIND/1_fake/google_factcheck/FAKE/67816b26213c9/00204.jpg,0.583292,1,1
/mnt/h200_dataset/saad/datasets/images/ancestree/ReWIND/1_fake/google_factcheck/FAKE/67816b26213c9/00195.jpg,0.541379,1,1
/mnt/h200_dataset/saad/datasets/images/ancestree/ReWIND/1_fake/google_factcheck/FAKE/67816b26213c9/00165.jpg,0.475012,0,1
/mnt/h200_dataset/saad/datasets/images/ancestree/ReWIND/1_fake/google_factcheck/FAKE/67816b26213c9/00116.jpg,0.611817,1,1
/mnt/h200_dataset/saad/datasets/images/ancestree/ReWIND/1_fake/google_factcheck/FAKE/67816b26213c9/00220.jpg,0.518767,1,1
/mnt/h200_dataset/saad/datasets/images/ancestree/ReWIND/1_fake/google_factcheck/FAKE/67816b26213c9/00188.jpg,0.523976,1,1
/mnt/h200_dataset/saad/datasets/images/ancestree/ReWIND/1_fake/google_factcheck/FAKE/67816b26213c9/00153.jpg,0.582135,1,1
/mnt/h200_dataset/saad/datasets/images/ancestree/ReWIND/1_fake/google_factcheck/FAKE/67816b26213c9/src.webp,0.594257,1,1
/mnt/h200_dataset/saad/datasets/images/ancestree/ReWIND/1_fake/google_factcheck/FAKE/67816b26213c9/00202.webp,0.558854,1,1
/mnt/h200_dataset/saad/datasets/images/ancestree/ReWIND/1_fake/google_factcheck/FAKE/67816b26213c9/00182.jpg,0.581422,1,1
/mnt/h200_dataset/saad/datasets/images/ancestree/ReWIND/1_fake/google_factcheck/FAKE/67816b26213c9/00218.jpg,0.428861,0,1
/mnt/h200_dataset/saad/datasets/images/ancestree/ReWIND/1_fake/google_factcheck/FAKE/67816b26213c9/00178.webp,0.441011,0,1
/mnt/h200_dataset/saad/datasets/images/ancestree/ReWIND/1_fake/google_factcheck/FAKE/67816b26213c9/00176.jpg,0.567008,1,1
/mnt/h200_dataset/saad/datasets/images/ancestree/ReWIND/1_fake/google_factcheck/FAKE/67816b26213c9/00169.jpg,0.54577,1,1
/mnt/h200_dataset/saad/datasets/images/ancestree/ReWIND/1_fake/google_factcheck/FAKE/67816b26213c9/00136.jpg,0.47527,0,1
/mnt/h200_dataset/saad/datasets/images/ancestree/ReWIND/1_fake/google_factcheck/FAKE/67816b26213c9/00156.jpg,0.596521,1,1
/mnt/h200_dataset/saad/datasets/images/ancestree/ReWIND/1_fake/google_factcheck/FAKE/67816b26213c9/00197.jpg,0.548341,1,1
/mnt/h200_dataset/saad/datasets/images/ancestree/ReWIND/1_fake/google_factcheck/FAKE/67816b26213c9/00217.png,0.605362,1,1
/mnt/h200_dataset/saad/datasets/images/ancestree/ReWIND/1_fake/google_factcheck/FAKE/67816b26213c9/00140.jpg,0.591989,1,1
/mnt/h200_dataset/saad/datasets/images/ancestree/ReWIND/1_fake/google_factcheck/FAKE/67816b26213c9/00114.jpg,0.611817,1,1
/mnt/h200_dataset/saad/datasets/images/ancestree/ReWIND/1_fake/google_factcheck/FAKE/67816b26213c9/00183.jpg,0.58522,1,1
/mnt/h200_dataset/saad/datasets/images/ancestree/ReWIND/1_fake/google_factcheck/FAKE/67816b26213c9/00148.jpg,0.604165,1,1
/mnt/h200_dataset/saad/datasets/images/ancestree/ReWIND/1_fake/google_factcheck/FAKE/67816b26213c9/00115.jpg,0.602997,1,1
/mnt/h200_dataset/saad/datasets/images/ancestree/ReWIND/1_fake/google_factcheck/FAKE/67816b26213c9/00134.jpg,0.562867,1,1
/mnt/h200_dataset/saad/datasets/images/ancestree/ReWIND/1_fake/google_factcheck/FAKE/67816b26213c9/00155.jpg,0.597549,1,1
/mnt/h200_dataset/saad/datasets/images/ancestree/ReWIND/1_fake/google_factcheck/FAKE/67816b26213c9/00139.jpg,0.590218,1,1
/mnt/h200_dataset/saad/datasets/images/ancestree/ReWIND/1_fake/google_factcheck/FAKE/67816b26213c9/00206.jpg,0.636071,1,1
/mnt/h200_dataset/saad/datasets/images/ancestree/ReWIND/1_fake/google_factcheck/FAKE/67816b26213c9/00151.jpg,0.599397,1,1
/mnt/h200_dataset/saad/datasets/images/ancestree/ReWIND/1_fake/google_factcheck/FAKE/67816b26213c9/00157.png,0.600393,1,1
/mnt/h200_dataset/saad/datasets/images/ancestree/ReWIND/1_fake/google_factcheck/FAKE/67816b26213c9/00122.jpg,0.591664,1,1
/mnt/h200_dataset/saad/datasets/images/ancestree/ReWIND/1_fake/google_factcheck/FAKE/67816b26213c9/00163.jpg,0.621397,1,1
/mnt/h200_dataset/saad/datasets/images/ancestree/ReWIND/1_fake/google_factcheck/FAKE/67816b26213c9/00216.jpg,0.196055,0,1
/mnt/h200_dataset/saad/datasets/images/ancestree/ReWIND/1_fake/google_factcheck/FAKE/67816b26213c9/00119.jpg,0.609321,1,1
/mnt/h200_dataset/saad/datasets/images/ancestree/ReWIND/1_fake/google_factcheck/FAKE/67816b26213c9/00111.jpg,0.599045,1,1
/mnt/h200_dataset/saad/datasets/images/ancestree/ReWIND/1_fake/google_factcheck/FAKE/67816b26213c9/00161.jpg,0.598664,1,1
/mnt/h200_dataset/saad/datasets/images/ancestree/ReWIND/1_fake/google_factcheck/FAKE/67816b26213c9/00203.jpg,0.594757,1,1
/mnt/h200_dataset/saad/datasets/images/ancestree/ReWIND/1_fake/google_factcheck/FAKE/67816b26213c9/00208.jpg,0.588505,1,1
/mnt/h200_dataset/saad/datasets/images/ancestree/ReWIND/1_fake/google_factcheck/FAKE/67816b26213c9/00170.jpg,0.639342,1,1
/mnt/h200_dataset/saad/datasets/images/ancestree/ReWIND/1_fake/google_factcheck/FAKE/67816b26213c9/00167.jpg,0.561831,1,1
/mnt/h200_dataset/saad/datasets/images/ancestree/ReWIND/1_fake/google_factcheck/FAKE/67816b26213c9/00172.png,0.583767,1,1
/mnt/h200_dataset/saad/datasets/images/ancestree/ReWIND/1_fake/google_factcheck/FAKE/67816b26213c9/00181.webp,0.528602,1,1
/mnt/h200_dataset/saad/datasets/images/ancestree/ReWIND/1_fake/google_factcheck/FAKE/67816b26213c9/00142.jpg,0.600803,1,1
/mnt/h200_dataset/saad/datasets/images/ancestree/ReWIND/1_fake/google_factcheck/FAKE/67816b26213c9/00186.jpg,0.569164,1,1
/mnt/h200_dataset/saad/datasets/images/ancestree/ReWIND/1_fake/google_factcheck/FAKE/67816b26213c9/00193.jpg,0.608565,1,1
/mnt/h200_dataset/saad/datasets/images/ancestree/ReWIND/1_fake/google_factcheck/FAKE/67816b26213c9/00123.jpg,0.508453,1,1
/mnt/h200_dataset/saad/datasets/images/ancestree/ReWIND/1_fake/google_factcheck/FAKE/67816b26213c9/00185.jpg,0.58166,1,1
/mnt/h200_dataset/saad/datasets/images/ancestree/ReWIND/1_fake/google_factcheck/FAKE/67816b26213c9/00173.jpg,0.686265,1,1
/mnt/h200_dataset/saad/datasets/images/ancestree/ReWIND/1_fake/google_factcheck/FAKE/67816b26213c9/00129.jpg,0.656658,1,1
/mnt/h200_dataset/saad/datasets/images/ancestree/ReWIND/1_fake/google_factcheck/FAKE/67816b26213c9/00125.webp,0.328045,0,1
/mnt/h200_dataset/saad/datasets/images/ancestree/ReWIND/1_fake/google_factcheck/FAKE/67816b26213c9/00210.jpg,0.525186,1,1
/mnt/h200_dataset/saad/datasets/images/ancestree/ReWIND/1_fake/google_factcheck/FAKE/67816b26213c9/00127.jpg,0.226441,0,1
/mnt/h200_dataset/saad/datasets/images/ancestree/ReWIND/1_fake/google_factcheck/FAKE/67816b26213c9/00219.jpg,0.514549,1,1
/mnt/h200_dataset/saad/datasets/images/ancestree/ReWIND/1_fake/google_factcheck/FAKE/67816b26213c9/00166.jpg,0.557213,1,1
/mnt/h200_dataset/saad/datasets/images/ancestree/ReWIND/1_fake/google_factcheck/FAKE/67816b26213c9/00121.jpg,0.585249,1,1
/mnt/h200_dataset/saad/datasets/images/ancestree/ReWIND/1_fake/google_factcheck/FAKE/67816b26213c9/00141.jpg,0.599339,1,1
/mnt/h200_dataset/saad/datasets/images/ancestree/ReWIND/1_fake/google_factcheck/FAKE/67816b26213c9/00171.webp,0.622402,1,1
/mnt/h200_dataset/saad/datasets/images/ancestree/ReWIND/1_fake/google_factcheck/FAKE/67816b26213c9/00128.jpg,0.672547,1,1
/mnt/h200_dataset/saad/datasets/images/ancestree/ReWIND/1_fake/google_factcheck/FAKE/67816b26213c9/00126.jpg,0.606061,1,1
/mnt/h200_dataset/saad/datasets/images/ancestree/ReWIND/1_fake/google_factcheck/FAKE/67816b26213c9/00180.jpg,0.46756,0,1
/mnt/h200_dataset/saad/datasets/images/ancestree/ReWIND/1_fake/google_factcheck/FAKE/67816b26213c9/00209.jpg,0.566408,1,1
/mnt/h200_dataset/saad/datasets/images/ancestree/ReWIND/1_fake/google_factcheck/FAKE/16/00233.jpg,0.492692,0,1
/mnt/h200_dataset/saad/datasets/images/ancestree/ReWIND/1_fake/google_factcheck/FAKE/16/00230.jpg,0.553973,1,1
/mnt/h200_dataset/saad/datasets/images/ancestree/ReWIND/1_fake/google_factcheck/FAKE/16/00226.jpg,0.556776,1,1
/mnt/h200_dataset/saad/datasets/images/ancestree/ReWIND/1_fake/google_factcheck/FAKE/16/00228.jpg,0.554817,1,1
/mnt/h200_dataset/saad/datasets/images/ancestree/ReWIND/1_fake/google_factcheck/FAKE/16/00223.jpg,0.532623,1,1
/mnt/h200_dataset/saad/datasets/images/ancestree/ReWIND/1_fake/google_factcheck/FAKE/16/00231.jpg,0.591576,1,1
/mnt/h200_dataset/saad/datasets/images/ancestree/ReWIND/1_fake/google_factcheck/FAKE/16/00232.jpg,0.578478,1,1
/mnt/h200_dataset/saad/datasets/images/ancestree/ReWIND/1_fake/google_factcheck/FAKE/16/00225.jpg,0.559064,1,1
/mnt/h200_dataset/saad/datasets/images/ancestree/ReWIND/1_fake/google_factcheck/FAKE/16/00222.jpg,0.545694,1,1
/mnt/h200_dataset/saad/datasets/images/ancestree/ReWIND/1_fake/google_factcheck/FAKE/16/00224.jpg,0.574365,1,1
/mnt/h200_dataset/saad/datasets/images/ancestree/ReWIND/1_fake/google_factcheck/FAKE/16/00227.jpg,0.559802,1,1
/mnt/h200_dataset/saad/datasets/images/ancestree/ReWIND/1_fake/viral_bfree/FAKE/FrsZsv0WcAARGLs/img05936.jpg,0.837221,1,1
/mnt/h200_dataset/saad/datasets/images/ancestree/ReWIND/1_fake/viral_bfree/FAKE/FrsZsv0WcAARGLs/img05908.jpg,0.722772,1,1
/mnt/h200_dataset/saad/datasets/images/ancestree/ReWIND/1_fake/viral_bfree/FAKE/FrsZsv0WcAARGLs/img05976.jpg,0.861305,1,1
/mnt/h200_dataset/saad/datasets/images/ancestree/ReWIND/1_fake/viral_bfree/FAKE/FrsZsv0WcAARGLs/img05889.jpg,0.848282,1,1
/mnt/h200_dataset/saad/datasets/images/ancestree/ReWIND/1_fake/viral_bfree/FAKE/FrsZsv0WcAARGLs/img05904.webp,0.745398,1,1
/mnt/h200_dataset/saad/datasets/images/ancestree/ReWIND/1_fake/viral_bfree/FAKE/FrsZsv0WcAARGLs/img05933.jpg,0.89921,1,1
/mnt/h200_dataset/saad/datasets/images/ancestree/ReWIND/1_fake/viral_bfree/FAKE/FrsZsv0WcAARGLs/img05914.jpg,0.880746,1,1
/mnt/h200_dataset/saad/datasets/images/ancestree/ReWIND/1_fake/viral_bfree/FAKE/FrsZsv0WcAARGLs/img05920.jpg,0.691549,1,1
/mnt/h200_dataset/saad/datasets/images/ancestree/ReWIND/1_fake/viral_bfree/FAKE/FrsZsv0WcAARGLs/img05947.jpg,0.829423,1,1
/mnt/h200_dataset/saad/datasets/images/ancestree/ReWIND/1_fake/viral_bfree/FAKE/FrsZsv0WcAARGLs/img05941.jpg,0.81946,1,1
/mnt/h200_dataset/saad/datasets/images/ancestree/ReWIND/1_fake/viral_bfree/FAKE/FrsZsv0WcAARGLs/img05880.jpg,0.854582,1,1
/mnt/h200_dataset/saad/datasets/images/ancestree/ReWIND/1_fake/viral_bfree/FAKE/FrsZsv0WcAARGLs/img05915.jpg,0.880746,1,1
/mnt/h200_dataset/saad/datasets/images/ancestree/ReWIND/1_fake/viral_bfree/FAKE/FrsZsv0WcAARGLs/img05949.jpg,0.838746,1,1
/mnt/h200_dataset/saad/datasets/images/ancestree/ReWIND/1_fake/viral_bfree/FAKE/FrsZsv0WcAARGLs/img05948.jpg,0.837221,1,1
/mnt/h200_dataset/saad/datasets/images/ancestree/ReWIND/1_fake/viral_bfree/FAKE/FrsZsv0WcAARGLs/img05881.jpg,0.84241,1,1
/mnt/h200_dataset/saad/datasets/images/ancestree/ReWIND/1_fake/viral_bfree/FAKE/FrsZsv0WcAARGLs/img05944.jpg,0.840848,1,1
/mnt/h200_dataset/saad/datasets/images/ancestree/ReWIND/1_fake/viral_bfree/FAKE/FrsZsv0WcAARGLs/img05906.jpg,0.858066,1,1
/mnt/h200_dataset/saad/datasets/images/ancestree/ReWIND/1_fake/viral_bfree/FAKE/FrsZsv0WcAARGLs/img05937.jpg,0.861713,1,1
/mnt/h200_dataset/saad/datasets/images/ancestree/ReWIND/1_fake/viral_bfree/FAKE/FrsZsv0WcAARGLs/img05907.jpg,0.844858,1,1
/mnt/h200_dataset/saad/datasets/images/ancestree/ReWIND/1_fake/viral_bfree/FAKE/FrsZsv0WcAARGLs/img06022.jpg,0.391202,0,1
/mnt/h200_dataset/saad/datasets/images/ancestree/ReWIND/1_fake/viral_bfree/FAKE/FrsZsv0WcAARGLs/img05919.jpg,0.861538,1,1
/mnt/h200_dataset/saad/datasets/images/ancestree/ReWIND/1_fake/viral_bfree/FAKE/FrsZsv0WcAARGLs/img05910.png,0.749546,1,1
/mnt/h200_dataset/saad/datasets/images/ancestree/ReWIND/1_fake/viral_bfree/FAKE/FrsZsv0WcAARGLs/img05951.jpg,0.854582,1,1
/mnt/h200_dataset/saad/datasets/images/ancestree/ReWIND/1_fake/viral_bfree/FAKE/FrsZsv0WcAARGLs/img05924.jpg,0.861363,1,1
/mnt/h200_dataset/saad/datasets/images/ancestree/ReWIND/1_fake/viral_bfree/FAKE/FrsZsv0WcAARGLs/img05930.jpg,0.884937,1,1
/mnt/h200_dataset/saad/datasets/images/ancestree/ReWIND/1_fake/viral_bfree/FAKE/FrsZsv0WcAARGLs/img05963.jpg,0.86212,1,1
/mnt/h200_dataset/saad/datasets/images/ancestree/ReWIND/1_fake/viral_bfree/FAKE/FrsZsv0WcAARGLs/img06008.jpg,0.861713,1,1
/mnt/h200_dataset/saad/datasets/images/ancestree/ReWIND/1_fake/viral_bfree/FAKE/FrsZsv0WcAARGLs/img05882.jpg,0.86212,1,1
/mnt/h200_dataset/saad/datasets/images/ancestree/ReWIND/1_fake/viral_bfree/FAKE/FrsZsv0WcAARGLs/img05890.jpg,0.866867,1,1
/mnt/h200_dataset/saad/datasets/images/ancestree/ReWIND/1_fake/viral_bfree/FAKE/FrsZsv0WcAARGLs/img06021.jpg,0.76074,1,1
/mnt/h200_dataset/saad/datasets/images/ancestree/ReWIND/1_fake/viral_bfree/FAKE/FrsZsv0WcAARGLs/img05913.jpg,0.864482,1,1
/mnt/h200_dataset/saad/datasets/images/ancestree/ReWIND/1_fake/viral_bfree/FAKE/FrsZsv0WcAARGLs/img05905.jpg,0.811601,1,1
/mnt/h200_dataset/saad/datasets/images/ancestree/ReWIND/1_fake/viral_bfree/FAKE/FrsZsv0WcAARGLs/img05911.jpg,0.858778,1,1
/mnt/h200_dataset/saad/datasets/images/ancestree/ReWIND/1_fake/viral_bfree/FAKE/FrsZsv0WcAARGLs/img05883.jpg,0.861655,1,1
/mnt/h200_dataset/saad/datasets/images/ancestree/ReWIND/1_fake/viral_bfree/FAKE/FrsZsv0WcAARGLs/img05888.jpg,0.818954,1,1
/mnt/h200_dataset/saad/datasets/images/ancestree/ReWIND/1_fake/viral_bfree/FAKE/FrsZsv0WcAARGLs/img05921.webp,0.861829,1,1
/mnt/h200_dataset/saad/datasets/images/ancestree/ReWIND/1_fake/viral_bfree/FAKE/FrsZsv0WcAARGLs/img05942.jpg,0.84626,1,1
/mnt/h200_dataset/saad/datasets/images/ancestree/ReWIND/1_fake/viral_bfree/FAKE/FrsZsv0WcAARGLs/img05931.jpg,0.806624,1,1
/mnt/h200_dataset/saad/datasets/images/ancestree/ReWIND/1_fake/viral_bfree/FAKE/FrsZsv0WcAARGLs/img05932.jpg,0.841891,1,1
/mnt/h200_dataset/saad/datasets/images/ancestree/ReWIND/1_fake/viral_bfree/FAKE/FrsZsv0WcAARGLs/img05917.jpg,0.800224,1,1
/mnt/h200_dataset/saad/datasets/images/ancestree/ReWIND/1_fake/viral_bfree/FAKE/FsF6HuhXoAET9VZ/img03653.jpg,0.913291,1,1
/mnt/h200_dataset/saad/datasets/images/ancestree/ReWIND/1_fake/viral_bfree/FAKE/FsF6HuhXoAET9VZ/img03810.jpg,0.924483,1,1
/mnt/h200_dataset/saad/datasets/images/ancestree/ReWIND/1_fake/viral_bfree/FAKE/FsF6HuhXoAET9VZ/img03586.jpg,0.933734,1,1
/mnt/h200_dataset/saad/datasets/images/ancestree/ReWIND/1_fake/viral_bfree/FAKE/FsF6HuhXoAET9VZ/img03865.jpg,0.922552,1,1
/mnt/h200_dataset/saad/datasets/images/ancestree/ReWIND/1_fake/viral_bfree/FAKE/FsF6HuhXoAET9VZ/img04052.jpg,0.87982,1,1
/mnt/h200_dataset/saad/datasets/images/ancestree/ReWIND/1_fake/viral_bfree/FAKE/FsF6HuhXoAET9VZ/img03634.jpg,0.912981,1,1
/mnt/h200_dataset/saad/datasets/images/ancestree/ReWIND/1_fake/viral_bfree/FAKE/FsF6HuhXoAET9VZ/img04012.webp,0.887009,1,1
/mnt/h200_dataset/saad/datasets/images/ancestree/ReWIND/1_fake/viral_bfree/FAKE/FsF6HuhXoAET9VZ/img03874.webp,0.923247,1,1
/mnt/h200_dataset/saad/datasets/images/ancestree/ReWIND/1_fake/viral_bfree/FAKE/FsF6HuhXoAET9VZ/img03672.jpg,0.937726,1,1
/mnt/h200_dataset/saad/datasets/images/ancestree/ReWIND/1_fake/viral_bfree/FAKE/FsF6HuhXoAET9VZ/img03922.jpg,0.820685,1,1
/mnt/h200_dataset/saad/datasets/images/ancestree/ReWIND/1_fake/viral_bfree/FAKE/FsF6HuhXoAET9VZ/img04087.jpg,0.899828,1,1
/mnt/h200_dataset/saad/datasets/images/ancestree/ReWIND/1_fake/viral_bfree/FAKE/FsF6HuhXoAET9VZ/img03814.webp,0.933127,1,1
/mnt/h200_dataset/saad/datasets/images/ancestree/ReWIND/1_fake/viral_bfree/FAKE/FsF6HuhXoAET9VZ/img04025.jpg,0.909506,1,1
/mnt/h200_dataset/saad/datasets/images/ancestree/ReWIND/1_fake/viral_bfree/FAKE/FsF6HuhXoAET9VZ/img03940.jpg,0.920003,1,1
/mnt/h200_dataset/saad/datasets/images/ancestree/ReWIND/1_fake/viral_bfree/FAKE/FsF6HuhXoAET9VZ/img03597.jpg,0.919426,1,1
/mnt/h200_dataset/saad/datasets/images/ancestree/ReWIND/1_fake/viral_bfree/FAKE/FsF6HuhXoAET9VZ/img03754.jpg,0.918772,1,1
/mnt/h200_dataset/saad/datasets/images/ancestree/ReWIND/1_fake/viral_bfree/FAKE/FsF6HuhXoAET9VZ/img03911.png,0.923661,1,1
/mnt/h200_dataset/saad/datasets/images/ancestree/ReWIND/1_fake/viral_bfree/FAKE/FsF6HuhXoAET9VZ/img03912.jpg,0.87982,1,1
/mnt/h200_dataset/saad/datasets/images/ancestree/ReWIND/1_fake/viral_bfree/FAKE/FsF6HuhXoAET9VZ/img03927.jpg,0.909987,1,1
/mnt/h200_dataset/saad/datasets/images/ancestree/ReWIND/1_fake/viral_bfree/FAKE/FsF6HuhXoAET9VZ/img04086.jpg,0.568536,1,1
/mnt/h200_dataset/saad/datasets/images/ancestree/ReWIND/1_fake/viral_bfree/FAKE/FsF6HuhXoAET9VZ/img03857.jpg,0.918553,1,1
/mnt/h200_dataset/saad/datasets/images/ancestree/ReWIND/1_fake/viral_bfree/FAKE/FsF6HuhXoAET9VZ/img03867.webp,0.928668,1,1
/mnt/h200_dataset/saad/datasets/images/ancestree/ReWIND/1_fake/viral_bfree/FAKE/FsF6HuhXoAET9VZ/img03793.jpg,0.898321,1,1
/mnt/h200_dataset/saad/datasets/images/ancestree/ReWIND/1_fake/viral_bfree/FAKE/FsF6HuhXoAET9VZ/img04081.webp,0.653569,1,1
/mnt/h200_dataset/saad/datasets/images/ancestree/ReWIND/1_fake/viral_bfree/FAKE/FsF6HuhXoAET9VZ/img03748.jpg,0.919136,1,1
/mnt/h200_dataset/saad/datasets/images/ancestree/ReWIND/1_fake/viral_bfree/FAKE/FsF6HuhXoAET9VZ/img03825.jpg,0.921074,1,1
/mnt/h200_dataset/saad/datasets/images/ancestree/ReWIND/1_fake/viral_bfree/FAKE/FsF6HuhXoAET9VZ/img03906.png,0.920361,1,1
/mnt/h200_dataset/saad/datasets/images/ancestree/ReWIND/1_fake/viral_bfree/FAKE/FsF6HuhXoAET9VZ/img03629.png,0.926769,1,1
/mnt/h200_dataset/saad/datasets/images/ancestree/ReWIND/1_fake/viral_bfree/FAKE/FsF6HuhXoAET9VZ/img04031.jpg,0.901227,1,1
/mnt/h200_dataset/saad/datasets/images/ancestree/ReWIND/1_fake/viral_bfree/FAKE/FsF6HuhXoAET9VZ/img03827.jpg,0.920718,1,1
/mnt/h200_dataset/saad/datasets/images/ancestree/ReWIND/1_fake/viral_bfree/FAKE/FsF6HuhXoAET9VZ/img03809.jpg,0.928084,1,1
/mnt/h200_dataset/saad/datasets/images/ancestree/ReWIND/1_fake/viral_bfree/FAKE/FsF6HuhXoAET9VZ/img03804.webp,0.928733,1,1
/mnt/h200_dataset/saad/datasets/images/ancestree/ReWIND/1_fake/viral_bfree/FAKE/FsF6HuhXoAET9VZ/img03965.jpg,0.860955,1,1
/mnt/h200_dataset/saad/datasets/images/ancestree/ReWIND/1_fake/viral_bfree/FAKE/FsF6HuhXoAET9VZ/img03755.jpg,0.926769,1,1
/mnt/h200_dataset/saad/datasets/images/ancestree/ReWIND/1_fake/viral_bfree/FAKE/FsF6HuhXoAET9VZ/img04010.jpg,0.932083,1,1
/mnt/h200_dataset/saad/datasets/images/ancestree/ReWIND/1_fake/viral_bfree/FAKE/FsF6HuhXoAET9VZ/img03640.jpg,0.928862,1,1
/mnt/h200_dataset/saad/datasets/images/ancestree/ReWIND/1_fake/viral_bfree/FAKE/FsF6HuhXoAET9VZ/img03777.png,0.9314,1,1
/mnt/h200_dataset/saad/datasets/images/ancestree/ReWIND/1_fake/viral_bfree/FAKE/FsF6HuhXoAET9VZ/img04003.jpg,0.884639,1,1
/mnt/h200_dataset/saad/datasets/images/ancestree/ReWIND/1_fake/viral_bfree/FAKE/FsF6HuhXoAET9VZ/img03603.jpg,0.930332,1,1
/mnt/h200_dataset/saad/datasets/images/ancestree/ReWIND/1_fake/viral_bfree/FAKE/FsF6HuhXoAET9VZ/img03933.jpg,0.929184,1,1
/mnt/h200_dataset/saad/datasets/images/ancestree/ReWIND/1_fake/viral_bfree/FAKE/FsF6HuhXoAET9VZ/img04040.png,0.943295,1,1
/mnt/h200_dataset/saad/datasets/images/ancestree/ReWIND/1_fake/viral_bfree/FAKE/FsF6HuhXoAET9VZ/img03657.jpg,0.921711,1,1
/mnt/h200_dataset/saad/datasets/images/ancestree/ReWIND/1_fake/viral_bfree/FAKE/FsF6HuhXoAET9VZ/img04037.jpg,0.775435,1,1
/mnt/h200_dataset/saad/datasets/images/ancestree/ReWIND/1_fake/viral_bfree/FAKE/FsF6HuhXoAET9VZ/img04026.png,0.928409,1,1
/mnt/h200_dataset/saad/datasets/images/ancestree/ReWIND/1_fake/viral_bfree/FAKE/FsF6HuhXoAET9VZ/img03659.jpg,0.798658,1,1
/mnt/h200_dataset/saad/datasets/images/ancestree/ReWIND/1_fake/viral_bfree/FAKE/FsF6HuhXoAET9VZ/img03623.jpg,0.916783,1,1
/mnt/h200_dataset/saad/datasets/images/ancestree/ReWIND/1_fake/viral_bfree/FAKE/FsF6HuhXoAET9VZ/img03771.jpg,0.915432,1,1
/mnt/h200_dataset/saad/datasets/images/ancestree/ReWIND/1_fake/viral_bfree/FAKE/FsF6HuhXoAET9VZ/img04033.jpg,0.919715,1,1
/mnt/h200_dataset/saad/datasets/images/ancestree/ReWIND/1_fake/viral_bfree/FAKE/FsF6HuhXoAET9VZ/img03844.jpg,0.812793,1,1
/mnt/h200_dataset/saad/datasets/images/ancestree/ReWIND/1_fake/viral_bfree/FAKE/FsF6HuhXoAET9VZ/img03796.jpg,0.928733,1,1
/mnt/h200_dataset/saad/datasets/images/ancestree/ReWIND/1_fake/viral_bfree/FAKE/FsF6HuhXoAET9VZ/img04004.jpg,0.918991,1,1
/mnt/h200_dataset/saad/datasets/images/ancestree/ReWIND/1_fake/viral_bfree/FAKE/FsF6HuhXoAET9VZ/img04066.png,0.918334,1,1
/mnt/h200_dataset/saad/datasets/images/ancestree/ReWIND/1_fake/viral_bfree/FAKE/FsF6HuhXoAET9VZ/img04013.jpg,0.757884,1,1
/mnt/h200_dataset/saad/datasets/images/ancestree/ReWIND/1_fake/viral_bfree/FAKE/FsF6HuhXoAET9VZ/img04085.jpg,0.820972,1,1
/mnt/h200_dataset/saad/datasets/images/ancestree/ReWIND/1_fake/viral_bfree/FAKE/FsF6HuhXoAET9VZ/img04053.jpg,0.910306,1,1
/mnt/h200_dataset/saad/datasets/images/ancestree/ReWIND/1_fake/viral_bfree/FAKE/FsF6HuhXoAET9VZ/img03893.jpg,0.873701,1,1
/mnt/h200_dataset/saad/datasets/images/ancestree/ReWIND/1_fake/viral_bfree/FAKE/FsF6HuhXoAET9VZ/img04015.jpg,0.912592,1,1
/mnt/h200_dataset/saad/datasets/images/ancestree/ReWIND/1_fake/viral_bfree/FAKE/FsF6HuhXoAET9VZ/img03909.jpg,0.900879,1,1
/mnt/h200_dataset/saad/datasets/images/ancestree/ReWIND/1_fake/viral_bfree/FAKE/FsF6HuhXoAET9VZ/img03682.jpg,0.787768,1,1
/mnt/h200_dataset/saad/datasets/images/ancestree/ReWIND/1_fake/viral_bfree/FAKE/FsF6HuhXoAET9VZ/img03801.jpg,0.920218,1,1
/mnt/h200_dataset/saad/datasets/images/ancestree/ReWIND/1_fake/viral_bfree/FAKE/FsF6HuhXoAET9VZ/img03910.jpg,0.919715,1,1
/mnt/h200_dataset/saad/datasets/images/ancestree/ReWIND/1_fake/viral_bfree/FAKE/FsF6HuhXoAET9VZ/img03881.jpg,0.917303,1,1
/mnt/h200_dataset/saad/datasets/images/ancestree/ReWIND/1_fake/viral_bfree/FAKE/FsF6HuhXoAET9VZ/img03950.webp,0.924891,1,1
/mnt/h200_dataset/saad/datasets/images/ancestree/ReWIND/1_fake/viral_bfree/FAKE/FsF6HuhXoAET9VZ/img03989.jpg,0.92297,1,1
/mnt/h200_dataset/saad/datasets/images/ancestree/ReWIND/1_fake/viral_bfree/FAKE/FsF6HuhXoAET9VZ/img03606.jpg,0.858066,1,1
/mnt/h200_dataset/saad/datasets/images/ancestree/ReWIND/1_fake/viral_bfree/FAKE/FsF6HuhXoAET9VZ/img03962.jpg,0.92157,1,1
/mnt/h200_dataset/saad/datasets/images/ancestree/ReWIND/1_fake/viral_bfree/FAKE/FsF6HuhXoAET9VZ/img04098.jpg,0.858778,1,1
/mnt/h200_dataset/saad/datasets/images/ancestree/ReWIND/1_fake/viral_bfree/FAKE/FsF6HuhXoAET9VZ/img04000.jpg,0.906156,1,1
/mnt/h200_dataset/saad/datasets/images/ancestree/ReWIND/1_fake/viral_bfree/FAKE/FsF6HuhXoAET9VZ/img03741.webp,0.918407,1,1
/mnt/h200_dataset/saad/datasets/images/ancestree/ReWIND/1_fake/viral_bfree/FAKE/FsF6HuhXoAET9VZ/img03832.jpg,0.930395,1,1
/mnt/h200_dataset/saad/datasets/images/ancestree/ReWIND/1_fake/viral_bfree/FAKE/FsF6HuhXoAET9VZ/img03626.png,0.932699,1,1
/mnt/h200_dataset/saad/datasets/images/ancestree/ReWIND/1_fake/viral_bfree/FAKE/FsF6HuhXoAET9VZ/img03602.jpg,0.884339,1,1
/mnt/h200_dataset/saad/datasets/images/ancestree/ReWIND/1_fake/viral_bfree/FAKE/FsF6HuhXoAET9VZ/img03848.webp,0.906239,1,1
/mnt/h200_dataset/saad/datasets/images/ancestree/ReWIND/1_fake/viral_bfree/FAKE/FsF6HuhXoAET9VZ/img03612.jpg,0.745954,1,1
/mnt/h200_dataset/saad/datasets/images/ancestree/ReWIND/1_fake/viral_bfree/FAKE/FsF6HuhXoAET9VZ/img03849.jpg,0.916783,1,1
/mnt/h200_dataset/saad/datasets/images/ancestree/ReWIND/1_fake/viral_bfree/FAKE/FsF6HuhXoAET9VZ/img03630.jpg,0.920576,1,1
/mnt/h200_dataset/saad/datasets/images/ancestree/ReWIND/1_fake/viral_bfree/FAKE/FsF6HuhXoAET9VZ/img03778.jpg,0.916409,1,1
/mnt/h200_dataset/saad/datasets/images/ancestree/ReWIND/1_fake/viral_bfree/FAKE/FsF6HuhXoAET9VZ/img03689.jpg,0.740831,1,1
/mnt/h200_dataset/saad/datasets/images/ancestree/ReWIND/1_fake/viral_bfree/FAKE/FsF6HuhXoAET9VZ/img03845.webp,0.89607,1,1
/mnt/h200_dataset/saad/datasets/images/ancestree/ReWIND/1_fake/viral_bfree/FAKE/FsF6HuhXoAET9VZ/img03920.jpg,0.577734,1,1
/mnt/h200_dataset/saad/datasets/images/ancestree/ReWIND/1_fake/viral_bfree/FAKE/FsF6HuhXoAET9VZ/img03772.jpg,0.932145,1,1
/mnt/h200_dataset/saad/datasets/images/ancestree/ReWIND/1_fake/viral_bfree/FAKE/FsF6HuhXoAET9VZ/img03860.jpg,0.921992,1,1
/mnt/h200_dataset/saad/datasets/images/ancestree/ReWIND/1_fake/viral_bfree/FAKE/FsF6HuhXoAET9VZ/img03820.jpg,0.917598,1,1
/mnt/h200_dataset/saad/datasets/images/ancestree/ReWIND/1_fake/viral_bfree/FAKE/FsF6HuhXoAET9VZ/img03915.jpg,0.918991,1,1
/mnt/h200_dataset/saad/datasets/images/ancestree/ReWIND/1_fake/viral_bfree/FAKE/FsF6HuhXoAET9VZ/img03935.png,0.928668,1,1
/mnt/h200_dataset/saad/datasets/images/ancestree/ReWIND/1_fake/viral_bfree/FAKE/FsF6HuhXoAET9VZ/img03615.png,0.936227,1,1
/mnt/h200_dataset/saad/datasets/images/ancestree/ReWIND/1_fake/viral_bfree/FAKE/FsF6HuhXoAET9VZ/img03783.jpg,0.911888,1,1
/mnt/h200_dataset/saad/datasets/images/ancestree/ReWIND/1_fake/viral_bfree/FAKE/FsF6HuhXoAET9VZ/img03914.jpg,0.917006,1,1
/mnt/h200_dataset/saad/datasets/images/ancestree/ReWIND/1_fake/viral_bfree/FAKE/FsF6HuhXoAET9VZ/img03758.jpg,0.916633,1,1
/mnt/h200_dataset/saad/datasets/images/ancestree/ReWIND/1_fake/viral_bfree/FAKE/FsF6HuhXoAET9VZ/img03908.jpg,0.919426,1,1
/mnt/h200_dataset/saad/datasets/images/ancestree/ReWIND/1_fake/viral_bfree/FAKE/FsF6HuhXoAET9VZ/img04094.png,0.935465,1,1
/mnt/h200_dataset/saad/datasets/images/ancestree/ReWIND/1_fake/viral_bfree/FAKE/FsF6HuhXoAET9VZ/img03589.jpg,0.745584,1,1
/mnt/h200_dataset/saad/datasets/images/ancestree/ReWIND/1_fake/viral_bfree/FAKE/FsF6HuhXoAET9VZ/img03807.jpg,0.931711,1,1
/mnt/h200_dataset/saad/datasets/images/ancestree/ReWIND/1_fake/viral_bfree/FAKE/FsF6HuhXoAET9VZ/img04100.jpg,0.717705,1,1
/mnt/h200_dataset/saad/datasets/images/ancestree/ReWIND/1_fake/viral_bfree/FAKE/FsF6HuhXoAET9VZ/img03861.jpg,0.898053,1,1
/mnt/h200_dataset/saad/datasets/images/ancestree/ReWIND/1_fake/viral_bfree/FAKE/FsF6HuhXoAET9VZ/img03786.jpg,0.92029,1,1
/mnt/h200_dataset/saad/datasets/images/ancestree/ReWIND/1_fake/viral_bfree/FAKE/FsF6HuhXoAET9VZ/img03960.jpg,0.864368,1,1
/mnt/h200_dataset/saad/datasets/images/ancestree/ReWIND/1_fake/viral_bfree/FAKE/FsF6HuhXoAET9VZ/img04057.jpg,0.900092,1,1
/mnt/h200_dataset/saad/datasets/images/ancestree/ReWIND/1_fake/viral_bfree/FAKE/FsF6HuhXoAET9VZ/img03665.webp,0.869604,1,1
/mnt/h200_dataset/saad/datasets/images/ancestree/ReWIND/1_fake/viral_bfree/FAKE/FsF6HuhXoAET9VZ/img03614.webp,0.931025,1,1
/mnt/h200_dataset/saad/datasets/images/ancestree/ReWIND/1_fake/viral_bfree/FAKE/FsF6HuhXoAET9VZ/img03929.jpg,0.895248,1,1
/mnt/h200_dataset/saad/datasets/images/ancestree/ReWIND/1_fake/viral_bfree/FAKE/FsF6HuhXoAET9VZ/img04018.jpg,0.912748,1,1
/mnt/h200_dataset/saad/datasets/images/ancestree/ReWIND/1_fake/viral_bfree/FAKE/FsF6HuhXoAET9VZ/img03917.jpg,0.919426,1,1
/mnt/h200_dataset/saad/datasets/images/ancestree/ReWIND/1_fake/viral_bfree/FAKE/FsF6HuhXoAET9VZ/img03737.jpg,0.912436,1,1
/mnt/h200_dataset/saad/datasets/images/ancestree/ReWIND/1_fake/viral_bfree/FAKE/FsF6HuhXoAET9VZ/img03745.jpg,0.936576,1,1
/mnt/h200_dataset/saad/datasets/images/ancestree/ReWIND/1_fake/viral_bfree/FAKE/FsF6HuhXoAET9VZ/img03590.jpg,0.706342,1,1
/mnt/h200_dataset/saad/datasets/images/ancestree/ReWIND/1_fake/viral_bfree/FAKE/FsF6HuhXoAET9VZ/img04055.webp,0.916633,1,1
/mnt/h200_dataset/saad/datasets/images/ancestree/ReWIND/1_fake/viral_bfree/FAKE/FsF6HuhXoAET9VZ/img03687.jpg,0.929376,1,1
/mnt/h200_dataset/saad/datasets/images/ancestree/ReWIND/1_fake/viral_bfree/FAKE/FsF6HuhXoAET9VZ/img03642.jpg,0.913677,1,1
/mnt/h200_dataset/saad/datasets/images/ancestree/ReWIND/1_fake/viral_bfree/FAKE/FsF6HuhXoAET9VZ/img03751.jpg,0.925027,1,1
/mnt/h200_dataset/saad/datasets/images/ancestree/ReWIND/1_fake/viral_bfree/FAKE/FsF6HuhXoAET9VZ/img04075.jpg,0.933309,1,1
/mnt/h200_dataset/saad/datasets/images/ancestree/ReWIND/1_fake/viral_bfree/FAKE/FsF6HuhXoAET9VZ/img03895.jpg,0.87142,1,1
/mnt/h200_dataset/saad/datasets/images/ancestree/ReWIND/1_fake/viral_bfree/FAKE/FsF6HuhXoAET9VZ/img03826.webp,0.918261,1,1
/mnt/h200_dataset/saad/datasets/images/ancestree/ReWIND/1_fake/viral_bfree/FAKE/FsF6HuhXoAET9VZ/img03789.jpg,0.920146,1,1
/mnt/h200_dataset/saad/datasets/images/ancestree/ReWIND/1_fake/viral_bfree/FAKE/FsF6HuhXoAET9VZ/img03871.png,0.936227,1,1
/mnt/h200_dataset/saad/datasets/images/ancestree/ReWIND/1_fake/viral_bfree/FAKE/FsF6HuhXoAET9VZ/img04021.jpg,0.912826,1,1
/mnt/h200_dataset/saad/datasets/images/ancestree/ReWIND/1_fake/viral_bfree/FAKE/FsF6HuhXoAET9VZ/img03829.png,0.933127,1,1
/mnt/h200_dataset/saad/datasets/images/ancestree/ReWIND/1_fake/viral_bfree/FAKE/FsF6HuhXoAET9VZ/img03903.jpg,0.900792,1,1
/mnt/h200_dataset/saad/datasets/images/ancestree/ReWIND/1_fake/viral_bfree/FAKE/FsF6HuhXoAET9VZ/img03967.jpg,0.927166,1,1
/mnt/h200_dataset/saad/datasets/images/ancestree/ReWIND/1_fake/viral_bfree/FAKE/FsF6HuhXoAET9VZ/img03969.jpg,0.91528,1,1
/mnt/h200_dataset/saad/datasets/images/ancestree/ReWIND/1_fake/viral_bfree/FAKE/FsF6HuhXoAET9VZ/img03788.jpg,0.920576,1,1
/mnt/h200_dataset/saad/datasets/images/ancestree/ReWIND/1_fake/viral_bfree/FAKE/FsF6HuhXoAET9VZ/img03981.png,0.918553,1,1
/mnt/h200_dataset/saad/datasets/images/ancestree/ReWIND/1_fake/viral_bfree/FAKE/FsF6HuhXoAET9VZ/img04072.jpg,0.857649,1,1
/mnt/h200_dataset/saad/datasets/images/ancestree/ReWIND/1_fake/viral_bfree/FAKE/FsF6HuhXoAET9VZ/img03951.png,0.924891,1,1
/mnt/h200_dataset/saad/datasets/images/ancestree/ReWIND/1_fake/viral_bfree/FAKE/FsF6HuhXoAET9VZ/img03795.jpg,0.926636,1,1
/mnt/h200_dataset/saad/datasets/images/ancestree/ReWIND/1_fake/viral_bfree/FAKE/FsF6HuhXoAET9VZ/img03646.png,0.933915,1,1
/mnt/h200_dataset/saad/datasets/images/ancestree/ReWIND/1_fake/viral_bfree/FAKE/FsF6HuhXoAET9VZ/img03679.jpg,0.919281,1,1
/mnt/h200_dataset/saad/datasets/images/ancestree/ReWIND/1_fake/viral_bfree/FAKE/FsF6HuhXoAET9VZ/img04071.jpg,0.941815,1,1
/mnt/h200_dataset/saad/datasets/images/ancestree/ReWIND/1_fake/viral_bfree/FAKE/FsF6HuhXoAET9VZ/img04045.jpg,0.657153,1,1
/mnt/h200_dataset/saad/datasets/images/ancestree/ReWIND/1_fake/viral_bfree/FAKE/FsF6HuhXoAET9VZ/img03884.jpg,0.899563,1,1
/mnt/h200_dataset/saad/datasets/images/ancestree/ReWIND/1_fake/viral_bfree/FAKE/FsF6HuhXoAET9VZ/img03872.jpg,0.126407,0,1
/mnt/h200_dataset/saad/datasets/images/ancestree/ReWIND/1_fake/viral_bfree/FAKE/FsF6HuhXoAET9VZ/img04054.jpg,0.923316,1,1
/mnt/h200_dataset/saad/datasets/images/ancestree/ReWIND/1_fake/viral_bfree/FAKE/FsF6HuhXoAET9VZ/img03880.png,0.923592,1,1
/mnt/h200_dataset/saad/datasets/images/ancestree/ReWIND/1_fake/viral_bfree/FAKE/FsF6HuhXoAET9VZ/img04063.jpg,0.884639,1,1
/mnt/h200_dataset/saad/datasets/images/ancestree/ReWIND/1_fake/viral_bfree/FAKE/FsF6HuhXoAET9VZ/img04099.jpg,0.825801,1,1
/mnt/h200_dataset/saad/datasets/images/ancestree/ReWIND/1_fake/viral_bfree/FAKE/FsF6HuhXoAET9VZ/img04079.jpg,0.884937,1,1
/mnt/h200_dataset/saad/datasets/images/ancestree/ReWIND/1_fake/viral_bfree/FAKE/FsF6HuhXoAET9VZ/img04032.jpg,0.276202,0,1
/mnt/h200_dataset/saad/datasets/images/ancestree/ReWIND/1_fake/viral_bfree/FAKE/FsF6HuhXoAET9VZ/img03610.jpg,0.916035,1,1
/mnt/h200_dataset/saad/datasets/images/ancestree/ReWIND/1_fake/viral_bfree/FAKE/FsF6HuhXoAET9VZ/img04046.jpg,0.923247,1,1
/mnt/h200_dataset/saad/datasets/images/ancestree/ReWIND/1_fake/viral_bfree/FAKE/FsF6HuhXoAET9VZ/img04060.jpg,0.914977,1,1
/mnt/h200_dataset/saad/datasets/images/ancestree/ReWIND/1_fake/viral_bfree/FAKE/FsF6HuhXoAET9VZ/img03864.jpg,0.918845,1,1
/mnt/h200_dataset/saad/datasets/images/ancestree/ReWIND/1_fake/viral_bfree/FAKE/FsF6HuhXoAET9VZ/img03805.jpg,0.931649,1,1
/mnt/h200_dataset/saad/datasets/images/ancestree/ReWIND/1_fake/viral_bfree/FAKE/FsF6HuhXoAET9VZ/img04047.jpg,0.90355,1,1
/mnt/h200_dataset/saad/datasets/images/ancestree/ReWIND/1_fake/viral_bfree/FAKE/FsF6HuhXoAET9VZ/img03952.png,0.928603,1,1
/mnt/h200_dataset/saad/datasets/images/ancestree/ReWIND/1_fake/viral_bfree/FAKE/FsF6HuhXoAET9VZ/img03800.jpg,0.917893,1,1
/mnt/h200_dataset/saad/datasets/images/ancestree/ReWIND/1_fake/viral_bfree/FAKE/FsF6HuhXoAET9VZ/img03868.jpg,0.904903,1,1
/mnt/h200_dataset/saad/datasets/images/ancestree/ReWIND/1_fake/viral_bfree/FAKE/FsF6HuhXoAET9VZ/img04036.jpg,0.701048,1,1
/mnt/h200_dataset/saad/datasets/images/ancestree/ReWIND/1_fake/viral_bfree/FAKE/FsF6HuhXoAET9VZ/img03838.png,0.912124,1,1
/mnt/h200_dataset/saad/datasets/images/ancestree/ReWIND/1_fake/viral_bfree/FAKE/FsF6HuhXoAET9VZ/img04005.jpg,0.91611,1,1
/mnt/h200_dataset/saad/datasets/images/ancestree/ReWIND/1_fake/viral_bfree/FAKE/FsF6HuhXoAET9VZ/img03945.webp,0.857231,1,1
/mnt/h200_dataset/saad/datasets/images/ancestree/ReWIND/1_fake/viral_bfree/FAKE/FsF6HuhXoAET9VZ/img03993.webp,0.446751,0,1
/mnt/h200_dataset/saad/datasets/images/ancestree/ReWIND/1_fake/viral_bfree/FAKE/FsF6HuhXoAET9VZ/img03658.jpg,0.910306,1,1
/mnt/h200_dataset/saad/datasets/images/ancestree/ReWIND/1_fake/viral_bfree/FAKE/FsF6HuhXoAET9VZ/img03855.webp,0.879613,1,1
/mnt/h200_dataset/saad/datasets/images/ancestree/ReWIND/1_fake/viral_bfree/FAKE/FsF6HuhXoAET9VZ/img03756.jpg,0.93611,1,1
/mnt/h200_dataset/saad/datasets/images/ancestree/ReWIND/1_fake/viral_bfree/FAKE/FsF6HuhXoAET9VZ/img03593.jpg,0.933734,1,1
/mnt/h200_dataset/saad/datasets/images/ancestree/ReWIND/1_fake/viral_bfree/FAKE/FsF6HuhXoAET9VZ/img03798.jpg,0.92297,1,1
/mnt/h200_dataset/saad/datasets/images/ancestree/ReWIND/1_fake/viral_bfree/FAKE/FsF6HuhXoAET9VZ/img03907.jpg,0.878262,1,1
/mnt/h200_dataset/saad/datasets/images/ancestree/ReWIND/1_fake/viral_bfree/FAKE/FsF6HuhXoAET9VZ/img03587.jpg,0.92029,1,1
/mnt/h200_dataset/saad/datasets/images/ancestree/ReWIND/1_fake/viral_bfree/FAKE/FsF6HuhXoAET9VZ/img03977.png,0.929184,1,1
/mnt/h200_dataset/saad/datasets/images/ancestree/ReWIND/1_fake/viral_bfree/FAKE/FsF6HuhXoAET9VZ/img03870.jpg,0.937268,1,1
/mnt/h200_dataset/saad/datasets/images/ancestree/ReWIND/1_fake/viral_bfree/FAKE/FsF6HuhXoAET9VZ/img04077.jpg,0.896433,1,1
/mnt/h200_dataset/saad/datasets/images/ancestree/ReWIND/1_fake/viral_bfree/FAKE/FsF6HuhXoAET9VZ/img03683.jpg,0.916035,1,1
/mnt/h200_dataset/saad/datasets/images/ancestree/ReWIND/1_fake/viral_bfree/FAKE/FsF6HuhXoAET9VZ/img03765.jpg,0.92029,1,1
/mnt/h200_dataset/saad/datasets/images/ancestree/ReWIND/1_fake/viral_bfree/FAKE/FsF6HuhXoAET9VZ/img03877.jpg,0.914673,1,1
/mnt/h200_dataset/saad/datasets/images/ancestree/ReWIND/1_fake/viral_bfree/FAKE/FsF6HuhXoAET9VZ/img04062.jpg,0.926237,1,1
/mnt/h200_dataset/saad/datasets/images/ancestree/ReWIND/1_fake/viral_bfree/FAKE/FsF6HuhXoAET9VZ/img03622.webp,0.915734,1,1
/mnt/h200_dataset/saad/datasets/images/ancestree/ReWIND/1_fake/viral_bfree/FAKE/FsF6HuhXoAET9VZ/img03889.jpg,0.745861,1,1
/mnt/h200_dataset/saad/datasets/images/ancestree/ReWIND/1_fake/viral_bfree/FAKE/FsF6HuhXoAET9VZ/img03853.jpg,0.915658,1,1
/mnt/h200_dataset/saad/datasets/images/ancestree/ReWIND/1_fake/viral_bfree/FAKE/FsF6HuhXoAET9VZ/img04050.png,0.818882,1,1
/mnt/h200_dataset/saad/datasets/images/ancestree/ReWIND/1_fake/viral_bfree/FAKE/FsF6HuhXoAET9VZ/img03847.jpg,0.915205,1,1
/mnt/h200_dataset/saad/datasets/images/ancestree/ReWIND/1_fake/viral_bfree/FAKE/FsF6HuhXoAET9VZ/img03928.jpg,0.906073,1,1
/mnt/h200_dataset/saad/datasets/images/ancestree/ReWIND/1_fake/viral_bfree/FAKE/FsF6HuhXoAET9VZ/img03802.png,0.933915,1,1
/mnt/h200_dataset/saad/datasets/images/ancestree/ReWIND/1_fake/viral_bfree/FAKE/FsF6HuhXoAET9VZ/img04069.jpg,0.913907,1,1
/mnt/h200_dataset/saad/datasets/images/ancestree/ReWIND/1_fake/viral_bfree/FAKE/FsF6HuhXoAET9VZ/img03846.jpg,0.794146,1,1
/mnt/h200_dataset/saad/datasets/images/ancestree/ReWIND/1_fake/viral_bfree/FAKE/FsF6HuhXoAET9VZ/img03749.jpg,0.92297,1,1
/mnt/h200_dataset/saad/datasets/images/ancestree/ReWIND/1_fake/viral_bfree/FAKE/FsF6HuhXoAET9VZ/img03866.jpg,0.932207,1,1
/mnt/h200_dataset/saad/datasets/images/ancestree/ReWIND/1_fake/viral_bfree/FAKE/FsF6HuhXoAET9VZ/img03854.jpg,0.917598,1,1
/mnt/h200_dataset/saad/datasets/images/ancestree/ReWIND/1_fake/viral_bfree/FAKE/FsF6HuhXoAET9VZ/img03664.jpg,0.916559,1,1
/mnt/h200_dataset/saad/datasets/images/ancestree/ReWIND/1_fake/viral_bfree/FAKE/FsF6HuhXoAET9VZ/img03957.png,0.924891,1,1
/mnt/h200_dataset/saad/datasets/images/ancestree/ReWIND/1_fake/viral_bfree/FAKE/FsF6HuhXoAET9VZ/img03766.jpg,0.916931,1,1
/mnt/h200_dataset/saad/datasets/images/ancestree/ReWIND/1_fake/viral_bfree/FAKE/FsF6HuhXoAET9VZ/img03961.jpg,0.870267,1,1
/mnt/h200_dataset/saad/datasets/images/ancestree/ReWIND/1_fake/viral_bfree/FAKE/FsF6HuhXoAET9VZ/img03941.png,0.935876,1,1
/mnt/h200_dataset/saad/datasets/images/ancestree/ReWIND/1_fake/viral_bfree/FAKE/FsF6HuhXoAET9VZ/img03691.jpg,0.919136,1,1
/mnt/h200_dataset/saad/datasets/images/ancestree/ReWIND/1_fake/viral_bfree/FAKE/FsF6HuhXoAET9VZ/img04084.png,0.937153,1,1
/mnt/h200_dataset/saad/datasets/images/ancestree/ReWIND/1_fake/viral_bfree/FAKE/FsF6HuhXoAET9VZ/img03688.webp,0.921852,1,1
/mnt/h200_dataset/saad/datasets/images/ancestree/ReWIND/1_fake/viral_bfree/FAKE/FsF6HuhXoAET9VZ/img03773.jpg,0.936634,1,1
/mnt/h200_dataset/saad/datasets/images/ancestree/ReWIND/1_fake/viral_bfree/FAKE/FsF6HuhXoAET9VZ/img03990.jpg,0.918991,1,1
/mnt/h200_dataset/saad/datasets/images/ancestree/ReWIND/1_fake/viral_bfree/FAKE/FsF6HuhXoAET9VZ/img03836.jpg,0.916708,1,1
/mnt/h200_dataset/saad/datasets/images/ancestree/ReWIND/1_fake/viral_bfree/FAKE/FsF6HuhXoAET9VZ/img03983.png,0.919136,1,1
/mnt/h200_dataset/saad/datasets/images/ancestree/ReWIND/1_fake/viral_bfree/FAKE/FsF6HuhXoAET9VZ/img03625.webp,0.897606,1,1
/mnt/h200_dataset/saad/datasets/images/ancestree/ReWIND/1_fake/viral_bfree/FAKE/FsF6HuhXoAET9VZ/img03600.jpg,0.755276,1,1
/mnt/h200_dataset/saad/datasets/images/ancestree/ReWIND/1_fake/viral_bfree/FAKE/FsF6HuhXoAET9VZ/img03938.jpg,0.921145,1,1
/mnt/h200_dataset/saad/datasets/images/ancestree/ReWIND/1_fake/viral_bfree/FAKE/FsF6HuhXoAET9VZ/img03934.jpg,0.830663,1,1
/mnt/h200_dataset/saad/datasets/images/ancestree/ReWIND/1_fake/viral_bfree/FAKE/FsF6HuhXoAET9VZ/img03859.png,0.934335,1,1
/mnt/h200_dataset/saad/datasets/images/ancestree/ReWIND/1_fake/viral_bfree/FAKE/FsF6HuhXoAET9VZ/img04073.png,0.907885,1,1
/mnt/h200_dataset/saad/datasets/images/ancestree/ReWIND/1_fake/viral_bfree/FAKE/FsF6HuhXoAET9VZ/img04056.jpg,0.932883,1,1
/mnt/h200_dataset/saad/datasets/images/ancestree/ReWIND/1_fake/viral_bfree/FAKE/FsF6HuhXoAET9VZ/img03887.jpg,0.865679,1,1
/mnt/h200_dataset/saad/datasets/images/ancestree/ReWIND/1_fake/viral_bfree/FAKE/FsF6HuhXoAET9VZ/img03764.jpg,0.91528,1,1
/mnt/h200_dataset/saad/datasets/images/ancestree/ReWIND/1_fake/viral_bfree/FAKE/FsF6HuhXoAET9VZ/img03676.jpg,0.918407,1,1
/mnt/h200_dataset/saad/datasets/images/ancestree/ReWIND/1_fake/viral_bfree/FAKE/FsF6HuhXoAET9VZ/img03992.png,0.921003,1,1
/mnt/h200_dataset/saad/datasets/images/ancestree/ReWIND/1_fake/viral_bfree/FAKE/FsF6HuhXoAET9VZ/img04082.jpg,0.926304,1,1
/mnt/h200_dataset/saad/datasets/images/ancestree/ReWIND/1_fake/viral_bfree/FAKE/FsF6HuhXoAET9VZ/img03882.jpg,0.916783,1,1
/mnt/h200_dataset/saad/datasets/images/ancestree/ReWIND/1_fake/viral_bfree/FAKE/FsF6HuhXoAET9VZ/img03834.jpg,0.914138,1,1
/mnt/h200_dataset/saad/datasets/images/ancestree/ReWIND/1_fake/viral_bfree/FAKE/FsF6HuhXoAET9VZ/img04092.jpg,0.919498,1,1
/mnt/h200_dataset/saad/datasets/images/ancestree/ReWIND/1_fake/viral_bfree/FAKE/FsF6HuhXoAET9VZ/img03972.jpg,0.93276,1,1
/mnt/h200_dataset/saad/datasets/images/ancestree/ReWIND/1_fake/viral_bfree/FAKE/FsF6HuhXoAET9VZ/img04038.jpg,0.907558,1,1
/mnt/h200_dataset/saad/datasets/images/ancestree/ReWIND/1_fake/viral_bfree/FAKE/FsF6HuhXoAET9VZ/img03770.jpg,0.907066,1,1
/mnt/h200_dataset/saad/datasets/images/ancestree/ReWIND/1_fake/viral_bfree/FAKE/FsF6HuhXoAET9VZ/img03959.jpg,0.921287,1,1
/mnt/h200_dataset/saad/datasets/images/ancestree/ReWIND/1_fake/viral_bfree/FAKE/FsF6HuhXoAET9VZ/img03662.png,0.933431,1,1
/mnt/h200_dataset/saad/datasets/images/ancestree/ReWIND/1_fake/viral_bfree/FAKE/FsF6HuhXoAET9VZ/img04011.jpg,0.907066,1,1
/mnt/h200_dataset/saad/datasets/images/ancestree/ReWIND/1_fake/viral_bfree/FAKE/FsF6HuhXoAET9VZ/img03760.jpg,0.905657,1,1
/mnt/h200_dataset/saad/datasets/images/ancestree/ReWIND/1_fake/viral_bfree/FAKE/FsF6HuhXoAET9VZ/img03794.jpg,0.924891,1,1
/mnt/h200_dataset/saad/datasets/images/ancestree/ReWIND/1_fake/viral_bfree/FAKE/FsF6HuhXoAET9VZ/img03811.jpg,0.933673,1,1
/mnt/h200_dataset/saad/datasets/images/ancestree/ReWIND/1_fake/viral_bfree/FAKE/FsF6HuhXoAET9VZ/img04074.webp,0.557394,1,1
/mnt/h200_dataset/saad/datasets/images/ancestree/ReWIND/1_fake/viral_bfree/FAKE/FsF6HuhXoAET9VZ/img03891.jpg,0.916931,1,1
/mnt/h200_dataset/saad/datasets/images/ancestree/ReWIND/1_fake/viral_bfree/FAKE/FsF6HuhXoAET9VZ/img03943.jpg,0.917672,1,1
/mnt/h200_dataset/saad/datasets/images/ancestree/ReWIND/1_fake/viral_bfree/FAKE/FsF6HuhXoAET9VZ/img03858.jpg,0.934932,1,1
/mnt/h200_dataset/saad/datasets/images/ancestree/ReWIND/1_fake/viral_bfree/FAKE/FsF6HuhXoAET9VZ/img04029.jpg,0.879199,1,1
/mnt/h200_dataset/saad/datasets/images/ancestree/ReWIND/1_fake/viral_bfree/FAKE/FsF6HuhXoAET9VZ/img03883.jpg,0.917303,1,1
/mnt/h200_dataset/saad/datasets/images/ancestree/ReWIND/1_fake/viral_bfree/FAKE/FsF6HuhXoAET9VZ/img04034.png,0.936692,1,1
/mnt/h200_dataset/saad/datasets/images/ancestree/ReWIND/1_fake/viral_bfree/FAKE/FsF6HuhXoAET9VZ/img04061.jpg,0.726231,1,1
/mnt/h200_dataset/saad/datasets/images/ancestree/ReWIND/1_fake/viral_bfree/FAKE/FsF6HuhXoAET9VZ/img03900.jpg,0.916484,1,1
/mnt/h200_dataset/saad/datasets/images/ancestree/ReWIND/1_fake/viral_bfree/FAKE/FsF6HuhXoAET9VZ/img03953.jpg,0.926835,1,1
/mnt/h200_dataset/saad/datasets/images/ancestree/ReWIND/1_fake/viral_bfree/FAKE/FsF6HuhXoAET9VZ/img03850.jpg,0.922552,1,1
/mnt/h200_dataset/saad/datasets/images/ancestree/ReWIND/1_fake/viral_bfree/FAKE/FsF6HuhXoAET9VZ/img04070.jpg,0.915583,1,1
/mnt/h200_dataset/saad/datasets/images/ancestree/ReWIND/1_fake/viral_bfree/FAKE/FsF6HuhXoAET9VZ/img03821.jpg,0.927034,1,1
/mnt/h200_dataset/saad/datasets/images/ancestree/ReWIND/1_fake/viral_bfree/FAKE/FsF6HuhXoAET9VZ/img04080.jpg,0.89039,1,1
/mnt/h200_dataset/saad/datasets/images/ancestree/ReWIND/1_fake/viral_bfree/FAKE/FsF6HuhXoAET9VZ/img04093.jpg,0.899563,1,1
/mnt/h200_dataset/saad/datasets/images/ancestree/ReWIND/1_fake/viral_bfree/FAKE/FsF6HuhXoAET9VZ/img03818.jpg,0.929951,1,1
/mnt/h200_dataset/saad/datasets/images/ancestree/ReWIND/1_fake/viral_bfree/FAKE/FsF6HuhXoAET9VZ/img03752.jpg,0.925432,1,1
/mnt/h200_dataset/saad/datasets/images/ancestree/ReWIND/1_fake/viral_bfree/FAKE/FsF6HuhXoAET9VZ/img03904.jpg,0.908942,1,1
/mnt/h200_dataset/saad/datasets/images/ancestree/ReWIND/1_fake/viral_bfree/FAKE/FsF6HuhXoAET9VZ/img03678.webp,0.904059,1,1
/mnt/h200_dataset/saad/datasets/images/ancestree/ReWIND/1_fake/viral_bfree/FAKE/FsF6HuhXoAET9VZ/img03975.jpg,0.872944,1,1
/mnt/h200_dataset/saad/datasets/images/ancestree/ReWIND/1_fake/viral_bfree/FAKE/FsF6HuhXoAET9VZ/img03955.jpg,0.91452,1,1
/mnt/h200_dataset/saad/datasets/images/ancestree/ReWIND/1_fake/viral_bfree/FAKE/FsF6HuhXoAET9VZ/img03892.png,0.910784,1,1
/mnt/h200_dataset/saad/datasets/images/ancestree/ReWIND/1_fake/viral_bfree/FAKE/FsF6HuhXoAET9VZ/img04089.jpg,0.911888,1,1
/mnt/h200_dataset/saad/datasets/images/ancestree/ReWIND/1_fake/viral_bfree/FAKE/FsF6HuhXoAET9VZ/img03894.jpg,0.865053,1,1
/mnt/h200_dataset/saad/datasets/images/ancestree/ReWIND/1_fake/viral_bfree/FAKE/FsF6HuhXoAET9VZ/img04041.jpg,0.9271,1,1
/mnt/h200_dataset/saad/datasets/images/ancestree/ReWIND/1_fake/viral_bfree/FAKE/FsF6HuhXoAET9VZ/img03680.jpg,0.902007,1,1
/mnt/h200_dataset/saad/datasets/images/ancestree/ReWIND/1_fake/viral_bfree/FAKE/FsF6HuhXoAET9VZ/img03782.jpg,0.916035,1,1
/mnt/h200_dataset/saad/datasets/images/ancestree/ReWIND/1_fake/viral_bfree/FAKE/FsF6HuhXoAET9VZ/img03886.png,0.89616,1,1
/mnt/h200_dataset/saad/datasets/images/ancestree/ReWIND/1_fake/viral_bfree/FAKE/FsF6HuhXoAET9VZ/img03774.jpg,0.885235,1,1
/mnt/h200_dataset/saad/datasets/images/ancestree/ReWIND/1_fake/viral_bfree/FAKE/FsF6HuhXoAET9VZ/img03763.jpg,0.919859,1,1
/mnt/h200_dataset/saad/datasets/images/ancestree/ReWIND/1_fake/viral_bfree/FAKE/FsF6HuhXoAET9VZ/img03769.jpg,0.899033,1,1
/mnt/h200_dataset/saad/datasets/images/ancestree/ReWIND/1_fake/viral_bfree/FAKE/FsF6HuhXoAET9VZ/img03824.jpg,0.929696,1,1
/mnt/h200_dataset/saad/datasets/images/ancestree/ReWIND/1_fake/viral_bfree/FAKE/FsF6HuhXoAET9VZ/img04059.jpg,0.84626,1,1
/mnt/h200_dataset/saad/datasets/images/ancestree/ReWIND/1_fake/viral_bfree/FAKE/FsF6HuhXoAET9VZ/img03670.jpg,0.914673,1,1
/mnt/h200_dataset/saad/datasets/images/ancestree/ReWIND/1_fake/viral_bfree/FAKE/FsF6HuhXoAET9VZ/img03980.jpg,0.903038,1,1
/mnt/h200_dataset/saad/datasets/images/ancestree/ReWIND/1_fake/viral_bfree/FAKE/FsF6HuhXoAET9VZ/img03947.jpg,0.898855,1,1
/mnt/h200_dataset/saad/datasets/images/ancestree/ReWIND/1_fake/viral_bfree/FAKE/FsF6HuhXoAET9VZ/img03759.jpg,0.892093,1,1
/mnt/h200_dataset/saad/datasets/images/ancestree/ReWIND/1_fake/viral_bfree/FAKE/FsF6HuhXoAET9VZ/img03747.jpg,0.917525,1,1
/mnt/h200_dataset/saad/datasets/images/ancestree/ReWIND/1_fake/viral_bfree/FAKE/FsF6HuhXoAET9VZ/img04020.jpg,0.862062,1,1
/mnt/h200_dataset/saad/datasets/images/ancestree/ReWIND/1_fake/viral_bfree/FAKE/FsF6HuhXoAET9VZ/img03775.jpg,0.889912,1,1
/mnt/h200_dataset/saad/datasets/images/ancestree/ReWIND/1_fake/viral_bfree/FAKE/FsF6HuhXoAET9VZ/img03792.jpg,0.912514,1,1
/mnt/h200_dataset/saad/datasets/images/ancestree/ReWIND/1_fake/viral_bfree/FAKE/FsF6HuhXoAET9VZ/img03902.jpg,0.913136,1,1
/mnt/h200_dataset/saad/datasets/images/ancestree/ReWIND/1_fake/viral_bfree/FAKE/FsF6HuhXoAET9VZ/img04035.png,0.879509,1,1
/mnt/h200_dataset/saad/datasets/images/ancestree/ReWIND/1_fake/viral_bfree/FAKE/FsF6HuhXoAET9VZ/img03942.jpg,0.91528,1,1
/mnt/h200_dataset/saad/datasets/images/ancestree/ReWIND/1_fake/viral_bfree/FAKE/FsF6HuhXoAET9VZ/img03666.jpg,0.91626,1,1
/mnt/h200_dataset/saad/datasets/images/ancestree/ReWIND/1_fake/viral_bfree/FAKE/FsF6HuhXoAET9VZ/img03598.jpg,0.901227,1,1
/mnt/h200_dataset/saad/datasets/images/ancestree/ReWIND/1_fake/viral_bfree/FAKE/FsF6HuhXoAET9VZ/img03596.jpg,0.914596,1,1
/mnt/h200_dataset/saad/datasets/images/ancestree/ReWIND/1_fake/viral_bfree/FAKE/FsF6HuhXoAET9VZ/img03944.jpg,0.921287,1,1
/mnt/h200_dataset/saad/datasets/images/ancestree/ReWIND/1_fake/viral_bfree/FAKE/FsF6HuhXoAET9VZ/img03964.png,0.924891,1,1
/mnt/h200_dataset/saad/datasets/images/ancestree/ReWIND/1_fake/viral_bfree/FAKE/FsF6HuhXoAET9VZ/img04023.jpg,0.924415,1,1
/mnt/h200_dataset/saad/datasets/images/ancestree/ReWIND/1_fake/viral_bfree/FAKE/FsF6HuhXoAET9VZ/img03949.jpg,0.871748,1,1
/mnt/h200_dataset/saad/datasets/images/ancestree/ReWIND/1_fake/viral_bfree/FAKE/FsF6HuhXoAET9VZ/img04051.png,0.906073,1,1
/mnt/h200_dataset/saad/datasets/images/ancestree/ReWIND/1_fake/viral_bfree/FAKE/FsF6HuhXoAET9VZ/img03948.jpg,0.847653,1,1
/mnt/h200_dataset/saad/datasets/images/ancestree/ReWIND/1_fake/viral_bfree/FAKE/FsF6HuhXoAET9VZ/img03806.jpg,0.935759,1,1
/mnt/h200_dataset/saad/datasets/images/ancestree/ReWIND/1_fake/viral_bfree/FAKE/FsF6HuhXoAET9VZ/img04064.webp,0.919281,1,1
/mnt/h200_dataset/saad/datasets/images/ancestree/ReWIND/1_fake/viral_bfree/FAKE/FsF6HuhXoAET9VZ/img03994.webp,0.933431,1,1
/mnt/h200_dataset/saad/datasets/images/ancestree/ReWIND/1_fake/viral_bfree/FAKE/FsF6HuhXoAET9VZ/img03924.webp,0.912981,1,1
/mnt/h200_dataset/saad/datasets/images/ancestree/ReWIND/1_fake/viral_bfree/FAKE/FsF6HuhXoAET9VZ/img03841.jpg,0.874238,1,1
/mnt/h200_dataset/saad/datasets/images/ancestree/ReWIND/1_fake/viral_bfree/FAKE/FsF6HuhXoAET9VZ/img04102.jpg,0.876793,1,1
/mnt/h200_dataset/saad/datasets/images/ancestree/ReWIND/1_fake/viral_bfree/FAKE/FsF6HuhXoAET9VZ/img04001.png,0.910784,1,1
/mnt/h200_dataset/saad/datasets/images/ancestree/ReWIND/1_fake/viral_bfree/FAKE/FsF6HuhXoAET9VZ/img04101.webp,0.905823,1,1
/mnt/h200_dataset/saad/datasets/images/ancestree/ReWIND/1_fake/viral_bfree/FAKE/FsF6HuhXoAET9VZ/img04017.jpg,0.731922,1,1
/mnt/h200_dataset/saad/datasets/images/ancestree/ReWIND/1_fake/viral_bfree/FAKE/FsF6HuhXoAET9VZ/img03988.png,0.920146,1,1
/mnt/h200_dataset/saad/datasets/images/ancestree/ReWIND/1_fake/viral_bfree/FAKE/FsF6HuhXoAET9VZ/img03761.webp,0.910784,1,1
/mnt/h200_dataset/saad/datasets/images/ancestree/ReWIND/1_fake/viral_bfree/FAKE/FsF6HuhXoAET9VZ/img03828.jpg,0.930458,1,1
/mnt/h200_dataset/saad/datasets/images/ancestree/ReWIND/1_fake/viral_bfree/FAKE/FsF6HuhXoAET9VZ/img03768.jpg,0.918114,1,1
/mnt/h200_dataset/saad/datasets/images/ancestree/ReWIND/1_fake/viral_bfree/FAKE/FsF6HuhXoAET9VZ/img03812.jpg,0.926237,1,1
/mnt/h200_dataset/saad/datasets/images/ancestree/ReWIND/1_fake/viral_bfree/FAKE/FsF6HuhXoAET9VZ/img04083.png,0.909425,1,1
/mnt/h200_dataset/saad/datasets/images/ancestree/ReWIND/1_fake/viral_bfree/FAKE/FsF6HuhXoAET9VZ/img03591.jpg,0.919859,1,1
/mnt/h200_dataset/saad/datasets/images/ancestree/ReWIND/1_fake/viral_bfree/FAKE/FsF6HuhXoAET9VZ/img03932.png,0.926503,1,1
/mnt/h200_dataset/saad/datasets/images/ancestree/ReWIND/1_fake/viral_bfree/FAKE/FsF6HuhXoAET9VZ/img03819.png,0.933127,1,1
/mnt/h200_dataset/saad/datasets/images/ancestree/ReWIND/1_fake/viral_bfree/FAKE/FsF6HuhXoAET9VZ/img04039.jpg,0.936227,1,1
/mnt/h200_dataset/saad/datasets/images/ancestree/ReWIND/1_fake/viral_bfree/FAKE/FsF6HuhXoAET9VZ/img03862.jpg,0.917006,1,1
/mnt/h200_dataset/saad/datasets/images/ancestree/ReWIND/1_fake/viral_bfree/FAKE/FsF6HuhXoAET9VZ/img03728.jpg,0.916035,1,1
/mnt/h200_dataset/saad/datasets/images/ancestree/ReWIND/1_fake/viral_bfree/FAKE/FsF6HuhXoAET9VZ/img03797.jpg,0.914825,1,1
/mnt/h200_dataset/saad/datasets/images/ancestree/ReWIND/1_fake/viral_bfree/FAKE/FsF6HuhXoAET9VZ/img03784.jpg,0.92029,1,1
/mnt/h200_dataset/saad/datasets/images/ancestree/ReWIND/1_fake/viral_bfree/FAKE/FsF6HuhXoAET9VZ/img03979.jpg,0.914673,1,1
/mnt/h200_dataset/saad/datasets/images/ancestree/ReWIND/1_fake/viral_bfree/FAKE/FsF6HuhXoAET9VZ/img03594.jpg,0.920576,1,1
/mnt/h200_dataset/saad/datasets/images/ancestree/ReWIND/1_fake/viral_bfree/FAKE/FsF6HuhXoAET9VZ/img03712.jpg,0.841631,1,1
/mnt/h200_dataset/saad/datasets/images/ancestree/ReWIND/1_fake/viral_bfree/FAKE/FsF6HuhXoAET9VZ/img03582.jpg,0.914749,1,1
/mnt/h200_dataset/saad/datasets/images/ancestree/ReWIND/1_fake/viral_bfree/FAKE/FsF6HuhXoAET9VZ/img04065.webp,0.905907,1,1
/mnt/h200_dataset/saad/datasets/images/ancestree/ReWIND/1_fake/viral_bfree/FAKE/FsF6HuhXoAET9VZ/img04027.jpg,0.919353,1,1
/mnt/h200_dataset/saad/datasets/images/ancestree/ReWIND/1_fake/viral_bfree/FAKE/FsF6HuhXoAET9VZ/img03790.png,0.915583,1,1
/mnt/h200_dataset/saad/datasets/images/ancestree/ReWIND/1_fake/viral_bfree/FAKE/FsF6HuhXoAET9VZ/img03905.jpg,0.90261,1,1
/mnt/h200_dataset/saad/datasets/images/ancestree/ReWIND/1_fake/viral_bfree/FAKE/FsF6HuhXoAET9VZ/img03843.webp,0.71408,1,1
/mnt/h200_dataset/saad/datasets/images/ancestree/ReWIND/1_fake/viral_bfree/FAKE/FsF6HuhXoAET9VZ/img03767.jpg,0.900617,1,1
/mnt/h200_dataset/saad/datasets/images/ancestree/ReWIND/1_fake/viral_bfree/FAKE/FsF6HuhXoAET9VZ/img03636.jpg,0.90723,1,1
/mnt/h200_dataset/saad/datasets/images/ancestree/ReWIND/1_fake/viral_bfree/FAKE/FsF6HuhXoAET9VZ/img04049.png,0.923936,1,1
/mnt/h200_dataset/saad/datasets/images/ancestree/ReWIND/1_fake/viral_bfree/FAKE/FsF6HuhXoAET9VZ/img03919.jpg,0.9271,1,1
/mnt/h200_dataset/saad/datasets/images/ancestree/ReWIND/1_fake/viral_bfree/FAKE/FsF6HuhXoAET9VZ/img03926.jpg,0.883538,1,1
/mnt/h200_dataset/saad/datasets/images/ancestree/ReWIND/1_fake/viral_bfree/FAKE/FsF6HuhXoAET9VZ/img03899.jpg,0.861247,1,1
/mnt/h200_dataset/saad/datasets/images/ancestree/ReWIND/1_fake/viral_bfree/FAKE/FsF6HuhXoAET9VZ/img04022.jpg,0.735262,1,1
/mnt/h200_dataset/saad/datasets/images/ancestree/ReWIND/1_fake/viral_bfree/FAKE/FsF6HuhXoAET9VZ/img03661.jpg,0.88054,1,1
/mnt/h200_dataset/saad/datasets/images/ancestree/ReWIND/1_fake/viral_bfree/FAKE/FsF6HuhXoAET9VZ/img03863.jpg,0.822902,1,1
/mnt/h200_dataset/saad/datasets/images/ancestree/ReWIND/1_fake/viral_bfree/FAKE/FsF6HuhXoAET9VZ/img03817.jpg,0.926968,1,1
/mnt/h200_dataset/saad/datasets/images/ancestree/ReWIND/1_fake/viral_bfree/FAKE/FsF6HuhXoAET9VZ/img03753.webp,0.921852,1,1
/mnt/h200_dataset/saad/datasets/images/ancestree/ReWIND/1_fake/viral_bfree/FAKE/FsF6HuhXoAET9VZ/img03973.jpg,0.918261,1,1
/mnt/h200_dataset/saad/datasets/images/ancestree/ReWIND/1_fake/viral_bfree/FAKE/FsF6HuhXoAET9VZ/img03628.jpg,0.926769,1,1
/mnt/h200_dataset/saad/datasets/images/ancestree/ReWIND/1_fake/viral_bfree/FAKE/FsF6HuhXoAET9VZ/img03822.jpg,0.922831,1,1
/mnt/h200_dataset/saad/datasets/images/ancestree/ReWIND/1_fake/viral_bfree/FAKE/FsF6HuhXoAET9VZ/img04009.png,0.915356,1,1
/mnt/h200_dataset/saad/datasets/images/ancestree/ReWIND/1_fake/viral_bfree/FAKE/FsF6HuhXoAET9VZ/img03991.webp,0.924824,1,1
/mnt/h200_dataset/saad/datasets/images/ancestree/ReWIND/1_fake/viral_bfree/FAKE/FsF6HuhXoAET9VZ/img04091.jpg,0.926769,1,1
/mnt/h200_dataset/saad/datasets/images/ancestree/ReWIND/1_fake/viral_bfree/FAKE/FsF6HuhXoAET9VZ/img03581.jpg,0.91957,1,1
/mnt/h200_dataset/saad/datasets/images/ancestree/ReWIND/1_fake/viral_bfree/FAKE/FsF6HuhXoAET9VZ/img03762.jpg,0.917893,1,1
/mnt/h200_dataset/saad/datasets/images/ancestree/ReWIND/1_fake/viral_bfree/FAKE/FsF6HuhXoAET9VZ/img04068.jpg,0.915658,1,1
/mnt/h200_dataset/saad/datasets/images/ancestree/ReWIND/1_fake/viral_bfree/FAKE/FsF6HuhXoAET9VZ/img03982.png,0.919136,1,1
/mnt/h200_dataset/saad/datasets/images/ancestree/ReWIND/1_fake/viral_bfree/FAKE/FsF6HuhXoAET9VZ/img03808.jpg,0.92597,1,1
/mnt/h200_dataset/saad/datasets/images/ancestree/ReWIND/1_fake/viral_bfree/FAKE/FsF6HuhXoAET9VZ/img03901.jpg,0.85183,1,1
/mnt/h200_dataset/saad/datasets/images/ancestree/ReWIND/1_fake/viral_bfree/FAKE/FsF6HuhXoAET9VZ/img04043.png,0.897246,1,1
/mnt/h200_dataset/saad/datasets/images/ancestree/ReWIND/1_fake/viral_bfree/FAKE/FsF6HuhXoAET9VZ/img03638.jpg,0.931525,1,1
/mnt/h200_dataset/saad/datasets/images/ancestree/ReWIND/1_fake/viral_bfree/FAKE/FsF6HuhXoAET9VZ/img04103.jpg,0.880746,1,1
/mnt/h200_dataset/saad/datasets/images/ancestree/ReWIND/1_fake/viral_bfree/FAKE/FsF6HuhXoAET9VZ/img03856.jpg,0.904059,1,1
/mnt/h200_dataset/saad/datasets/images/ancestree/ReWIND/1_fake/viral_bfree/FAKE/FsF6HuhXoAET9VZ/img03930.jpg,0.902007,1,1
/mnt/h200_dataset/saad/datasets/images/ancestree/ReWIND/1_fake/viral_bfree/FAKE/FsF6HuhXoAET9VZ/img03813.jpg,0.929184,1,1
/mnt/h200_dataset/saad/datasets/images/ancestree/ReWIND/1_fake/viral_bfree/FAKE/FsF6HuhXoAET9VZ/img03780.jpg,0.798737,1,1
/mnt/h200_dataset/saad/datasets/images/ancestree/ReWIND/1_fake/viral_bfree/FAKE/FsF6HuhXoAET9VZ/img03913.jpg,0.906488,1,1
/mnt/h200_dataset/saad/datasets/images/ancestree/ReWIND/1_fake/viral_bfree/FAKE/FsF6HuhXoAET9VZ/img04024.jpg,0.866415,1,1
/mnt/h200_dataset/saad/datasets/images/ancestree/ReWIND/1_fake/viral_bfree/FAKE/FsF6HuhXoAET9VZ/img03978.jpg,0.931774,1,1
/mnt/h200_dataset/saad/datasets/images/ancestree/ReWIND/1_fake/viral_bfree/FAKE/FsF6HuhXoAET9VZ/img03816.jpg,0.929568,1,1
/mnt/h200_dataset/saad/datasets/images/ancestree/ReWIND/1_fake/viral_bfree/FAKE/FsF6HuhXoAET9VZ/img03918.jpg,0.912124,1,1
/mnt/h200_dataset/saad/datasets/images/ancestree/ReWIND/1_fake/viral_bfree/FAKE/FsF6HuhXoAET9VZ/img03815.png,0.933127,1,1
/mnt/h200_dataset/saad/datasets/images/ancestree/ReWIND/1_fake/viral_bfree/FAKE/FsF6HuhXoAET9VZ/img03851.jpg,0.923385,1,1
/mnt/h200_dataset/saad/datasets/images/ancestree/ReWIND/1_fake/viral_bfree/FAKE/FsF6HuhXoAET9VZ/img03799.jpg,0.864139,1,1
/mnt/h200_dataset/saad/datasets/images/ancestree/ReWIND/1_fake/viral_bfree/FAKE/FsF6HuhXoAET9VZ/img03833.jpg,0.922552,1,1
/mnt/h200_dataset/saad/datasets/images/ancestree/ReWIND/1_fake/viral_bfree/FAKE/FsF6HuhXoAET9VZ/img03835.jpg,0.916857,1,1
/mnt/h200_dataset/saad/datasets/images/ancestree/ReWIND/1_fake/viral_bfree/FAKE/FsF6HuhXoAET9VZ/img03654.jpg,0.797241,1,1
/mnt/h200_dataset/saad/datasets/images/ancestree/ReWIND/1_fake/viral_bfree/FAKE/FsF6HuhXoAET9VZ/img04007.jpg,0.910942,1,1
/mnt/h200_dataset/saad/datasets/images/ancestree/ReWIND/1_fake/viral_bfree/FAKE/FsF6HuhXoAET9VZ/img03840.png,0.878887,1,1
/mnt/h200_dataset/saad/datasets/images/ancestree/ReWIND/1_fake/viral_bfree/FAKE/FsF6HuhXoAET9VZ/img04028.jpg,0.906322,1,1
/mnt/h200_dataset/saad/datasets/images/ancestree/ReWIND/1_fake/viral_bfree/FAKE/FsF6HuhXoAET9VZ/img03617.jpg,0.931711,1,1
/mnt/h200_dataset/saad/datasets/images/ancestree/ReWIND/1_fake/viral_bfree/FAKE/FsF6HuhXoAET9VZ/img03925.jpg,0.931836,1,1
/mnt/h200_dataset/saad/datasets/images/ancestree/ReWIND/1_fake/viral_bfree/FAKE/FsF6HuhXoAET9VZ/img03757.jpg,0.916335,1,1
/mnt/h200_dataset/saad/datasets/images/ancestree/ReWIND/1_fake/viral_bfree/FAKE/FsF6HuhXoAET9VZ/img03946.jpg,0.903209,1,1
/mnt/h200_dataset/saad/datasets/images/ancestree/ReWIND/1_fake/viral_bfree/FAKE/FsF6HuhXoAET9VZ/img04048.png,0.931275,1,1
/mnt/h200_dataset/saad/datasets/images/ancestree/ReWIND/1_fake/viral_bfree/FAKE/FsF6HuhXoAET9VZ/img03616.jpg,0.919426,1,1
/mnt/h200_dataset/saad/datasets/images/ancestree/ReWIND/1_fake/viral_bfree/FAKE/FsF6HuhXoAET9VZ/img03609.jpg,0.914061,1,1
/mnt/h200_dataset/saad/datasets/images/ancestree/ReWIND/1_fake/viral_bfree/FAKE/FsF6HuhXoAET9VZ/img03956.jpg,0.880643,1,1
/mnt/h200_dataset/saad/datasets/images/ancestree/ReWIND/1_fake/viral_bfree/FAKE/FsF6HuhXoAET9VZ/img03970.jpg,0.92462,1,1
/mnt/h200_dataset/saad/datasets/images/ancestree/ReWIND/1_fake/viral_bfree/FAKE/FsF6HuhXoAET9VZ/img03601.jpg,0.901401,1,1
/mnt/h200_dataset/saad/datasets/images/ancestree/ReWIND/1_fake/viral_bfree/FAKE/FsF6HuhXoAET9VZ/img03998.jpg,0.891811,1,1
/mnt/h200_dataset/saad/datasets/images/ancestree/ReWIND/1_fake/viral_bfree/FAKE/FsF6HuhXoAET9VZ/img04030.jpg,0.84916,1,1
/mnt/h200_dataset/saad/datasets/images/ancestree/ReWIND/1_fake/viral_bfree/FAKE/FsF6HuhXoAET9VZ/img03897.png,0.933127,1,1
/mnt/h200_dataset/saad/datasets/images/ancestree/ReWIND/1_fake/viral_bfree/FAKE/FsF6HuhXoAET9VZ/img03803.jpg,0.932207,1,1
/mnt/h200_dataset/saad/datasets/images/ancestree/ReWIND/1_fake/viral_bfree/FAKE/FsF6HuhXoAET9VZ/img04095.jpg,0.911101,1,1
/mnt/h200_dataset/saad/datasets/images/ancestree/ReWIND/1_fake/viral_bfree/FAKE/FsF6HuhXoAET9VZ/img03779.jpg,0.916409,1,1
/mnt/h200_dataset/saad/datasets/images/ancestree/ReWIND/1_fake/viral_bfree/FAKE/FsF6HuhXoAET9VZ/img03787.jpg,0.916857,1,1
/mnt/h200_dataset/saad/datasets/images/ancestree/ReWIND/1_fake/viral_bfree/FAKE/FsF6HuhXoAET9VZ/img03746.jpg,0.915884,1,1
/mnt/h200_dataset/saad/datasets/images/ancestree/ReWIND/1_fake/viral_bfree/FAKE/FsF6HuhXoAET9VZ/img03879.webp,0.88642,1,1
/mnt/h200_dataset/saad/datasets/images/ancestree/ReWIND/1_fake/viral_bfree/FAKE/FsF6HuhXoAET9VZ/img03785.jpg,0.91957,1,1
/mnt/h200_dataset/saad/datasets/images/ancestree/ReWIND/1_fake/viral_bfree/FAKE/FsF6HuhXoAET9VZ/img03896.jpg,0.917006,1,1
/mnt/h200_dataset/saad/datasets/images/ancestree/ReWIND/1_fake/viral_bfree/FAKE/FsF6HuhXoAET9VZ/img03686.png,0.9271,1,1
/mnt/h200_dataset/saad/datasets/images/ancestree/ReWIND/1_fake/viral_bfree/FAKE/FsF6HuhXoAET9VZ/img04058.png,0.931774,1,1
/mnt/h200_dataset/saad/datasets/images/ancestree/ReWIND/1_fake/viral_bfree/FAKE/FsF6HuhXoAET9VZ/img03873.jpg,0.892469,1,1
/mnt/h200_dataset/saad/datasets/images/ancestree/ReWIND/1_fake/viral_bfree/FAKE/FsF6HuhXoAET9VZ/img03885.jpg,0.933491,1,1
/mnt/h200_dataset/saad/datasets/images/ancestree/ReWIND/1_fake/viral_bfree/FAKE/FsF6HuhXoAET9VZ/img03888.jpg,0.920718,1,1
/mnt/h200_dataset/saad/datasets/images/ancestree/ReWIND/1_fake/viral_bfree/FAKE/FsF6HuhXoAET9VZ/img03595.jpg,0.919715,1,1
/mnt/h200_dataset/saad/datasets/images/ancestree/ReWIND/1_fake/viral_bfree/FAKE/FsF6HuhXoAET9VZ/img03721.jpg,0.920576,1,1
/mnt/h200_dataset/saad/datasets/images/ancestree/ReWIND/1_fake/viral_bfree/FAKE/FsF6HuhXoAET9VZ/img04014.png,0.933431,1,1
/mnt/h200_dataset/saad/datasets/images/ancestree/ReWIND/1_fake/viral_bfree/FAKE/FsF6HuhXoAET9VZ/img03963.jpg,0.905907,1,1
/mnt/h200_dataset/saad/datasets/images/ancestree/ReWIND/1_fake/viral_bfree/FAKE/FsF6HuhXoAET9VZ/img04019.webp,0.902867,1,1
/mnt/h200_dataset/saad/datasets/images/ancestree/ReWIND/1_fake/viral_bfree/FAKE/FsF6HuhXoAET9VZ/img03921.jpg,0.915809,1,1
/mnt/h200_dataset/saad/datasets/images/ancestree/ReWIND/1_fake/viral_bfree/FAKE/FsF6HuhXoAET9VZ/img03923.jpg,0.938407,1,1
/mnt/h200_dataset/saad/datasets/images/ancestree/ReWIND/1_fake/viral_bfree/FAKE/FsF6HuhXoAET9VZ/img03985.jpg,0.919136,1,1
/mnt/h200_dataset/saad/datasets/images/ancestree/ReWIND/1_fake/viral_bfree/FAKE/FsF6HuhXoAET9VZ/img04008.jpg,0.902352,1,1
/mnt/h200_dataset/saad/datasets/images/ancestree/ReWIND/1_fake/viral_bfree/FAKE/FsF6HuhXoAET9VZ/img03627.png,0.931025,1,1
/mnt/h200_dataset/saad/datasets/images/ancestree/ReWIND/1_fake/viral_bfree/FAKE/FsF6HuhXoAET9VZ/img03750.jpg,0.74055,1,1
/mnt/h200_dataset/saad/datasets/images/ancestree/ReWIND/1_fake/viral_bfree/FAKE/FsF6HuhXoAET9VZ/img03939.jpg,0.916931,1,1
/mnt/h200_dataset/saad/datasets/images/ancestree/ReWIND/1_fake/viral_bfree/FAKE/FsF6HuhXoAET9VZ/img03641.jpg,0.916857,1,1
/mnt/h200_dataset/saad/datasets/images/ancestree/ReWIND/1_fake/viral_bfree/FAKE/FsF6HuhXoAET9VZ/img04016.jpg,0.912826,1,1
/mnt/h200_dataset/saad/datasets/images/ancestree/ReWIND/1_fake/viral_bfree/FAKE/FsF6HuhXoAET9VZ/img03619.jpg,0.901401,1,1
/mnt/h200_dataset/saad/datasets/images/ancestree/ReWIND/1_fake/viral_bfree/FAKE/FsF6HuhXoAET9VZ/img03974.jpg,0.918772,1,1
/mnt/h200_dataset/saad/datasets/images/ancestree/ReWIND/1_fake/viral_bfree/FAKE/FsF6HuhXoAET9VZ/img03878.png,0.873701,1,1
/mnt/h200_dataset/saad/datasets/images/ancestree/ReWIND/1_fake/viral_bfree/FAKE/FsF6HuhXoAET9VZ/img04044.jpg,0.889625,1,1
/mnt/h200_dataset/saad/datasets/images/ancestree/ReWIND/1_fake/viral_bfree/FAKE/FsF6HuhXoAET9VZ/img03898.jpg,0.898232,1,1
/mnt/h200_dataset/saad/datasets/images/ancestree/ReWIND/1_fake/viral_bfree/FAKE/FsF6HuhXoAET9VZ/img03876.jpg,0.874399,1,1
/mnt/h200_dataset/saad/datasets/images/ancestree/ReWIND/1_fake/viral_bfree/FAKE/FsF6HuhXoAET9VZ/img03667.jpg,0.914977,1,1
/mnt/h200_dataset/saad/datasets/images/ancestree/ReWIND/1_fake/viral_bfree/FAKE/FsF6HuhXoAET9VZ/img04002.jpg,0.908699,1,1
/mnt/h200_dataset/saad/datasets/images/ancestree/ReWIND/1_fake/viral_bfree/FAKE/FsF6HuhXoAET9VZ/img03831.png,0.933127,1,1
/mnt/h200_dataset/saad/datasets/images/ancestree/ReWIND/1_fake/viral_bfree/FAKE/FsF6HuhXoAET9VZ/img04042.webp,0.928084,1,1
/mnt/h200_dataset/saad/datasets/images/ancestree/ReWIND/1_fake/viral_bfree/FAKE/FsF6HuhXoAET9VZ/img03837.jpg,0.930774,1,1
/mnt/h200_dataset/saad/datasets/images/ancestree/ReWIND/1_fake/viral_bfree/FAKE/FsF6HuhXoAET9VZ/img03995.jpg,0.895888,1,1
/mnt/h200_dataset/saad/datasets/images/ancestree/ReWIND/1_fake/viral_bfree/FAKE/FsF6HuhXoAET9VZ/img03776.jpg,0.91708,1,1
/mnt/h200_dataset/saad/datasets/images/ancestree/ReWIND/1_fake/viral_bfree/FAKE/FsF6HuhXoAET9VZ/img04090.jpg,0.626067,1,1
/mnt/h200_dataset/saad/datasets/images/ancestree/ReWIND/1_fake/viral_bfree/FAKE/FsF6HuhXoAET9VZ/img03984.jpg,0.832577,1,1
/mnt/h200_dataset/saad/datasets/images/ancestree/ReWIND/1_fake/viral_bfree/FAKE/FsF6HuhXoAET9VZ/img03823.jpg,0.931587,1,1
/mnt/h200_dataset/saad/datasets/images/ancestree/ReWIND/1_fake/viral_bfree/FAKE/FsF6HuhXoAET9VZ/img03611.jpg,0.851274,1,1
/mnt/h200_dataset/saad/datasets/images/ancestree/ReWIND/1_fake/viral_bfree/FAKE/FsF6HuhXoAET9VZ/img03986.jpg,0.931836,1,1
/mnt/h200_dataset/saad/datasets/images/ancestree/ReWIND/1_fake/viral_bfree/FAKE/FsF6HuhXoAET9VZ/img03618.jpg,0.932883,1,1
/mnt/h200_dataset/saad/datasets/images/ancestree/ReWIND/1_fake/viral_bfree/FAKE/FsF6HuhXoAET9VZ/img03839.jpg,0.920218,1,1
/mnt/h200_dataset/saad/datasets/images/ancestree/ReWIND/1_fake/viral_bfree/FAKE/FsF6HuhXoAET9VZ/img03936.jpg,0.932883,1,1
/mnt/h200_dataset/saad/datasets/images/ancestree/ReWIND/1_fake/viral_bfree/FAKE/FsF6HuhXoAET9VZ/img03987.jpg,0.924415,1,1
/mnt/h200_dataset/saad/datasets/images/ancestree/ReWIND/1_fake/viral_bfree/FAKE/FsF6HuhXoAET9VZ/img04006.webp,0.915356,1,1
/mnt/h200_dataset/saad/datasets/images/ancestree/ReWIND/1_fake/viral_bfree/FAKE/FsF6HuhXoAET9VZ/img03852.png,0.881513,1,1
/mnt/h200_dataset/saad/datasets/images/ancestree/ReWIND/1_fake/viral_bfree/FAKE/FsF6HuhXoAET9VZ/img04078.jpg,0.920576,1,1
/mnt/h200_dataset/saad/datasets/images/ancestree/ReWIND/1_fake/viral_bfree/FAKE/FsF6HuhXoAET9VZ/img03954.jpg,0.92157,1,1
/mnt/h200_dataset/saad/datasets/images/ancestree/ReWIND/1_fake/viral_bfree/FAKE/FsF6HuhXoAET9VZ/img03931.jpg,0.913677,1,1
/mnt/h200_dataset/saad/datasets/images/ancestree/ReWIND/1_fake/viral_bfree/FAKE/FsF6HuhXoAET9VZ/img03656.jpg,0.922761,1,1
/mnt/h200_dataset/saad/datasets/images/ancestree/ReWIND/1_fake/viral_bfree/FAKE/FsF6HuhXoAET9VZ/img03875.jpg,0.92029,1,1
/mnt/h200_dataset/saad/datasets/images/ancestree/ReWIND/1_fake/viral_bfree/FAKE/FsF6HuhXoAET9VZ/img04076.jpg,0.889433,1,1
/mnt/h200_dataset/saad/datasets/images/ancestree/ReWIND/1_fake/viral_bfree/FAKE/FsF6HuhXoAET9VZ/img03791.jpg,0.898767,1,1
/mnt/h200_dataset/saad/datasets/images/ancestree/ReWIND/1_fake/viral_bfree/FAKE/FsF6HuhXoAET9VZ/img03937.jpg,0.922273,1,1
/mnt/h200_dataset/saad/datasets/images/ancestree/ReWIND/1_fake/viral_bfree/FAKE/FrsY488WAAA7x9r/img05702.jpg,0.53692,1,1
/mnt/h200_dataset/saad/datasets/images/ancestree/ReWIND/1_fake/viral_bfree/FAKE/FrsY488WAAA7x9r/img05515.jpg,0.783823,1,1
/mnt/h200_dataset/saad/datasets/images/ancestree/ReWIND/1_fake/viral_bfree/FAKE/FrsY488WAAA7x9r/img05486.png,0.330201,0,1
/mnt/h200_dataset/saad/datasets/images/ancestree/ReWIND/1_fake/viral_bfree/FAKE/FrsY488WAAA7x9r/img05694.jpg,0.836955,1,1
/mnt/h200_dataset/saad/datasets/images/ancestree/ReWIND/1_fake/viral_bfree/FAKE/FrsY488WAAA7x9r/img05565.jpg,0.538043,1,1
/mnt/h200_dataset/saad/datasets/images/ancestree/ReWIND/1_fake/viral_bfree/FAKE/FrsY488WAAA7x9r/img05653.jpg,0.859899,1,1
/mnt/h200_dataset/saad/datasets/images/ancestree/ReWIND/1_fake/viral_bfree/FAKE/FrsY488WAAA7x9r/img05536.jpg,0.561681,1,1
/mnt/h200_dataset/saad/datasets/images/ancestree/ReWIND/1_fake/viral_bfree/FAKE/FrsY488WAAA7x9r/img05542.jpg,0.822688,1,1
/mnt/h200_dataset/saad/datasets/images/ancestree/ReWIND/1_fake/viral_bfree/FAKE/FrsY488WAAA7x9r/img05657.jpg,0.821474,1,1
/mnt/h200_dataset/saad/datasets/images/ancestree/ReWIND/1_fake/viral_bfree/FAKE/FrsY488WAAA7x9r/img05698.jpg,0.782081,1,1
/mnt/h200_dataset/saad/datasets/images/ancestree/ReWIND/1_fake/viral_bfree/FAKE/FrsY488WAAA7x9r/img05646.jpg,0.705379,1,1
/mnt/h200_dataset/saad/datasets/images/ancestree/ReWIND/1_fake/viral_bfree/FAKE/FrsY488WAAA7x9r/img05700.jpg,0.812496,1,1
/mnt/h200_dataset/saad/datasets/images/ancestree/ReWIND/1_fake/viral_bfree/FAKE/FrsY488WAAA7x9r/img05562.jpg,0.861829,1,1
/mnt/h200_dataset/saad/datasets/images/ancestree/ReWIND/1_fake/viral_bfree/FAKE/FrsY488WAAA7x9r/img05511.jpg,0.842604,1,1
/mnt/h200_dataset/saad/datasets/images/ancestree/ReWIND/1_fake/viral_bfree/FAKE/FrsY488WAAA7x9r/img05651.jpg,0.86113,1,1
/mnt/h200_dataset/saad/datasets/images/ancestree/ReWIND/1_fake/viral_bfree/FAKE/FrsY488WAAA7x9r/img05494.jpg,0.789234,1,1
/mnt/h200_dataset/saad/datasets/images/ancestree/ReWIND/1_fake/viral_bfree/FAKE/FrsY488WAAA7x9r/img05670.jpg,0.812942,1,1
/mnt/h200_dataset/saad/datasets/images/ancestree/ReWIND/1_fake/viral_bfree/FAKE/FrsY488WAAA7x9r/img05640.jpg,0.598048,1,1
/mnt/h200_dataset/saad/datasets/images/ancestree/ReWIND/1_fake/viral_bfree/FAKE/FrsY488WAAA7x9r/img05480.jpg,0.858955,1,1
/mnt/h200_dataset/saad/datasets/images/ancestree/ReWIND/1_fake/viral_bfree/FAKE/FrsY488WAAA7x9r/img05674.jpg,0.884738,1,1
/mnt/h200_dataset/saad/datasets/images/ancestree/ReWIND/1_fake/viral_bfree/FAKE/FrsY488WAAA7x9r/img05695.jpg,0.887497,1,1
/mnt/h200_dataset/saad/datasets/images/ancestree/ReWIND/1_fake/viral_bfree/FAKE/FrsY488WAAA7x9r/img05661.jpg,0.756537,1,1
/mnt/h200_dataset/saad/datasets/images/ancestree/ReWIND/1_fake/viral_bfree/FAKE/FrsY488WAAA7x9r/img05660.jpg,0.715821,1,1
/mnt/h200_dataset/saad/datasets/images/ancestree/ReWIND/1_fake/viral_bfree/FAKE/FrsY488WAAA7x9r/img05582.png,0.732879,1,1
/mnt/h200_dataset/saad/datasets/images/ancestree/ReWIND/1_fake/viral_bfree/FAKE/FrsY488WAAA7x9r/img05513.png,0.733929,1,1
/mnt/h200_dataset/saad/datasets/images/ancestree/ReWIND/1_fake/viral_bfree/FAKE/FrsY488WAAA7x9r/img05654.webp,0.822973,1,1
/mnt/h200_dataset/saad/datasets/images/ancestree/ReWIND/1_fake/viral_bfree/FAKE/FrsY488WAAA7x9r/img05672.jpg,0.391639,0,1
/mnt/h200_dataset/saad/datasets/images/ancestree/ReWIND/1_fake/viral_bfree/FAKE/FrsY488WAAA7x9r/img05683.jpg,0.795181,1,1
/mnt/h200_dataset/saad/datasets/images/ancestree/ReWIND/1_fake/viral_bfree/FAKE/FrsY488WAAA7x9r/img05484.jpg,0.843186,1,1
/mnt/h200_dataset/saad/datasets/images/ancestree/ReWIND/1_fake/viral_bfree/FAKE/FrsY488WAAA7x9r/img05689.jpg,0.864024,1,1
/mnt/h200_dataset/saad/datasets/images/ancestree/ReWIND/1_fake/viral_bfree/FAKE/FrsY488WAAA7x9r/img05671.jpg,0.492581,0,1
/mnt/h200_dataset/saad/datasets/images/ancestree/ReWIND/1_fake/viral_bfree/FAKE/FrsY488WAAA7x9r/img05658.jpg,0.843251,1,1
/mnt/h200_dataset/saad/datasets/images/ancestree/ReWIND/1_fake/viral_bfree/FAKE/FrsY488WAAA7x9r/img05681.jpg,0.857112,1,1
/mnt/h200_dataset/saad/datasets/images/ancestree/ReWIND/1_fake/viral_bfree/FAKE/FrsY488WAAA7x9r/img05637.jpg,0.828106,1,1
/mnt/h200_dataset/saad/datasets/images/ancestree/ReWIND/1_fake/viral_bfree/FAKE/FrsY488WAAA7x9r/img05648.jpg,0.780662,1,1
/mnt/h200_dataset/saad/datasets/images/ancestree/ReWIND/1_fake/viral_bfree/FAKE/FrsY488WAAA7x9r/img05669.jpg,0.623492,1,1
/mnt/h200_dataset/saad/datasets/images/ancestree/ReWIND/1_fake/viral_bfree/FAKE/FrsY488WAAA7x9r/img05708.jpg,0.44556,0,1
/mnt/h200_dataset/saad/datasets/images/ancestree/ReWIND/1_fake/viral_bfree/FAKE/FrsY488WAAA7x9r/img05551.jpg,0.868269,1,1
/mnt/h200_dataset/saad/datasets/images/ancestree/ReWIND/1_fake/viral_bfree/FAKE/FrsY488WAAA7x9r/img05667.jpg,0.823541,1,1
/mnt/h200_dataset/saad/datasets/images/ancestree/ReWIND/1_fake/viral_bfree/FAKE/FrsY488WAAA7x9r/img05504.jpg,0.829008,1,1
/mnt/h200_dataset/saad/datasets/images/ancestree/ReWIND/1_fake/viral_bfree/FAKE/FrsY488WAAA7x9r/img05699.jpg,0.665682,1,1
/mnt/h200_dataset/saad/datasets/images/ancestree/ReWIND/1_fake/viral_bfree/FAKE/FrsY488WAAA7x9r/img05524.jpg,0.82755,1,1
/mnt/h200_dataset/saad/datasets/images/ancestree/ReWIND/1_fake/viral_bfree/FAKE/FrsY488WAAA7x9r/img05676.jpg,0.786295,1,1
/mnt/h200_dataset/saad/datasets/images/ancestree/ReWIND/1_fake/viral_bfree/FAKE/FrsY488WAAA7x9r/img05610.jpg,0.84759,1,1
/mnt/h200_dataset/saad/datasets/images/ancestree/ReWIND/1_fake/viral_bfree/FAKE/FrsY488WAAA7x9r/img05531.jpg,0.868493,1,1
/mnt/h200_dataset/saad/datasets/images/ancestree/ReWIND/1_fake/viral_bfree/FAKE/FrsY488WAAA7x9r/img05647.webp,0.673514,1,1
/mnt/h200_dataset/saad/datasets/images/ancestree/ReWIND/1_fake/viral_bfree/FAKE/FrsY488WAAA7x9r/img05512.png,0.802942,1,1
/mnt/h200_dataset/saad/datasets/images/ancestree/ReWIND/1_fake/viral_bfree/FAKE/FrsY488WAAA7x9r/img05706.jpg,0.778565,1,1
/mnt/h200_dataset/saad/datasets/images/ancestree/ReWIND/1_fake/viral_bfree/FAKE/FrsY488WAAA7x9r/img05652.png,0.823186,1,1
/mnt/h200_dataset/saad/datasets/images/ancestree/ReWIND/1_fake/viral_bfree/FAKE/FrsY488WAAA7x9r/img05639.jpg,0.910306,1,1
/mnt/h200_dataset/saad/datasets/images/ancestree/ReWIND/1_fake/viral_bfree/FAKE/FrsY488WAAA7x9r/img05538.jpg,0.578924,1,1
/mnt/h200_dataset/saad/datasets/images/ancestree/ReWIND/1_fake/viral_bfree/FAKE/FrsY488WAAA7x9r/img05692.jpg,0.709422,1,1
/mnt/h200_dataset/saad/datasets/images/ancestree/ReWIND/1_fake/viral_bfree/FAKE/FrsY488WAAA7x9r/img05540.jpg,0.531529,1,1
/mnt/h200_dataset/saad/datasets/images/ancestree/ReWIND/1_fake/viral_bfree/FAKE/FrsY488WAAA7x9r/img05566.png,0.787032,1,1
/mnt/h200_dataset/saad/datasets/images/ancestree/ReWIND/1_fake/viral_bfree/FAKE/FrsY488WAAA7x9r/img05650.jpg,0.841956,1,1
/mnt/h200_dataset/saad/datasets/images/ancestree/ReWIND/1_fake/viral_bfree/FAKE/FrsY488WAAA7x9r/img05568.jpg,0.880283,1,1
/mnt/h200_dataset/saad/datasets/images/ancestree/ReWIND/1_fake/viral_bfree/FAKE/FrsY488WAAA7x9r/img05545.webp,0.842021,1,1
/mnt/h200_dataset/saad/datasets/images/ancestree/ReWIND/1_fake/viral_bfree/FAKE/FrsY488WAAA7x9r/img05556.webp,0.844858,1,1
/mnt/h200_dataset/saad/datasets/images/ancestree/ReWIND/1_fake/viral_bfree/FAKE/FrsY488WAAA7x9r/img05656.jpg,0.828106,1,1
/mnt/h200_dataset/saad/datasets/images/ancestree/ReWIND/1_fake/viral_bfree/FAKE/FrsY488WAAA7x9r/img05493.jpg,0.805861,1,1
/mnt/h200_dataset/saad/datasets/images/ancestree/ReWIND/1_fake/viral_bfree/FAKE/FrsY488WAAA7x9r/img05553.jpg,0.424352,0,1
/mnt/h200_dataset/saad/datasets/images/ancestree/ReWIND/1_fake/viral_bfree/FAKE/FrsY488WAAA7x9r/img05483.jpg,0.789234,1,1
/mnt/h200_dataset/saad/datasets/images/ancestree/ReWIND/1_fake/viral_bfree/FAKE/FrsY488WAAA7x9r/img05704.jpg,0.834744,1,1
/mnt/h200_dataset/saad/datasets/images/ancestree/ReWIND/1_fake/viral_bfree/FAKE/FrsY488WAAA7x9r/img05693.jpg,0.849722,1,1
/mnt/h200_dataset/saad/datasets/images/ancestree/ReWIND/1_fake/viral_bfree/FAKE/FrsY488WAAA7x9r/img05691.jpg,0.829077,1,1
/mnt/h200_dataset/saad/datasets/images/ancestree/ReWIND/1_fake/viral_bfree/FAKE/FrsY488WAAA7x9r/img05696.jpg,0.464537,0,1
/mnt/h200_dataset/saad/datasets/images/ancestree/ReWIND/1_fake/viral_bfree/FAKE/FrsY488WAAA7x9r/img05664.jpg,0.830937,1,1
/mnt/h200_dataset/saad/datasets/images/ancestree/ReWIND/1_fake/viral_bfree/FAKE/FrsY488WAAA7x9r/img05539.png,0.822546,1,1
/mnt/h200_dataset/saad/datasets/images/ancestree/ReWIND/1_fake/viral_bfree/FAKE/FrsY488WAAA7x9r/img05677.jpg,0.769687,1,1
/mnt/h200_dataset/saad/datasets/images/ancestree/ReWIND/1_fake/viral_bfree/FAKE/FrsY488WAAA7x9r/img05510.jpg,0.851583,1,1
/mnt/h200_dataset/saad/datasets/images/ancestree/ReWIND/1_fake/viral_bfree/FAKE/FrsY488WAAA7x9r/img05666.jpg,0.86916,1,1
/mnt/h200_dataset/saad/datasets/images/ancestree/ReWIND/1_fake/viral_bfree/FAKE/FrsY488WAAA7x9r/img05701.jpg,0.844281,1,1
/mnt/h200_dataset/saad/datasets/images/ancestree/ReWIND/1_fake/viral_bfree/FAKE/FrsY488WAAA7x9r/img05543.jpg,0.571886,1,1
/mnt/h200_dataset/saad/datasets/images/ancestree/ReWIND/1_fake/viral_bfree/FAKE/FrsY488WAAA7x9r/img05500.jpg,0.853486,1,1
/mnt/h200_dataset/saad/datasets/images/ancestree/ReWIND/1_fake/viral_bfree/FAKE/FrsY488WAAA7x9r/img05481.jpg,0.855187,1,1
/mnt/h200_dataset/saad/datasets/images/ancestree/ReWIND/1_fake/viral_bfree/FAKE/FrsY488WAAA7x9r/img05687.png,0.832373,1,1
/mnt/h200_dataset/saad/datasets/images/ancestree/ReWIND/1_fake/viral_bfree/FAKE/FrsY488WAAA7x9r/img05665.jpg,0.801548,1,1
/mnt/h200_dataset/saad/datasets/images/ancestree/ReWIND/1_fake/viral_bfree/FAKE/FrsY488WAAA7x9r/img05649.jpg,0.592961,1,1
/mnt/h200_dataset/saad/datasets/images/ancestree/ReWIND/1_fake/viral_bfree/FAKE/FrsY488WAAA7x9r/img05563.jpg,0.844537,1,1
/mnt/h200_dataset/saad/datasets/images/ancestree/ReWIND/1_fake/viral_bfree/FAKE/FrsY488WAAA7x9r/img05655.jpg,0.642545,1,1
/mnt/h200_dataset/saad/datasets/images/ancestree/ReWIND/1_fake/viral_bfree/FAKE/FrsY488WAAA7x9r/img05502.jpg,0.85567,1,1
/mnt/h200_dataset/saad/datasets/images/ancestree/ReWIND/1_fake/viral_bfree/FAKE/FrsY488WAAA7x9r/img05688.jpg,0.882124,1,1
/mnt/h200_dataset/saad/datasets/images/ancestree/ReWIND/1_fake/viral_bfree/FAKE/FrsY488WAAA7x9r/img05642.jpg,0.739516,1,1
/mnt/h200_dataset/saad/datasets/images/ancestree/ReWIND/1_fake/viral_bfree/FAKE/FrsY488WAAA7x9r/img05685.jpg,0.727201,1,1
/mnt/h200_dataset/saad/datasets/images/ancestree/ReWIND/1_fake/viral_bfree/FAKE/FrsY488WAAA7x9r/img05684.jpg,0.879665,1,1
/mnt/h200_dataset/saad/datasets/images/ancestree/ReWIND/1_fake/viral_bfree/FAKE/FrsY488WAAA7x9r/img05673.png,0.66236,1,1
/mnt/h200_dataset/saad/datasets/images/ancestree/ReWIND/1_fake/viral_bfree/FAKE/FrsY488WAAA7x9r/img05686.jpg,0.811228,1,1
/mnt/h200_dataset/saad/datasets/images/ancestree/ReWIND/1_fake/viral_bfree/FAKE/FrsY488WAAA7x9r/img05645.jpg,0.821331,1,1
/mnt/h200_dataset/saad/datasets/images/ancestree/ReWIND/1_fake/viral_bfree/FAKE/FrsY488WAAA7x9r/img05644.jpg,0.814053,1,1
/mnt/h200_dataset/saad/datasets/images/ancestree/ReWIND/1_fake/viral_bfree/FAKE/FrsY488WAAA7x9r/img05611.jpg,0.649967,1,1
/mnt/h200_dataset/saad/datasets/images/ancestree/ReWIND/1_fake/viral_bfree/FAKE/FrsY488WAAA7x9r/img05641.jpg,0.855187,1,1
/mnt/h200_dataset/saad/datasets/images/ancestree/ReWIND/1_fake/viral_bfree/FAKE/FrsY488WAAA7x9r/img05528.jpg,0.845113,1,1
/mnt/h200_dataset/saad/datasets/images/ancestree/ReWIND/1_fake/viral_bfree/FAKE/FrsY488WAAA7x9r/img05482.jpg,0.856152,1,1
/mnt/h200_dataset/saad/datasets/images/ancestree/ReWIND/1_fake/viral_bfree/FAKE/FrsY488WAAA7x9r/img05703.jpg,0.823825,1,1
/mnt/h200_dataset/saad/datasets/images/ancestree/ReWIND/1_fake/viral_bfree/FAKE/FrsY488WAAA7x9r/img05541.jpg,0.681038,1,1
/mnt/h200_dataset/saad/datasets/images/ancestree/ReWIND/1_fake/viral_bfree/FAKE/FrsY488WAAA7x9r/img05662.jpg,0.711581,1,1
/mnt/h200_dataset/saad/datasets/images/ancestree/ReWIND/1_fake/viral_bfree/FAKE/FrsY488WAAA7x9r/img05495.jpg,0.636974,1,1
/mnt/h200_dataset/saad/datasets/images/ancestree/ReWIND/1_fake/viral_bfree/FAKE/FrsY488WAAA7x9r/img05679.jpg,0.82755,1,1
/mnt/h200_dataset/saad/datasets/images/ancestree/ReWIND/1_fake/viral_bfree/FAKE/FrsY488WAAA7x9r/img05488.jpg,0.850344,1,1
/mnt/h200_dataset/saad/datasets/images/ancestree/ReWIND/1_fake/viral_bfree/FAKE/FrsY488WAAA7x9r/img05508.webp,0.752468,1,1
/mnt/h200_dataset/saad/datasets/images/ancestree/ReWIND/1_fake/viral_bfree/FAKE/FrsY488WAAA7x9r/img05514.png,0.732879,1,1
/mnt/h200_dataset/saad/datasets/images/ancestree/ReWIND/1_fake/viral_bfree/FAKE/FrsY488WAAA7x9r/img05505.jpg,0.720811,1,1
/mnt/h200_dataset/saad/datasets/images/ancestree/ReWIND/1_fake/viral_bfree/FAKE/FrsY488WAAA7x9r/img05668.jpg,0.839734,1,1
/mnt/h200_dataset/saad/datasets/images/ancestree/ReWIND/1_fake/viral_bfree/FAKE/FrsY488WAAA7x9r/img05680.jpg,0.791982,1,1
/mnt/h200_dataset/saad/datasets/images/ancestree/ReWIND/1_fake/viral_bfree/FAKE/FrsY488WAAA7x9r/img05501.jpg,0.880181,1,1
/mnt/h200_dataset/saad/datasets/images/ancestree/ReWIND/1_fake/viral_bfree/FAKE/FrsY488WAAA7x9r/img05690.jpg,0.857112,1,1
/mnt/h200_dataset/saad/datasets/images/ancestree/ReWIND/1_fake/viral_bfree/FAKE/FrsY488WAAA7x9r/img05678.jpg,0.742982,1,1
/mnt/h200_dataset/saad/datasets/images/ancestree/ReWIND/1_fake/viral_bfree/FAKE/FrsY488WAAA7x9r/img05550.jpg,0.855187,1,1
/mnt/h200_dataset/saad/datasets/images/ancestree/ReWIND/1_fake/viral_bfree/FAKE/FrsY488WAAA7x9r/img05549.jpg,0.854217,1,1
/mnt/h200_dataset/saad/datasets/images/ancestree/ReWIND/1_fake/viral_bfree/FAKE/FrsY488WAAA7x9r/img05675.jpg,0.798658,1,1
/mnt/h200_dataset/saad/datasets/images/ancestree/ReWIND/1_fake/viral_bfree/FAKE/FrsY488WAAA7x9r/img05546.jpg,0.875946,1,1
/mnt/h200_dataset/saad/datasets/images/ancestree/ReWIND/1_fake/viral_bfree/FAKE/FrsWi88WcAAx-4C/img04684.jpg,0.899916,1,1
/mnt/h200_dataset/saad/datasets/images/ancestree/ReWIND/1_fake/viral_bfree/FAKE/FrsWi88WcAAx-4C/img04698.jpg,0.899916,1,1
/mnt/h200_dataset/saad/datasets/images/ancestree/ReWIND/1_fake/viral_bfree/FAKE/FrsWi88WcAAx-4C/img04364.jpg,0.887107,1,1
/mnt/h200_dataset/saad/datasets/images/ancestree/ReWIND/1_fake/viral_bfree/FAKE/FrsWi88WcAAx-4C/img04561.jpg,0.90878,1,1
/mnt/h200_dataset/saad/datasets/images/ancestree/ReWIND/1_fake/viral_bfree/FAKE/FrsWi88WcAAx-4C/img04701.jpg,0.881513,1,1
/mnt/h200_dataset/saad/datasets/images/ancestree/ReWIND/1_fake/viral_bfree/FAKE/FrsWi88WcAAx-4C/img04411.jpg,0.882225,1,1
/mnt/h200_dataset/saad/datasets/images/ancestree/ReWIND/1_fake/viral_bfree/FAKE/FrsWi88WcAAx-4C/img04363.jpg,0.87142,1,1
/mnt/h200_dataset/saad/datasets/images/ancestree/ReWIND/1_fake/viral_bfree/FAKE/FrsWi88WcAAx-4C/img04542.jpg,0.89275,1,1
/mnt/h200_dataset/saad/datasets/images/ancestree/ReWIND/1_fake/viral_bfree/FAKE/FrsWi88WcAAx-4C/img04627.jpg,0.775605,1,1
/mnt/h200_dataset/saad/datasets/images/ancestree/ReWIND/1_fake/viral_bfree/FAKE/FrsWi88WcAAx-4C/img04597.jpg,0.784402,1,1
/mnt/h200_dataset/saad/datasets/images/ancestree/ReWIND/1_fake/viral_bfree/FAKE/FrsWi88WcAAx-4C/img04675.jpg,0.900267,1,1
/mnt/h200_dataset/saad/datasets/images/ancestree/ReWIND/1_fake/viral_bfree/FAKE/FrsWi88WcAAx-4C/img04668.jpg,0.895888,1,1
/mnt/h200_dataset/saad/datasets/images/ancestree/ReWIND/1_fake/viral_bfree/FAKE/FrsWi88WcAAx-4C/img04333.jpg,0.905406,1,1
/mnt/h200_dataset/saad/datasets/images/ancestree/ReWIND/1_fake/viral_bfree/FAKE/FrsWi88WcAAx-4C/img04482.jpg,0.90218,1,1
/mnt/h200_dataset/saad/datasets/images/ancestree/ReWIND/1_fake/viral_bfree/FAKE/FrsWi88WcAAx-4C/img04644.png,0.896885,1,1
/mnt/h200_dataset/saad/datasets/images/ancestree/ReWIND/1_fake/viral_bfree/FAKE/FrsWi88WcAAx-4C/img04345.jpg,0.927034,1,1
/mnt/h200_dataset/saad/datasets/images/ancestree/ReWIND/1_fake/viral_bfree/FAKE/FrsWi88WcAAx-4C/img04629.jpg,0.909184,1,1
/mnt/h200_dataset/saad/datasets/images/ancestree/ReWIND/1_fake/viral_bfree/FAKE/FrsWi88WcAAx-4C/img04362.jpg,0.886125,1,1
/mnt/h200_dataset/saad/datasets/images/ancestree/ReWIND/1_fake/viral_bfree/FAKE/FrsWi88WcAAx-4C/img04285.jpg,0.912903,1,1
/mnt/h200_dataset/saad/datasets/images/ancestree/ReWIND/1_fake/viral_bfree/FAKE/FrsWi88WcAAx-4C/img04399.jpg,0.862062,1,1
/mnt/h200_dataset/saad/datasets/images/ancestree/ReWIND/1_fake/viral_bfree/FAKE/FrsWi88WcAAx-4C/img04392.jpg,0.901748,1,1
/mnt/h200_dataset/saad/datasets/images/ancestree/ReWIND/1_fake/viral_bfree/FAKE/FrsWi88WcAAx-4C/img04279.jpg,0.90114,1,1
/mnt/h200_dataset/saad/datasets/images/ancestree/ReWIND/1_fake/viral_bfree/FAKE/FrsWi88WcAAx-4C/img04719.jpg,0.879199,1,1
/mnt/h200_dataset/saad/datasets/images/ancestree/ReWIND/1_fake/viral_bfree/FAKE/FrsWi88WcAAx-4C/img04580.jpg,0.912202,1,1
/mnt/h200_dataset/saad/datasets/images/ancestree/ReWIND/1_fake/viral_bfree/FAKE/FrsWi88WcAAx-4C/img04410.jpg,0.87821,1,1
/mnt/h200_dataset/saad/datasets/images/ancestree/ReWIND/1_fake/viral_bfree/FAKE/FrsWi88WcAAx-4C/img04296.jpg,0.90372,1,1
/mnt/h200_dataset/saad/datasets/images/ancestree/ReWIND/1_fake/viral_bfree/FAKE/FrsWi88WcAAx-4C/img04691.jpg,0.805861,1,1
/mnt/h200_dataset/saad/datasets/images/ancestree/ReWIND/1_fake/viral_bfree/FAKE/FrsWi88WcAAx-4C/img04541.jpg,0.90114,1,1
/mnt/h200_dataset/saad/datasets/images/ancestree/ReWIND/1_fake/viral_bfree/FAKE/FrsWi88WcAAx-4C/img04315.jpg,0.887107,1,1
/mnt/h200_dataset/saad/datasets/images/ancestree/ReWIND/1_fake/viral_bfree/FAKE/FrsWi88WcAAx-4C/img04689.jpg,0.855308,1,1
/mnt/h200_dataset/saad/datasets/images/ancestree/ReWIND/1_fake/viral_bfree/FAKE/FrsWi88WcAAx-4C/img04658.webp,0.894052,1,1
/mnt/h200_dataset/saad/datasets/images/ancestree/ReWIND/1_fake/viral_bfree/FAKE/FrsWi88WcAAx-4C/img04661.jpg,0.864139,1,1
/mnt/h200_dataset/saad/datasets/images/ancestree/ReWIND/1_fake/viral_bfree/FAKE/FrsWi88WcAAx-4C/img04350.png,0.902524,1,1
/mnt/h200_dataset/saad/datasets/images/ancestree/ReWIND/1_fake/viral_bfree/FAKE/FrsWi88WcAAx-4C/img04374.jpg,0.895705,1,1
/mnt/h200_dataset/saad/datasets/images/ancestree/ReWIND/1_fake/viral_bfree/FAKE/FrsWi88WcAAx-4C/img04325.jpg,0.91118,1,1
/mnt/h200_dataset/saad/datasets/images/ancestree/ReWIND/1_fake/viral_bfree/FAKE/FrsWi88WcAAx-4C/img04654.jpg,0.901314,1,1
/mnt/h200_dataset/saad/datasets/images/ancestree/ReWIND/1_fake/viral_bfree/FAKE/FrsWi88WcAAx-4C/img04625.jpg,0.899828,1,1
/mnt/h200_dataset/saad/datasets/images/ancestree/ReWIND/1_fake/viral_bfree/FAKE/FrsWi88WcAAx-4C/img04381.jpg,0.844729,1,1
/mnt/h200_dataset/saad/datasets/images/ancestree/ReWIND/1_fake/viral_bfree/FAKE/FrsWi88WcAAx-4C/img04522.jpg,0.904313,1,1
/mnt/h200_dataset/saad/datasets/images/ancestree/ReWIND/1_fake/viral_bfree/FAKE/FrsWi88WcAAx-4C/img04302.jpg,0.903635,1,1
/mnt/h200_dataset/saad/datasets/images/ancestree/ReWIND/1_fake/viral_bfree/FAKE/FrsWi88WcAAx-4C/img04303.jpg,0.90372,1,1
/mnt/h200_dataset/saad/datasets/images/ancestree/ReWIND/1_fake/viral_bfree/FAKE/FrsWi88WcAAx-4C/img04647.jpg,0.906488,1,1
/mnt/h200_dataset/saad/datasets/images/ancestree/ReWIND/1_fake/viral_bfree/FAKE/FrsWi88WcAAx-4C/img04594.jpg,0.860896,1,1
/mnt/h200_dataset/saad/datasets/images/ancestree/ReWIND/1_fake/viral_bfree/FAKE/FrsWi88WcAAx-4C/img04481.jpg,0.905071,1,1
/mnt/h200_dataset/saad/datasets/images/ancestree/ReWIND/1_fake/viral_bfree/FAKE/FrsWi88WcAAx-4C/img04710.jpg,0.59887,1,1
/mnt/h200_dataset/saad/datasets/images/ancestree/ReWIND/1_fake/viral_bfree/FAKE/FrsWi88WcAAx-4C/img04557.jpg,0.911022,1,1
/mnt/h200_dataset/saad/datasets/images/ancestree/ReWIND/1_fake/viral_bfree/FAKE/FrsWi88WcAAx-4C/img04529.jpg,0.88054,1,1
/mnt/h200_dataset/saad/datasets/images/ancestree/ReWIND/1_fake/viral_bfree/FAKE/FrsWi88WcAAx-4C/img04726.jpg,0.7413,1,1
/mnt/h200_dataset/saad/datasets/images/ancestree/ReWIND/1_fake/viral_bfree/FAKE/FrsWi88WcAAx-4C/img04395.jpg,0.904229,1,1
/mnt/h200_dataset/saad/datasets/images/ancestree/ReWIND/1_fake/viral_bfree/FAKE/FrsWi88WcAAx-4C/img04417.jpg,0.91267,1,1
/mnt/h200_dataset/saad/datasets/images/ancestree/ReWIND/1_fake/viral_bfree/FAKE/FrsWi88WcAAx-4C/img04536.jpg,0.909345,1,1
/mnt/h200_dataset/saad/datasets/images/ancestree/ReWIND/1_fake/viral_bfree/FAKE/FrsWi88WcAAx-4C/img04422.jpg,0.906983,1,1
/mnt/h200_dataset/saad/datasets/images/ancestree/ReWIND/1_fake/viral_bfree/FAKE/FrsWi88WcAAx-4C/img04697.png,0.774924,1,1
/mnt/h200_dataset/saad/datasets/images/ancestree/ReWIND/1_fake/viral_bfree/FAKE/FrsWi88WcAAx-4C/img04500.jpg,0.90599,1,1
/mnt/h200_dataset/saad/datasets/images/ancestree/ReWIND/1_fake/viral_bfree/FAKE/FrsWi88WcAAx-4C/img04543.jpg,0.901834,1,1
/mnt/h200_dataset/saad/datasets/images/ancestree/ReWIND/1_fake/viral_bfree/FAKE/FrsWi88WcAAx-4C/img04602.jpg,0.889241,1,1
/mnt/h200_dataset/saad/datasets/images/ancestree/ReWIND/1_fake/viral_bfree/FAKE/FrsWi88WcAAx-4C/img04545.jpg,0.865053,1,1
/mnt/h200_dataset/saad/datasets/images/ancestree/ReWIND/1_fake/viral_bfree/FAKE/FrsWi88WcAAx-4C/img04276.jpg,0.875521,1,1
/mnt/h200_dataset/saad/datasets/images/ancestree/ReWIND/1_fake/viral_bfree/FAKE/FrsWi88WcAAx-4C/img04723.jpg,0.820397,1,1
/mnt/h200_dataset/saad/datasets/images/ancestree/ReWIND/1_fake/viral_bfree/FAKE/FrsWi88WcAAx-4C/img04488.jpg,0.905155,1,1
/mnt/h200_dataset/saad/datasets/images/ancestree/ReWIND/1_fake/viral_bfree/FAKE/FrsWi88WcAAx-4C/img04367.jpg,0.903465,1,1
/mnt/h200_dataset/saad/datasets/images/ancestree/ReWIND/1_fake/viral_bfree/FAKE/FrsWi88WcAAx-4C/img04640.jpg,0.890485,1,1
/mnt/h200_dataset/saad/datasets/images/ancestree/ReWIND/1_fake/viral_bfree/FAKE/FrsWi88WcAAx-4C/img04608.jpg,0.889529,1,1
/mnt/h200_dataset/saad/datasets/images/ancestree/ReWIND/1_fake/viral_bfree/FAKE/FrsWi88WcAAx-4C/img04519.jpg,0.903209,1,1
/mnt/h200_dataset/saad/datasets/images/ancestree/ReWIND/1_fake/viral_bfree/FAKE/FrsWi88WcAAx-4C/img04387.webp,0.365683,0,1
/mnt/h200_dataset/saad/datasets/images/ancestree/ReWIND/1_fake/viral_bfree/FAKE/FrsWi88WcAAx-4C/img04517.webp,0.859369,1,1
/mnt/h200_dataset/saad/datasets/images/ancestree/ReWIND/1_fake/viral_bfree/FAKE/FrsWi88WcAAx-4C/img04331.jpg,0.902438,1,1
/mnt/h200_dataset/saad/datasets/images/ancestree/ReWIND/1_fake/viral_bfree/FAKE/FrsWi88WcAAx-4C/img04278.jpg,0.855369,1,1
/mnt/h200_dataset/saad/datasets/images/ancestree/ReWIND/1_fake/viral_bfree/FAKE/FrsWi88WcAAx-4C/img04695.jpg,0.910863,1,1
/mnt/h200_dataset/saad/datasets/images/ancestree/ReWIND/1_fake/viral_bfree/FAKE/FrsWi88WcAAx-4C/img04430.png,0.90114,1,1
/mnt/h200_dataset/saad/datasets/images/ancestree/ReWIND/1_fake/viral_bfree/FAKE/FrsWi88WcAAx-4C/img04438.webp,0.866246,1,1
/mnt/h200_dataset/saad/datasets/images/ancestree/ReWIND/1_fake/viral_bfree/FAKE/FrsWi88WcAAx-4C/img04388.png,0.902952,1,1
/mnt/h200_dataset/saad/datasets/images/ancestree/ReWIND/1_fake/viral_bfree/FAKE/FrsWi88WcAAx-4C/img04586.jpg,0.915809,1,1
/mnt/h200_dataset/saad/datasets/images/ancestree/ReWIND/1_fake/viral_bfree/FAKE/FrsWi88WcAAx-4C/img04672.jpg,0.778481,1,1
/mnt/h200_dataset/saad/datasets/images/ancestree/ReWIND/1_fake/viral_bfree/FAKE/FrsWi88WcAAx-4C/img04324.jpg,0.910784,1,1
/mnt/h200_dataset/saad/datasets/images/ancestree/ReWIND/1_fake/viral_bfree/FAKE/FrsWi88WcAAx-4C/img04606.jpg,0.913754,1,1
/mnt/h200_dataset/saad/datasets/images/ancestree/ReWIND/1_fake/viral_bfree/FAKE/FrsWi88WcAAx-4C/img04696.jpg,0.911888,1,1
/mnt/h200_dataset/saad/datasets/images/ancestree/ReWIND/1_fake/viral_bfree/FAKE/FrsWi88WcAAx-4C/img04501.jpg,0.908699,1,1
/mnt/h200_dataset/saad/datasets/images/ancestree/ReWIND/1_fake/viral_bfree/FAKE/FrsWi88WcAAx-4C/img04431.jpg,0.904229,1,1
/mnt/h200_dataset/saad/datasets/images/ancestree/ReWIND/1_fake/viral_bfree/FAKE/FrsWi88WcAAx-4C/img04599.jpg,0.907558,1,1
/mnt/h200_dataset/saad/datasets/images/ancestree/ReWIND/1_fake/viral_bfree/FAKE/FrsWi88WcAAx-4C/img04308.jpg,0.899563,1,1
/mnt/h200_dataset/saad/datasets/images/ancestree/ReWIND/1_fake/viral_bfree/FAKE/FrsWi88WcAAx-4C/img04485.jpg,0.887887,1,1
/mnt/h200_dataset/saad/datasets/images/ancestree/ReWIND/1_fake/viral_bfree/FAKE/FrsWi88WcAAx-4C/img04288.jpg,0.924824,1,1
/mnt/h200_dataset/saad/datasets/images/ancestree/ReWIND/1_fake/viral_bfree/FAKE/FrsWi88WcAAx-4C/img04575.jpg,0.893588,1,1
/mnt/h200_dataset/saad/datasets/images/ancestree/ReWIND/1_fake/viral_bfree/FAKE/FrsWi88WcAAx-4C/img04387.jpg,0.909667,1,1
/mnt/h200_dataset/saad/datasets/images/ancestree/ReWIND/1_fake/viral_bfree/FAKE/FrsWi88WcAAx-4C/img04633.jpg,0.90114,1,1
/mnt/h200_dataset/saad/datasets/images/ancestree/ReWIND/1_fake/viral_bfree/FAKE/FrsWi88WcAAx-4C/img04682.jpg,0.872456,1,1
/mnt/h200_dataset/saad/datasets/images/ancestree/ReWIND/1_fake/viral_bfree/FAKE/FrsWi88WcAAx-4C/img04639.jpg,0.857589,1,1
/mnt/h200_dataset/saad/datasets/images/ancestree/ReWIND/1_fake/viral_bfree/FAKE/FrsWi88WcAAx-4C/img04634.jpg,0.885434,1,1
/mnt/h200_dataset/saad/datasets/images/ancestree/ReWIND/1_fake/viral_bfree/FAKE/FrsWi88WcAAx-4C/img04722.jpg,0.818954,1,1
/mnt/h200_dataset/saad/datasets/images/ancestree/ReWIND/1_fake/viral_bfree/FAKE/FrsWi88WcAAx-4C/img04715.jpg,0.895614,1,1
/mnt/h200_dataset/saad/datasets/images/ancestree/ReWIND/1_fake/viral_bfree/FAKE/FrsWi88WcAAx-4C/img04664.webp,0.871311,1,1
/mnt/h200_dataset/saad/datasets/images/ancestree/ReWIND/1_fake/viral_bfree/FAKE/FrsWi88WcAAx-4C/img04447.webp,0.869327,1,1
/mnt/h200_dataset/saad/datasets/images/ancestree/ReWIND/1_fake/viral_bfree/FAKE/FrsWi88WcAAx-4C/img04692.jpg,0.904651,1,1
/mnt/h200_dataset/saad/datasets/images/ancestree/ReWIND/1_fake/viral_bfree/FAKE/FrsWi88WcAAx-4C/img04665.jpg,0.89534,1,1
/mnt/h200_dataset/saad/datasets/images/ancestree/ReWIND/1_fake/viral_bfree/FAKE/FrsWi88WcAAx-4C/img04382.jpg,0.901053,1,1
/mnt/h200_dataset/saad/datasets/images/ancestree/ReWIND/1_fake/viral_bfree/FAKE/FrsWi88WcAAx-4C/img04290.jpg,0.903379,1,1
/mnt/h200_dataset/saad/datasets/images/ancestree/ReWIND/1_fake/viral_bfree/FAKE/FrsWi88WcAAx-4C/img04683.jpg,0.850655,1,1
/mnt/h200_dataset/saad/datasets/images/ancestree/ReWIND/1_fake/viral_bfree/FAKE/FrsWi88WcAAx-4C/img04528.jpg,0.900617,1,1
/mnt/h200_dataset/saad/datasets/images/ancestree/ReWIND/1_fake/viral_bfree/FAKE/FrsWi88WcAAx-4C/img04334.jpg,0.910545,1,1
/mnt/h200_dataset/saad/datasets/images/ancestree/ReWIND/1_fake/viral_bfree/FAKE/FrsWi88WcAAx-4C/img04280.jpg,0.894698,1,1
/mnt/h200_dataset/saad/datasets/images/ancestree/ReWIND/1_fake/viral_bfree/FAKE/FrsWi88WcAAx-4C/img04699.jpg,0.89039,1,1
/mnt/h200_dataset/saad/datasets/images/ancestree/ReWIND/1_fake/viral_bfree/FAKE/FrsWi88WcAAx-4C/img04527.jpg,0.910386,1,1
/mnt/h200_dataset/saad/datasets/images/ancestree/ReWIND/1_fake/viral_bfree/FAKE/FrsWi88WcAAx-4C/img04510.jpg,0.901748,1,1
/mnt/h200_dataset/saad/datasets/images/ancestree/ReWIND/1_fake/viral_bfree/FAKE/FrsWi88WcAAx-4C/img04646.jpg,0.899121,1,1
/mnt/h200_dataset/saad/datasets/images/ancestree/ReWIND/1_fake/viral_bfree/FAKE/FrsWi88WcAAx-4C/img04571.jpg,0.910863,1,1
/mnt/h200_dataset/saad/datasets/images/ancestree/ReWIND/1_fake/viral_bfree/FAKE/FrsWi88WcAAx-4C/img04694.jpg,0.913445,1,1
/mnt/h200_dataset/saad/datasets/images/ancestree/ReWIND/1_fake/viral_bfree/FAKE/FrsWi88WcAAx-4C/img04563.jpg,0.910147,1,1
/mnt/h200_dataset/saad/datasets/images/ancestree/ReWIND/1_fake/viral_bfree/FAKE/FrsWi88WcAAx-4C/img04375.webp,0.875095,1,1
/mnt/h200_dataset/saad/datasets/images/ancestree/ReWIND/1_fake/viral_bfree/FAKE/FrsWi88WcAAx-4C/img04506.webp,0.892187,1,1
/mnt/h200_dataset/saad/datasets/images/ancestree/ReWIND/1_fake/viral_bfree/FAKE/FrsWi88WcAAx-4C/img04659.jpg,0.901661,1,1
/mnt/h200_dataset/saad/datasets/images/ancestree/ReWIND/1_fake/viral_bfree/FAKE/FrsWi88WcAAx-4C/img04480.jpg,0.89303,1,1
/mnt/h200_dataset/saad/datasets/images/ancestree/ReWIND/1_fake/viral_bfree/FAKE/FrsWi88WcAAx-4C/img04355.jpg,0.904651,1,1
/mnt/h200_dataset/saad/datasets/images/ancestree/ReWIND/1_fake/viral_bfree/FAKE/FrsWi88WcAAx-4C/img04711.jpg,0.637426,1,1
/mnt/h200_dataset/saad/datasets/images/ancestree/ReWIND/1_fake/viral_bfree/FAKE/FrsWi88WcAAx-4C/img04592.jpg,0.909667,1,1
/mnt/h200_dataset/saad/datasets/images/ancestree/ReWIND/1_fake/viral_bfree/FAKE/FrsWi88WcAAx-4C/img04643.jpg,0.905907,1,1
/mnt/h200_dataset/saad/datasets/images/ancestree/ReWIND/1_fake/viral_bfree/FAKE/FrsWi88WcAAx-4C/img04653.jpg,0.893495,1,1
/mnt/h200_dataset/saad/datasets/images/ancestree/ReWIND/1_fake/viral_bfree/FAKE/FrsWi88WcAAx-4C/img04712.png,0.881819,1,1
/mnt/h200_dataset/saad/datasets/images/ancestree/ReWIND/1_fake/viral_bfree/FAKE/FrsWi88WcAAx-4C/img04429.jpg,0.922203,1,1
/mnt/h200_dataset/saad/datasets/images/ancestree/ReWIND/1_fake/viral_bfree/FAKE/FrsWi88WcAAx-4C/img04662.jpg,0.578478,1,1
/mnt/h200_dataset/saad/datasets/images/ancestree/ReWIND/1_fake/viral_bfree/FAKE/FrsWi88WcAAx-4C/img04349.jpg,0.816772,1,1
/mnt/h200_dataset/saad/datasets/images/ancestree/ReWIND/1_fake/viral_bfree/FAKE/FrsWi88WcAAx-4C/img04641.jpg,0.900966,1,1
/mnt/h200_dataset/saad/datasets/images/ancestree/ReWIND/1_fake/viral_bfree/FAKE/FrsWi88WcAAx-4C/img04526.jpg,0.870432,1,1
/mnt/h200_dataset/saad/datasets/images/ancestree/ReWIND/1_fake/viral_bfree/FAKE/FrsWi88WcAAx-4C/img04368.png,0.90114,1,1
/mnt/h200_dataset/saad/datasets/images/ancestree/ReWIND/1_fake/viral_bfree/FAKE/FrsWi88WcAAx-4C/img04538.jpg,0.906073,1,1
/mnt/h200_dataset/saad/datasets/images/ancestree/ReWIND/1_fake/viral_bfree/FAKE/FrsWi88WcAAx-4C/img04650.png,0.888759,1,1
/mnt/h200_dataset/saad/datasets/images/ancestree/ReWIND/1_fake/viral_bfree/FAKE/FrsWi88WcAAx-4C/img04487.jpg,0.893216,1,1
/mnt/h200_dataset/saad/datasets/images/ancestree/ReWIND/1_fake/viral_bfree/FAKE/FrsWi88WcAAx-4C/img04601.jpg,0.862294,1,1
/mnt/h200_dataset/saad/datasets/images/ancestree/ReWIND/1_fake/viral_bfree/FAKE/FrsWi88WcAAx-4C/img04568.jpg,0.898855,1,1
/mnt/h200_dataset/saad/datasets/images/ancestree/ReWIND/1_fake/viral_bfree/FAKE/FrsWi88WcAAx-4C/img04588.jpg,0.913368,1,1
/mnt/h200_dataset/saad/datasets/images/ancestree/ReWIND/1_fake/viral_bfree/FAKE/FrsWi88WcAAx-4C/img04514.jpg,0.900966,1,1
/mnt/h200_dataset/saad/datasets/images/ancestree/ReWIND/1_fake/viral_bfree/FAKE/FrsWi88WcAAx-4C/img04490.jpg,0.909506,1,1
/mnt/h200_dataset/saad/datasets/images/ancestree/ReWIND/1_fake/viral_bfree/FAKE/FrsWi88WcAAx-4C/img04702.jpg,0.14439,0,1
/mnt/h200_dataset/saad/datasets/images/ancestree/ReWIND/1_fake/viral_bfree/FAKE/FrsWi88WcAAx-4C/img04585.jpg,0.89607,1,1
/mnt/h200_dataset/saad/datasets/images/ancestree/ReWIND/1_fake/viral_bfree/FAKE/FrsWi88WcAAx-4C/img04356.jpg,0.905907,1,1
/mnt/h200_dataset/saad/datasets/images/ancestree/ReWIND/1_fake/viral_bfree/FAKE/FrsWi88WcAAx-4C/img04347.jpg,0.900792,1,1
/mnt/h200_dataset/saad/datasets/images/ancestree/ReWIND/1_fake/viral_bfree/FAKE/FrsWi88WcAAx-4C/img04649.jpg,0.902952,1,1
/mnt/h200_dataset/saad/datasets/images/ancestree/ReWIND/1_fake/viral_bfree/FAKE/FrsWi88WcAAx-4C/img04484.jpg,0.900092,1,1
/mnt/h200_dataset/saad/datasets/images/ancestree/ReWIND/1_fake/viral_bfree/FAKE/FrsWi88WcAAx-4C/img04600.webp,0.86241,1,1
/mnt/h200_dataset/saad/datasets/images/ancestree/ReWIND/1_fake/viral_bfree/FAKE/FrsWi88WcAAx-4C/img04402.jpg,0.880643,1,1
/mnt/h200_dataset/saad/datasets/images/ancestree/ReWIND/1_fake/viral_bfree/FAKE/FrsWi88WcAAx-4C/img04603.jpg,0.89303,1,1
/mnt/h200_dataset/saad/datasets/images/ancestree/ReWIND/1_fake/viral_bfree/FAKE/FrsWi88WcAAx-4C/img04636.jpg,0.883939,1,1
/mnt/h200_dataset/saad/datasets/images/ancestree/ReWIND/1_fake/viral_bfree/FAKE/FrsWi88WcAAx-4C/img04626.jpg,0.902524,1,1
/mnt/h200_dataset/saad/datasets/images/ancestree/ReWIND/1_fake/viral_bfree/FAKE/FrsWi88WcAAx-4C/img04311.jpg,0.903975,1,1
/mnt/h200_dataset/saad/datasets/images/ancestree/ReWIND/1_fake/viral_bfree/FAKE/FrsWi88WcAAx-4C/img04389.jpg,0.829699,1,1
/mnt/h200_dataset/saad/datasets/images/ancestree/ReWIND/1_fake/viral_bfree/FAKE/FrsWi88WcAAx-4C/img04291.jpg,0.900179,1,1
/mnt/h200_dataset/saad/datasets/images/ancestree/ReWIND/1_fake/viral_bfree/FAKE/FrsWi88WcAAx-4C/img04539.jpg,0.904651,1,1
/mnt/h200_dataset/saad/datasets/images/ancestree/ReWIND/1_fake/viral_bfree/FAKE/FrsWi88WcAAx-4C/img04677.jpg,0.907967,1,1
/mnt/h200_dataset/saad/datasets/images/ancestree/ReWIND/1_fake/viral_bfree/FAKE/FrsWi88WcAAx-4C/img04547.jpg,0.903038,1,1
/mnt/h200_dataset/saad/datasets/images/ancestree/ReWIND/1_fake/viral_bfree/FAKE/FrsWi88WcAAx-4C/img04554.jpg,0.58673,1,1
/mnt/h200_dataset/saad/datasets/images/ancestree/ReWIND/1_fake/viral_bfree/FAKE/FrsWi88WcAAx-4C/img04394.jpg,0.739986,1,1
/mnt/h200_dataset/saad/datasets/images/ancestree/ReWIND/1_fake/viral_bfree/FAKE/FrsWi88WcAAx-4C/img04396.jpg,0.8985,1,1
/mnt/h200_dataset/saad/datasets/images/ancestree/ReWIND/1_fake/viral_bfree/FAKE/FrsWi88WcAAx-4C/img04721.jpg,0.889048,1,1
/mnt/h200_dataset/saad/datasets/images/ancestree/ReWIND/1_fake/viral_bfree/FAKE/FrsWi88WcAAx-4C/img04322.webp,0.705227,1,1
/mnt/h200_dataset/saad/datasets/images/ancestree/ReWIND/1_fake/viral_bfree/FAKE/FrsWi88WcAAx-4C/img04361.jpg,0.883839,1,1
/mnt/h200_dataset/saad/datasets/images/ancestree/ReWIND/1_fake/viral_bfree/FAKE/FrsWi88WcAAx-4C/img04531.jpg,0.902695,1,1
/mnt/h200_dataset/saad/datasets/images/ancestree/ReWIND/1_fake/viral_bfree/FAKE/FrsWi88WcAAx-4C/img04674.jpg,0.718989,1,1
/mnt/h200_dataset/saad/datasets/images/ancestree/ReWIND/1_fake/viral_bfree/FAKE/FrsWi88WcAAx-4C/img04624.jpg,0.830663,1,1
/mnt/h200_dataset/saad/datasets/images/ancestree/ReWIND/1_fake/viral_bfree/FAKE/FrsWi88WcAAx-4C/img04442.jpg,0.898053,1,1
/mnt/h200_dataset/saad/datasets/images/ancestree/ReWIND/1_fake/viral_bfree/FAKE/FrsWi88WcAAx-4C/img04353.jpg,0.897695,1,1
/mnt/h200_dataset/saad/datasets/images/ancestree/ReWIND/1_fake/viral_bfree/FAKE/FrsWi88WcAAx-4C/img04281.jpg,0.812644,1,1
/mnt/h200_dataset/saad/datasets/images/ancestree/ReWIND/1_fake/viral_bfree/FAKE/FrsWi88WcAAx-4C/img04714.jpg,0.728555,1,1
/mnt/h200_dataset/saad/datasets/images/ancestree/ReWIND/1_fake/viral_bfree/FAKE/FrsWi88WcAAx-4C/img04475.jpg,0.907722,1,1
/mnt/h200_dataset/saad/datasets/images/ancestree/ReWIND/1_fake/viral_bfree/FAKE/FrsWi88WcAAx-4C/img04294.jpg,0.895523,1,1
/mnt/h200_dataset/saad/datasets/images/ancestree/ReWIND/1_fake/viral_bfree/FAKE/FrsWi88WcAAx-4C/img04573.webp,0.89303,1,1
/mnt/h200_dataset/saad/datasets/images/ancestree/ReWIND/1_fake/viral_bfree/FAKE/FrsWi88WcAAx-4C/img04572.jpg,0.908861,1,1
/mnt/h200_dataset/saad/datasets/images/ancestree/ReWIND/1_fake/viral_bfree/FAKE/FrsWi88WcAAx-4C/img04518.webp,0.896342,1,1
/mnt/h200_dataset/saad/datasets/images/ancestree/ReWIND/1_fake/viral_bfree/FAKE/FrsWi88WcAAx-4C/img04317.jpg,0.90372,1,1
/mnt/h200_dataset/saad/datasets/images/ancestree/ReWIND/1_fake/viral_bfree/FAKE/FrsWi88WcAAx-4C/img04628.jpg,0.895157,1,1
/mnt/h200_dataset/saad/datasets/images/ancestree/ReWIND/1_fake/viral_bfree/FAKE/FrsWi88WcAAx-4C/img04298.jpg,0.899033,1,1
/mnt/h200_dataset/saad/datasets/images/ancestree/ReWIND/1_fake/viral_bfree/FAKE/FrsWi88WcAAx-4C/img04556.jpg,0.90657,1,1
/mnt/h200_dataset/saad/datasets/images/ancestree/ReWIND/1_fake/viral_bfree/FAKE/FrsWi88WcAAx-4C/img04454.jpg,0.908942,1,1
/mnt/h200_dataset/saad/datasets/images/ancestree/ReWIND/1_fake/viral_bfree/FAKE/FrsWi88WcAAx-4C/img04352.jpg,0.892187,1,1
/mnt/h200_dataset/saad/datasets/images/ancestree/ReWIND/1_fake/viral_bfree/FAKE/FrsWi88WcAAx-4C/img04502.jpg,0.90114,1,1
/mnt/h200_dataset/saad/datasets/images/ancestree/ReWIND/1_fake/viral_bfree/FAKE/FrsWi88WcAAx-4C/img04656.jpg,0.866528,1,1
/mnt/h200_dataset/saad/datasets/images/ancestree/ReWIND/1_fake/viral_bfree/FAKE/FrsWi88WcAAx-4C/img04688.jpg,0.873485,1,1
/mnt/h200_dataset/saad/datasets/images/ancestree/ReWIND/1_fake/viral_bfree/FAKE/FrsWi88WcAAx-4C/img04391.jpg,0.908293,1,1
/mnt/h200_dataset/saad/datasets/images/ancestree/ReWIND/1_fake/viral_bfree/FAKE/FrsWi88WcAAx-4C/img04509.jpg,0.904735,1,1
/mnt/h200_dataset/saad/datasets/images/ancestree/ReWIND/1_fake/viral_bfree/FAKE/FrsWi88WcAAx-4C/img04504.jpg,0.906818,1,1
/mnt/h200_dataset/saad/datasets/images/ancestree/ReWIND/1_fake/viral_bfree/FAKE/FrsWi88WcAAx-4C/img04678.jpg,0.911259,1,1
/mnt/h200_dataset/saad/datasets/images/ancestree/ReWIND/1_fake/viral_bfree/FAKE/FrsWi88WcAAx-4C/img04492.jpg,0.911338,1,1
/mnt/h200_dataset/saad/datasets/images/ancestree/ReWIND/1_fake/viral_bfree/FAKE/FrsWi88WcAAx-4C/img04549.jpg,0.881717,1,1
/mnt/h200_dataset/saad/datasets/images/ancestree/ReWIND/1_fake/viral_bfree/FAKE/FrsWi88WcAAx-4C/img04619.jpg,0.901575,1,1
/mnt/h200_dataset/saad/datasets/images/ancestree/ReWIND/1_fake/viral_bfree/FAKE/FrsWi88WcAAx-4C/img04360.jpg,0.906983,1,1
/mnt/h200_dataset/saad/datasets/images/ancestree/ReWIND/1_fake/viral_bfree/FAKE/FrsWi88WcAAx-4C/img04713.jpg,0.896251,1,1
/mnt/h200_dataset/saad/datasets/images/ancestree/ReWIND/1_fake/viral_bfree/FAKE/FrsWi88WcAAx-4C/img04562.jpg,0.917672,1,1
/mnt/h200_dataset/saad/datasets/images/ancestree/ReWIND/1_fake/viral_bfree/FAKE/FrsWi88WcAAx-4C/img04503.jpg,0.899563,1,1
/mnt/h200_dataset/saad/datasets/images/ancestree/ReWIND/1_fake/viral_bfree/FAKE/FrsWi88WcAAx-4C/img04581.jpg,0.895614,1,1
/mnt/h200_dataset/saad/datasets/images/ancestree/ReWIND/1_fake/viral_bfree/FAKE/FrsWi88WcAAx-4C/img04560.jpg,0.904144,1,1
/mnt/h200_dataset/saad/datasets/images/ancestree/ReWIND/1_fake/viral_bfree/FAKE/FrsWi88WcAAx-4C/img04685.jpg,0.570182,1,1
/mnt/h200_dataset/saad/datasets/images/ancestree/ReWIND/1_fake/viral_bfree/FAKE/FrsWi88WcAAx-4C/img04486.jpg,0.911888,1,1
/mnt/h200_dataset/saad/datasets/images/ancestree/ReWIND/1_fake/viral_bfree/FAKE/FrsWi88WcAAx-4C/img04724.jpg,0.817647,1,1
/mnt/h200_dataset/saad/datasets/images/ancestree/ReWIND/1_fake/viral_bfree/FAKE/FrsWi88WcAAx-4C/img04533.webp,0.883236,1,1
/mnt/h200_dataset/saad/datasets/images/ancestree/ReWIND/1_fake/viral_bfree/FAKE/FrsWi88WcAAx-4C/img04635.jpg,0.850096,1,1
/mnt/h200_dataset/saad/datasets/images/ancestree/ReWIND/1_fake/viral_bfree/FAKE/FrsWi88WcAAx-4C/img04651.jpg,0.854824,1,1
/mnt/h200_dataset/saad/datasets/images/ancestree/ReWIND/1_fake/viral_bfree/FAKE/FrsWi88WcAAx-4C/img04565.jpg,0.898678,1,1
/mnt/h200_dataset/saad/datasets/images/ancestree/ReWIND/1_fake/viral_bfree/FAKE/FrsWi88WcAAx-4C/img04591.jpg,0.909667,1,1
/mnt/h200_dataset/saad/datasets/images/ancestree/ReWIND/1_fake/viral_bfree/FAKE/FrsWi88WcAAx-4C/img04373.jpg,0.904735,1,1
/mnt/h200_dataset/saad/datasets/images/ancestree/ReWIND/1_fake/viral_bfree/FAKE/FrsWi88WcAAx-4C/img04660.jpg,0.873161,1,1
/mnt/h200_dataset/saad/datasets/images/ancestree/ReWIND/1_fake/viral_bfree/FAKE/FrsWi88WcAAx-4C/img04566.jpg,0.874453,1,1
/mnt/h200_dataset/saad/datasets/images/ancestree/ReWIND/1_fake/viral_bfree/FAKE/FrsWi88WcAAx-4C/img04707.jpg,0.879199,1,1
/mnt/h200_dataset/saad/datasets/images/ancestree/ReWIND/1_fake/viral_bfree/FAKE/FrsWi88WcAAx-4C/img04555.jpg,0.280962,0,1
/mnt/h200_dataset/saad/datasets/images/ancestree/ReWIND/1_fake/viral_bfree/FAKE/FrsWi88WcAAx-4C/img04289.jpg,0.920932,1,1
/mnt/h200_dataset/saad/datasets/images/ancestree/ReWIND/1_fake/viral_bfree/FAKE/FrsWi88WcAAx-4C/img04704.jpg,0.468471,0,1
/mnt/h200_dataset/saad/datasets/images/ancestree/ReWIND/1_fake/viral_bfree/FAKE/FrsWi88WcAAx-4C/img04669.jpg,0.880026,1,1
/mnt/h200_dataset/saad/datasets/images/ancestree/ReWIND/1_fake/viral_bfree/FAKE/FrsWi88WcAAx-4C/img04693.jpg,0.667202,1,1
/mnt/h200_dataset/saad/datasets/images/ancestree/ReWIND/1_fake/viral_bfree/FAKE/FrsWi88WcAAx-4C/img04403.jpg,0.641591,1,1
/mnt/h200_dataset/saad/datasets/images/ancestree/ReWIND/1_fake/viral_bfree/FAKE/FrsWi88WcAAx-4C/img04686.jpg,0.889816,1,1
/mnt/h200_dataset/saad/datasets/images/ancestree/ReWIND/1_fake/viral_bfree/FAKE/FrsWi88WcAAx-4C/img04609.jpg,0.625838,1,1
/mnt/h200_dataset/saad/datasets/images/ancestree/ReWIND/1_fake/viral_bfree/FAKE/FrsWi88WcAAx-4C/img04282.jpg,0.90114,1,1
/mnt/h200_dataset/saad/datasets/images/ancestree/ReWIND/1_fake/viral_bfree/FAKE/FrsWi88WcAAx-4C/img04645.jpg,0.866189,1,1
/mnt/h200_dataset/saad/datasets/images/ancestree/ReWIND/1_fake/viral_bfree/FAKE/FrsWi88WcAAx-4C/img04405.jpg,0.892656,1,1
/mnt/h200_dataset/saad/datasets/images/ancestree/ReWIND/1_fake/viral_bfree/FAKE/FrsWi88WcAAx-4C/img04377.jpg,0.902524,1,1
/mnt/h200_dataset/saad/datasets/images/ancestree/ReWIND/1_fake/viral_bfree/FAKE/FrsWi88WcAAx-4C/img04676.jpg,0.902266,1,1
/mnt/h200_dataset/saad/datasets/images/ancestree/ReWIND/1_fake/viral_bfree/FAKE/FrsWi88WcAAx-4C/img04706.jpg,0.597461,1,1
/mnt/h200_dataset/saad/datasets/images/ancestree/ReWIND/1_fake/viral_bfree/FAKE/FrsWi88WcAAx-4C/img04297.jpg,0.885928,1,1
/mnt/h200_dataset/saad/datasets/images/ancestree/ReWIND/1_fake/viral_bfree/FAKE/FrsWi88WcAAx-4C/img04564.jpg,0.909827,1,1
/mnt/h200_dataset/saad/datasets/images/ancestree/ReWIND/1_fake/viral_bfree/FAKE/FrsWi88WcAAx-4C/img04716.jpg,0.455274,0,1
/mnt/h200_dataset/saad/datasets/images/ancestree/ReWIND/1_fake/viral_bfree/FAKE/FrsWi88WcAAx-4C/img04558.jpg,0.905155,1,1
/mnt/h200_dataset/saad/datasets/images/ancestree/ReWIND/1_fake/viral_bfree/FAKE/FrsWi88WcAAx-4C/img04307.jpg,0.665193,1,1
/mnt/h200_dataset/saad/datasets/images/ancestree/ReWIND/1_fake/viral_bfree/FAKE/FrsWi88WcAAx-4C/img04611.jpg,0.810104,1,1
/mnt/h200_dataset/saad/datasets/images/ancestree/ReWIND/1_fake/viral_bfree/FAKE/FrsWi88WcAAx-4C/img04393.jpg,0.904229,1,1
/mnt/h200_dataset/saad/datasets/images/ancestree/ReWIND/1_fake/viral_bfree/FAKE/FrsWi88WcAAx-4C/img04494.jpg,0.851398,1,1
/mnt/h200_dataset/saad/datasets/images/ancestree/ReWIND/1_fake/viral_bfree/FAKE/FrsWi88WcAAx-4C/img04642.jpg,0.874453,1,1
/mnt/h200_dataset/saad/datasets/images/ancestree/ReWIND/1_fake/viral_bfree/FAKE/FrsWi88WcAAx-4C/img04335.jpg,0.895157,1,1
/mnt/h200_dataset/saad/datasets/images/ancestree/ReWIND/1_fake/viral_bfree/FAKE/FrsWi88WcAAx-4C/img04582.webp,0.885829,1,1
/mnt/h200_dataset/saad/datasets/images/ancestree/ReWIND/1_fake/viral_bfree/FAKE/FrsWi88WcAAx-4C/img04344.jpg,0.913445,1,1
/mnt/h200_dataset/saad/datasets/images/ancestree/ReWIND/1_fake/viral_bfree/FAKE/FrsWi88WcAAx-4C/img04671.jpg,0.755005,1,1
/mnt/h200_dataset/saad/datasets/images/ancestree/ReWIND/1_fake/viral_bfree/FAKE/FrsWi88WcAAx-4C/img04593.jpg,0.886125,1,1
/mnt/h200_dataset/saad/datasets/images/ancestree/ReWIND/1_fake/viral_bfree/FAKE/FrsWi88WcAAx-4C/img04312.jpg,0.826642,1,1
/mnt/h200_dataset/saad/datasets/images/ancestree/ReWIND/1_fake/viral_bfree/FAKE/FrsWi88WcAAx-4C/img04512.jpg,0.901053,1,1
/mnt/h200_dataset/saad/datasets/images/ancestree/ReWIND/1_fake/viral_bfree/FAKE/FrsWi88WcAAx-4C/img04570.jpg,0.908374,1,1
/mnt/h200_dataset/saad/datasets/images/ancestree/ReWIND/1_fake/viral_bfree/FAKE/FrsWi88WcAAx-4C/img04496.jpg,0.908212,1,1
/mnt/h200_dataset/saad/datasets/images/ancestree/ReWIND/1_fake/viral_bfree/FAKE/FrsWi88WcAAx-4C/img04614.jpg,0.905823,1,1
/mnt/h200_dataset/saad/datasets/images/ancestree/ReWIND/1_fake/viral_bfree/FAKE/FrsWi88WcAAx-4C/img04595.jpg,0.861771,1,1
/mnt/h200_dataset/saad/datasets/images/ancestree/ReWIND/1_fake/viral_bfree/FAKE/FrsWi88WcAAx-4C/img04406.jpg,0.910625,1,1
/mnt/h200_dataset/saad/datasets/images/ancestree/ReWIND/1_fake/viral_bfree/FAKE/FrsWi88WcAAx-4C/img04657.jpg,0.891717,1,1
/mnt/h200_dataset/saad/datasets/images/ancestree/ReWIND/1_fake/viral_bfree/FAKE/FrsWi88WcAAx-4C/img04499.jpg,0.857112,1,1
/mnt/h200_dataset/saad/datasets/images/ancestree/ReWIND/1_fake/viral_bfree/FAKE/FrsWi88WcAAx-4C/img04507.jpg,0.905155,1,1
/mnt/h200_dataset/saad/datasets/images/ancestree/ReWIND/1_fake/viral_bfree/FAKE/FrsWi88WcAAx-4C/img04287.webp,0.903209,1,1
/mnt/h200_dataset/saad/datasets/images/ancestree/ReWIND/1_fake/viral_bfree/FAKE/FrsWi88WcAAx-4C/img04631.jpg,0.90372,1,1
/mnt/h200_dataset/saad/datasets/images/ancestree/ReWIND/1_fake/viral_bfree/FAKE/FrsWi88WcAAx-4C/img04505.jpg,0.903379,1,1
/mnt/h200_dataset/saad/datasets/images/ancestree/ReWIND/1_fake/viral_bfree/FAKE/FrsWi88WcAAx-4C/img04295.jpg,0.888759,1,1
/mnt/h200_dataset/saad/datasets/images/ancestree/ReWIND/1_fake/viral_bfree/FAKE/FrsWi88WcAAx-4C/img04607.jpg,0.909506,1,1
/mnt/h200_dataset/saad/datasets/images/ancestree/ReWIND/1_fake/viral_bfree/FAKE/FrsWi88WcAAx-4C/img04703.jpg,0.873808,1,1
/mnt/h200_dataset/saad/datasets/images/ancestree/ReWIND/1_fake/viral_bfree/FAKE/FrsWi88WcAAx-4C/img04670.jpg,0.900792,1,1
/mnt/h200_dataset/saad/datasets/images/ancestree/ReWIND/1_fake/viral_bfree/FAKE/FrsWi88WcAAx-4C/img04574.jpg,0.908618,1,1
/mnt/h200_dataset/saad/datasets/images/ancestree/ReWIND/1_fake/viral_bfree/FAKE/FrsWi88WcAAx-4C/img04579.png,0.89616,1,1
/mnt/h200_dataset/saad/datasets/images/ancestree/ReWIND/1_fake/viral_bfree/FAKE/FrsWi88WcAAx-4C/img04489.jpg,0.912124,1,1
/mnt/h200_dataset/saad/datasets/images/ancestree/ReWIND/1_fake/viral_bfree/FAKE/FrsWi88WcAAx-4C/img04604.jpg,0.894052,1,1
/mnt/h200_dataset/saad/datasets/images/ancestree/ReWIND/1_fake/viral_bfree/FAKE/FrsWi88WcAAx-4C/img04523.jpg,0.89921,1,1
/mnt/h200_dataset/saad/datasets/images/ancestree/ReWIND/1_fake/viral_bfree/FAKE/FrsWi88WcAAx-4C/img04321.webp,0.676353,1,1
/mnt/h200_dataset/saad/datasets/images/ancestree/ReWIND/1_fake/viral_bfree/FAKE/FrsWi88WcAAx-4C/img04287.jpg,0.906653,1,1
/mnt/h200_dataset/saad/datasets/images/ancestree/ReWIND/1_fake/viral_bfree/FAKE/FrsWi88WcAAx-4C/img04483.jpg,0.892656,1,1
/mnt/h200_dataset/saad/datasets/images/ancestree/ReWIND/1_fake/viral_bfree/FAKE/FrsWi88WcAAx-4C/img04548.jpg,0.90813,1,1
/mnt/h200_dataset/saad/datasets/images/ancestree/ReWIND/1_fake/viral_bfree/FAKE/FrsWi88WcAAx-4C/img04346.jpg,0.895796,1,1
/mnt/h200_dataset/saad/datasets/images/ancestree/ReWIND/1_fake/viral_bfree/FAKE/FrsWi88WcAAx-4C/img04462.jpg,0.90372,1,1
/mnt/h200_dataset/saad/datasets/images/ancestree/ReWIND/1_fake/viral_bfree/FAKE/FrsWi88WcAAx-4C/img04342.webp,0.90218,1,1
/mnt/h200_dataset/saad/datasets/images/ancestree/ReWIND/1_fake/viral_bfree/FAKE/FrsWi88WcAAx-4C/img04332.jpg,0.905907,1,1
/mnt/h200_dataset/saad/datasets/images/ancestree/ReWIND/1_fake/viral_bfree/FAKE/FrsWi88WcAAx-4C/img04666.jpg,0.887887,1,1
/mnt/h200_dataset/saad/datasets/images/ancestree/ReWIND/1_fake/viral_bfree/FAKE/FrsWi88WcAAx-4C/img04552.jpg,0.910942,1,1
/mnt/h200_dataset/saad/datasets/images/ancestree/ReWIND/1_fake/viral_bfree/FAKE/FrsWi88WcAAx-4C/img04478.jpg,0.894329,1,1
/mnt/h200_dataset/saad/datasets/images/ancestree/ReWIND/1_fake/viral_bfree/FAKE/FrsWi88WcAAx-4C/img04329.jpg,0.924552,1,1
/mnt/h200_dataset/saad/datasets/images/ancestree/ReWIND/1_fake/viral_bfree/FAKE/FrsWi88WcAAx-4C/img04596.jpg,0.809201,1,1
/mnt/h200_dataset/saad/datasets/images/ancestree/ReWIND/1_fake/viral_bfree/FAKE/FrsWi88WcAAx-4C/img04313.jpg,0.909987,1,1
/mnt/h200_dataset/saad/datasets/images/ancestree/ReWIND/1_fake/viral_bfree/FAKE/FrsWi88WcAAx-4C/img04577.jpg,0.90764,1,1
/mnt/h200_dataset/saad/datasets/images/ancestree/ReWIND/1_fake/viral_bfree/FAKE/FrsWi88WcAAx-4C/img04532.jpg,0.910545,1,1
/mnt/h200_dataset/saad/datasets/images/ancestree/ReWIND/1_fake/viral_bfree/FAKE/FrsWi88WcAAx-4C/img04476.jpg,0.903465,1,1
/mnt/h200_dataset/saad/datasets/images/ancestree/ReWIND/1_fake/viral_bfree/FAKE/FrsWi88WcAAx-4C/img04370.jpg,0.869438,1,1
/mnt/h200_dataset/saad/datasets/images/ancestree/ReWIND/1_fake/viral_bfree/FAKE/FrsWi88WcAAx-4C/img04448.webp,0.558508,1,1
/mnt/h200_dataset/saad/datasets/images/ancestree/ReWIND/1_fake/viral_bfree/FAKE/FrsWi88WcAAx-4C/img04632.jpg,0.891055,1,1
/mnt/h200_dataset/saad/datasets/images/ancestree/ReWIND/1_fake/viral_bfree/FAKE/FrsWi88WcAAx-4C/img04583.jpg,0.860134,1,1
/mnt/h200_dataset/saad/datasets/images/ancestree/ReWIND/1_fake/viral_bfree/FAKE/FrsWi88WcAAx-4C/img04705.jpg,0.835819,1,1
/mnt/h200_dataset/saad/datasets/images/ancestree/ReWIND/1_fake/viral_bfree/FAKE/FrsWi88WcAAx-4C/img04299.jpg,0.904735,1,1
/mnt/h200_dataset/saad/datasets/images/ancestree/ReWIND/1_fake/viral_bfree/FAKE/FrsWi88WcAAx-4C/img04667.jpg,0.895523,1,1
/mnt/h200_dataset/saad/datasets/images/ancestree/ReWIND/1_fake/viral_bfree/FAKE/FrsWi88WcAAx-4C/img04537.jpg,0.893867,1,1
/mnt/h200_dataset/saad/datasets/images/ancestree/ReWIND/1_fake/viral_bfree/FAKE/FrsWi88WcAAx-4C/img04700.jpg,0.861655,1,1
/mnt/h200_dataset/saad/datasets/images/ancestree/ReWIND/1_fake/viral_bfree/FAKE/FrsWi88WcAAx-4C/img04708.jpg,0.827967,1,1
/mnt/h200_dataset/saad/datasets/images/ancestree/ReWIND/1_fake/viral_bfree/FAKE/FrsWi88WcAAx-4C/img04622.jpg,0.908861,1,1
/mnt/h200_dataset/saad/datasets/images/ancestree/ReWIND/1_fake/viral_bfree/FAKE/FrsWi88WcAAx-4C/img04534.jpg,0.899563,1,1
/mnt/h200_dataset/saad/datasets/images/ancestree/ReWIND/1_fake/viral_bfree/FAKE/FrsWi88WcAAx-4C/img04587.jpg,0.913368,1,1
/mnt/h200_dataset/saad/datasets/images/ancestree/ReWIND/1_fake/viral_bfree/FAKE/FrsWi88WcAAx-4C/img04340.jpg,0.889912,1,1
/mnt/h200_dataset/saad/datasets/images/ancestree/ReWIND/1_fake/viral_bfree/FAKE/FrsWi88WcAAx-4C/img04663.jpg,0.894605,1,1
/mnt/h200_dataset/saad/datasets/images/ancestree/ReWIND/1_fake/viral_bfree/FAKE/FrsWi88WcAAx-4C/img04336.jpg,0.904397,1,1
/mnt/h200_dataset/saad/datasets/images/ancestree/ReWIND/1_fake/viral_bfree/FAKE/FrsWi88WcAAx-4C/img04457.jpg,0.900179,1,1
/mnt/h200_dataset/saad/datasets/images/ancestree/ReWIND/1_fake/viral_bfree/FAKE/FrsWi88WcAAx-4C/img04477.jpg,0.891905,1,1
/mnt/h200_dataset/saad/datasets/images/ancestree/ReWIND/1_fake/viral_bfree/FAKE/FrsWi88WcAAx-4C/img04605.png,0.799521,1,1
/mnt/h200_dataset/saad/datasets/images/ancestree/ReWIND/1_fake/viral_bfree/FAKE/FrsWi88WcAAx-4C/img04623.jpg,0.898232,1,1
/mnt/h200_dataset/saad/datasets/images/ancestree/ReWIND/1_fake/viral_bfree/FAKE/FrsWi88WcAAx-4C/img04357.png,0.90114,1,1
/mnt/h200_dataset/saad/datasets/images/ancestree/ReWIND/1_fake/viral_bfree/FAKE/FrsWi88WcAAx-4C/img04559.jpg,0.891622,1,1
/mnt/h200_dataset/saad/datasets/images/ancestree/ReWIND/1_fake/viral_bfree/FAKE/FrsWi88WcAAx-4C/img04584.jpg,0.903209,1,1
/mnt/h200_dataset/saad/datasets/images/ancestree/ReWIND/1_fake/viral_bfree/FAKE/FrsWi88WcAAx-4C/img04330.jpg,0.896704,1,1
/mnt/h200_dataset/saad/datasets/images/ancestree/ReWIND/1_fake/viral_bfree/FAKE/FrsWi88WcAAx-4C/img04525.jpg,0.89974,1,1
/mnt/h200_dataset/saad/datasets/images/ancestree/ReWIND/1_fake/viral_bfree/FAKE/FrsWi88WcAAx-4C/img04576.jpg,0.642713,1,1
/mnt/h200_dataset/saad/datasets/images/ancestree/ReWIND/1_fake/viral_bfree/FAKE/FrsWi88WcAAx-4C/img04718.jpg,0.49043,0,1
/mnt/h200_dataset/saad/datasets/images/ancestree/ReWIND/1_fake/viral_bfree/FAKE/FrsWi88WcAAx-4C/img04540.jpg,0.908456,1,1
/mnt/h200_dataset/saad/datasets/images/ancestree/ReWIND/1_fake/viral_bfree/FAKE/FrsWi88WcAAx-4C/img04397.webp,0.870652,1,1
/mnt/h200_dataset/saad/datasets/images/ancestree/ReWIND/1_fake/viral_bfree/FAKE/FrsWi88WcAAx-4C/img04521.jpg,0.882933,1,1
/mnt/h200_dataset/saad/datasets/images/ancestree/ReWIND/1_fake/viral_bfree/FAKE/FrsWi88WcAAx-4C/img04569.jpg,0.911338,1,1
/mnt/h200_dataset/saad/datasets/images/ancestree/ReWIND/1_fake/viral_bfree/FAKE/FrsWi88WcAAx-4C/img04567.jpg,0.88642,1,1
/mnt/h200_dataset/saad/datasets/images/ancestree/ReWIND/1_fake/viral_bfree/FAKE/FrsWi88WcAAx-4C/img04655.jpg,0.614886,1,1
/mnt/h200_dataset/saad/datasets/images/ancestree/ReWIND/1_fake/viral_bfree/FAKE/FrsWi88WcAAx-4C/img04590.png,0.903294,1,1
/mnt/h200_dataset/saad/datasets/images/ancestree/ReWIND/1_fake/viral_bfree/FAKE/FrsWi88WcAAx-4C/img04630.jpg,0.879406,1,1
/mnt/h200_dataset/saad/datasets/images/ancestree/ReWIND/1_fake/viral_bfree/FAKE/FrsWi88WcAAx-4C/img04300.jpg,0.839142,1,1
/mnt/h200_dataset/saad/datasets/images/ancestree/ReWIND/1_fake/viral_bfree/FAKE/FrsWi88WcAAx-4C/img04648.jpg,0.909827,1,1
/mnt/h200_dataset/saad/datasets/images/ancestree/ReWIND/1_fake/viral_bfree/FAKE/FrsWi88WcAAx-4C/img04337.jpg,0.907148,1,1
/mnt/h200_dataset/saad/datasets/images/ancestree/ReWIND/1_fake/viral_bfree/FAKE/FrsWi88WcAAx-4C/img04553.jpg,0.908293,1,1
/mnt/h200_dataset/saad/datasets/images/ancestree/ReWIND/1_fake/viral_bfree/FAKE/FrsWi88WcAAx-4C/img04372.jpg,0.913445,1,1
/mnt/h200_dataset/saad/datasets/images/ancestree/ReWIND/1_fake/viral_bfree/FAKE/FrsWi88WcAAx-4C/img04497.jpg,0.903975,1,1
/mnt/h200_dataset/saad/datasets/images/ancestree/ReWIND/1_fake/viral_bfree/FAKE/FrsWi88WcAAx-4C/img04652.jpg,0.884139,1,1
/mnt/h200_dataset/saad/datasets/images/ancestree/ReWIND/1_fake/viral_bfree/FAKE/FrsWi88WcAAx-4C/img04520.jpg,0.907476,1,1
/mnt/h200_dataset/saad/datasets/images/ancestree/ReWIND/1_fake/viral_bfree/FAKE/FrsWi88WcAAx-4C/img04404.jpg,0.895157,1,1
/mnt/h200_dataset/saad/datasets/images/ancestree/ReWIND/1_fake/viral_bfree/FAKE/FrsWi88WcAAx-4C/img04709.jpg,0.713881,1,1
/mnt/h200_dataset/saad/datasets/images/ancestree/ReWIND/1_fake/viral_bfree/FAKE/FrsWi88WcAAx-4C/img04498.jpg,0.901401,1,1
/mnt/h200_dataset/saad/datasets/images/ancestree/ReWIND/1_fake/viral_bfree/FAKE/FrsWi88WcAAx-4C/img04304.jpg,0.882833,1,1
/mnt/h200_dataset/saad/datasets/images/ancestree/ReWIND/1_fake/viral_bfree/FAKE/FrsWi88WcAAx-4C/img04283.jpg,0.848031,1,1
/mnt/h200_dataset/saad/datasets/images/ancestree/ReWIND/1_fake/viral_bfree/FAKE/FrsWi88WcAAx-4C/img04508.jpg,0.906322,1,1
/mnt/h200_dataset/saad/datasets/images/ancestree/ReWIND/1_fake/viral_bfree/FAKE/FrsWi88WcAAx-4C/img04578.jpg,0.875361,1,1
/mnt/h200_dataset/saad/datasets/images/ancestree/ReWIND/1_fake/viral_bfree/FAKE/FrsWi88WcAAx-4C/img04637.png,0.883939,1,1
/mnt/h200_dataset/saad/datasets/images/ancestree/ReWIND/1_fake/viral_bfree/FAKE/FrsWi88WcAAx-4C/img04306.jpg,0.909907,1,1
/mnt/h200_dataset/saad/datasets/images/ancestree/ReWIND/1_fake/viral_bfree/FAKE/FrsWi88WcAAx-4C/img04516.jpg,0.908456,1,1
/mnt/h200_dataset/saad/datasets/images/ancestree/ReWIND/1_fake/viral_bfree/FAKE/FrsWiwRXwAAi6Qq/img04952.jpg,0.857709,1,1
/mnt/h200_dataset/saad/datasets/images/ancestree/ReWIND/1_fake/viral_bfree/FAKE/FrsWiwRXwAAi6Qq/img04920.jpg,0.840652,1,1
/mnt/h200_dataset/saad/datasets/images/ancestree/ReWIND/1_fake/viral_bfree/FAKE/FrsWiwRXwAAi6Qq/img04701.jpg,0.869327,1,1
/mnt/h200_dataset/saad/datasets/images/ancestree/ReWIND/1_fake/viral_bfree/FAKE/FrsWiwRXwAAi6Qq/img04955.jpg,0.852813,1,1
/mnt/h200_dataset/saad/datasets/images/ancestree/ReWIND/1_fake/viral_bfree/FAKE/FrsWiwRXwAAi6Qq/img04876.jpg,0.875415,1,1
/mnt/h200_dataset/saad/datasets/images/ancestree/ReWIND/1_fake/viral_bfree/FAKE/FrsWiwRXwAAi6Qq/img04668.jpg,0.875308,1,1
/mnt/h200_dataset/saad/datasets/images/ancestree/ReWIND/1_fake/viral_bfree/FAKE/FrsWiwRXwAAi6Qq/img04860.jpg,0.837421,1,1
/mnt/h200_dataset/saad/datasets/images/ancestree/ReWIND/1_fake/viral_bfree/FAKE/FrsWiwRXwAAi6Qq/img04719.jpg,0.872075,1,1
/mnt/h200_dataset/saad/datasets/images/ancestree/ReWIND/1_fake/viral_bfree/FAKE/FrsWiwRXwAAi6Qq/img04953.jpg,0.788339,1,1
/mnt/h200_dataset/saad/datasets/images/ancestree/ReWIND/1_fake/viral_bfree/FAKE/FrsWiwRXwAAi6Qq/img04691.jpg,0.850717,1,1
/mnt/h200_dataset/saad/datasets/images/ancestree/ReWIND/1_fake/viral_bfree/FAKE/FrsWiwRXwAAi6Qq/img04689.jpg,0.861829,1,1
/mnt/h200_dataset/saad/datasets/images/ancestree/ReWIND/1_fake/viral_bfree/FAKE/FrsWiwRXwAAi6Qq/img04880.jpg,0.860076,1,1
/mnt/h200_dataset/saad/datasets/images/ancestree/ReWIND/1_fake/viral_bfree/FAKE/FrsWiwRXwAAi6Qq/img04899.jpg,0.872998,1,1
/mnt/h200_dataset/saad/datasets/images/ancestree/ReWIND/1_fake/viral_bfree/FAKE/FrsWiwRXwAAi6Qq/img04763.jpg,0.877004,1,1
/mnt/h200_dataset/saad/datasets/images/ancestree/ReWIND/1_fake/viral_bfree/FAKE/FrsWiwRXwAAi6Qq/img04720.jpg,0.871857,1,1
/mnt/h200_dataset/saad/datasets/images/ancestree/ReWIND/1_fake/viral_bfree/FAKE/FrsWiwRXwAAi6Qq/img04782.jpg,0.871639,1,1
/mnt/h200_dataset/saad/datasets/images/ancestree/ReWIND/1_fake/viral_bfree/FAKE/FrsWiwRXwAAi6Qq/img04786.jpg,0.874881,1,1
/mnt/h200_dataset/saad/datasets/images/ancestree/ReWIND/1_fake/viral_bfree/FAKE/FrsWiwRXwAAi6Qq/img04862.jpg,0.867542,1,1
/mnt/h200_dataset/saad/datasets/images/ancestree/ReWIND/1_fake/viral_bfree/FAKE/FrsWiwRXwAAi6Qq/img04726.jpg,0.855308,1,1
/mnt/h200_dataset/saad/datasets/images/ancestree/ReWIND/1_fake/viral_bfree/FAKE/FrsWiwRXwAAi6Qq/img04777.jpg,0.858955,1,1
/mnt/h200_dataset/saad/datasets/images/ancestree/ReWIND/1_fake/viral_bfree/FAKE/FrsWiwRXwAAi6Qq/img04941.jpg,0.813238,1,1
/mnt/h200_dataset/saad/datasets/images/ancestree/ReWIND/1_fake/viral_bfree/FAKE/FrsWiwRXwAAi6Qq/img04864.jpg,0.868771,1,1
/mnt/h200_dataset/saad/datasets/images/ancestree/ReWIND/1_fake/viral_bfree/FAKE/FrsWiwRXwAAi6Qq/img04723.jpg,0.590809,1,1
/mnt/h200_dataset/saad/datasets/images/ancestree/ReWIND/1_fake/viral_bfree/FAKE/FrsWiwRXwAAi6Qq/img04680.jpg,0.875946,1,1
/mnt/h200_dataset/saad/datasets/images/ancestree/ReWIND/1_fake/viral_bfree/FAKE/FrsWiwRXwAAi6Qq/img04695.jpg,0.870322,1,1
/mnt/h200_dataset/saad/datasets/images/ancestree/ReWIND/1_fake/viral_bfree/FAKE/FrsWiwRXwAAi6Qq/img04907.jpg,0.883337,1,1
/mnt/h200_dataset/saad/datasets/images/ancestree/ReWIND/1_fake/viral_bfree/FAKE/FrsWiwRXwAAi6Qq/img04737.jpg,0.85984,1,1
/mnt/h200_dataset/saad/datasets/images/ancestree/ReWIND/1_fake/viral_bfree/FAKE/FrsWiwRXwAAi6Qq/img04910.jpg,0.857947,1,1
/mnt/h200_dataset/saad/datasets/images/ancestree/ReWIND/1_fake/viral_bfree/FAKE/FrsWiwRXwAAi6Qq/img04901.png,0.869049,1,1
/mnt/h200_dataset/saad/datasets/images/ancestree/ReWIND/1_fake/viral_bfree/FAKE/FrsWiwRXwAAi6Qq/img04874.jpg,0.875308,1,1
/mnt/h200_dataset/saad/datasets/images/ancestree/ReWIND/1_fake/viral_bfree/FAKE/FrsWiwRXwAAi6Qq/img04855.jpg,0.751375,1,1
/mnt/h200_dataset/saad/datasets/images/ancestree/ReWIND/1_fake/viral_bfree/FAKE/FrsWiwRXwAAi6Qq/img04909.jpg,0.872293,1,1
/mnt/h200_dataset/saad/datasets/images/ancestree/ReWIND/1_fake/viral_bfree/FAKE/FrsWiwRXwAAi6Qq/img04897.jpg,0.87397,1,1
/mnt/h200_dataset/saad/datasets/images/ancestree/ReWIND/1_fake/viral_bfree/FAKE/FrsWiwRXwAAi6Qq/img04717.jpg,0.876423,1,1
/mnt/h200_dataset/saad/datasets/images/ancestree/ReWIND/1_fake/viral_bfree/FAKE/FrsWiwRXwAAi6Qq/img04967.jpg,0.78374,1,1
/mnt/h200_dataset/saad/datasets/images/ancestree/ReWIND/1_fake/viral_bfree/FAKE/FrsWiwRXwAAi6Qq/img04682.jpg,0.8474,1,1
/mnt/h200_dataset/saad/datasets/images/ancestree/ReWIND/1_fake/viral_bfree/FAKE/FrsWiwRXwAAi6Qq/img04722.jpg,0.565629,1,1
/mnt/h200_dataset/saad/datasets/images/ancestree/ReWIND/1_fake/viral_bfree/FAKE/FrsWiwRXwAAi6Qq/img04852.jpg,0.881411,1,1
/mnt/h200_dataset/saad/datasets/images/ancestree/ReWIND/1_fake/viral_bfree/FAKE/FrsWiwRXwAAi6Qq/img04715.jpg,0.874988,1,1
/mnt/h200_dataset/saad/datasets/images/ancestree/ReWIND/1_fake/viral_bfree/FAKE/FrsWiwRXwAAi6Qq/img04902.png,0.850033,1,1
/mnt/h200_dataset/saad/datasets/images/ancestree/ReWIND/1_fake/viral_bfree/FAKE/FrsWiwRXwAAi6Qq/img04925.jpg,0.80077,1,1
/mnt/h200_dataset/saad/datasets/images/ancestree/ReWIND/1_fake/viral_bfree/FAKE/FrsWiwRXwAAi6Qq/img04766.jpg,0.857589,1,1
/mnt/h200_dataset/saad/datasets/images/ancestree/ReWIND/1_fake/viral_bfree/FAKE/FrsWiwRXwAAi6Qq/img04665.jpg,0.875308,1,1
/mnt/h200_dataset/saad/datasets/images/ancestree/ReWIND/1_fake/viral_bfree/FAKE/FrsWiwRXwAAi6Qq/img04683.jpg,0.8474,1,1
/mnt/h200_dataset/saad/datasets/images/ancestree/ReWIND/1_fake/viral_bfree/FAKE/FrsWiwRXwAAi6Qq/img04727.jpg,0.789315,1,1
/mnt/h200_dataset/saad/datasets/images/ancestree/ReWIND/1_fake/viral_bfree/FAKE/FrsWiwRXwAAi6Qq/img04934.png,0.816772,1,1
/mnt/h200_dataset/saad/datasets/images/ancestree/ReWIND/1_fake/viral_bfree/FAKE/FrsWiwRXwAAi6Qq/img04699.jpg,0.825097,1,1
/mnt/h200_dataset/saad/datasets/images/ancestree/ReWIND/1_fake/viral_bfree/FAKE/FrsWiwRXwAAi6Qq/img04858.jpg,0.856752,1,1
/mnt/h200_dataset/saad/datasets/images/ancestree/ReWIND/1_fake/viral_bfree/FAKE/FrsWiwRXwAAi6Qq/img04859.jpg,0.875415,1,1
/mnt/h200_dataset/saad/datasets/images/ancestree/ReWIND/1_fake/viral_bfree/FAKE/FrsWiwRXwAAi6Qq/img04694.jpg,0.73173,1,1
/mnt/h200_dataset/saad/datasets/images/ancestree/ReWIND/1_fake/viral_bfree/FAKE/FrsWiwRXwAAi6Qq/img04783.jpg,0.820037,1,1
/mnt/h200_dataset/saad/datasets/images/ancestree/ReWIND/1_fake/viral_bfree/FAKE/FrsWiwRXwAAi6Qq/img04959.jpg,0.852199,1,1
/mnt/h200_dataset/saad/datasets/images/ancestree/ReWIND/1_fake/viral_bfree/FAKE/FrsWiwRXwAAi6Qq/img04750.jpg,0.702785,1,1
/mnt/h200_dataset/saad/datasets/images/ancestree/ReWIND/1_fake/viral_bfree/FAKE/FrsWiwRXwAAi6Qq/img04940.webp,0.854885,1,1
/mnt/h200_dataset/saad/datasets/images/ancestree/ReWIND/1_fake/viral_bfree/FAKE/FrsWiwRXwAAi6Qq/img04948.jpg,0.867261,1,1
/mnt/h200_dataset/saad/datasets/images/ancestree/ReWIND/1_fake/viral_bfree/FAKE/FrsWiwRXwAAi6Qq/img04743.jpg,0.866641,1,1
/mnt/h200_dataset/saad/datasets/images/ancestree/ReWIND/1_fake/viral_bfree/FAKE/FrsWiwRXwAAi6Qq/img04950.png,0.866415,1,1
/mnt/h200_dataset/saad/datasets/images/ancestree/ReWIND/1_fake/viral_bfree/FAKE/FrsWiwRXwAAi6Qq/img04673.jpg,0.862294,1,1
/mnt/h200_dataset/saad/datasets/images/ancestree/ReWIND/1_fake/viral_bfree/FAKE/FrsWiwRXwAAi6Qq/img04960.jpg,0.775265,1,1
/mnt/h200_dataset/saad/datasets/images/ancestree/ReWIND/1_fake/viral_bfree/FAKE/FrsWiwRXwAAi6Qq/img04734.jpg,0.866246,1,1
/mnt/h200_dataset/saad/datasets/images/ancestree/ReWIND/1_fake/viral_bfree/FAKE/FrsWiwRXwAAi6Qq/img04878.jpg,0.870212,1,1
/mnt/h200_dataset/saad/datasets/images/ancestree/ReWIND/1_fake/viral_bfree/FAKE/FrsWiwRXwAAi6Qq/img04929.jpg,0.850779,1,1
/mnt/h200_dataset/saad/datasets/images/ancestree/ReWIND/1_fake/viral_bfree/FAKE/FrsWiwRXwAAi6Qq/img04893.jpg,0.872402,1,1
/mnt/h200_dataset/saad/datasets/images/ancestree/ReWIND/1_fake/viral_bfree/FAKE/FrsWiwRXwAAi6Qq/img04877.jpg,0.884738,1,1
/mnt/h200_dataset/saad/datasets/images/ancestree/ReWIND/1_fake/viral_bfree/FAKE/FrsWiwRXwAAi6Qq/img04773.jpg,0.372049,0,1
/mnt/h200_dataset/saad/datasets/images/ancestree/ReWIND/1_fake/viral_bfree/FAKE/FrsWiwRXwAAi6Qq/img04964.jpg,0.46261,0,1
/mnt/h200_dataset/saad/datasets/images/ancestree/ReWIND/1_fake/viral_bfree/FAKE/FrsWiwRXwAAi6Qq/img04851.jpg,0.875946,1,1
/mnt/h200_dataset/saad/datasets/images/ancestree/ReWIND/1_fake/viral_bfree/FAKE/FrsWiwRXwAAi6Qq/img04721.jpg,0.590809,1,1
/mnt/h200_dataset/saad/datasets/images/ancestree/ReWIND/1_fake/viral_bfree/FAKE/FrsWiwRXwAAi6Qq/img04866.jpg,0.856512,1,1
/mnt/h200_dataset/saad/datasets/images/ancestree/ReWIND/1_fake/viral_bfree/FAKE/FrsWiwRXwAAi6Qq/img04896.jpg,0.86148,1,1
/mnt/h200_dataset/saad/datasets/images/ancestree/ReWIND/1_fake/viral_bfree/FAKE/FrsWiwRXwAAi6Qq/img04919.jpg,0.890008,1,1
/mnt/h200_dataset/saad/datasets/images/ancestree/ReWIND/1_fake/viral_bfree/FAKE/FrsWiwRXwAAi6Qq/img04871.jpg,0.856632,1,1
/mnt/h200_dataset/saad/datasets/images/ancestree/ReWIND/1_fake/viral_bfree/FAKE/FrsWiwRXwAAi6Qq/img04938.jpg,0.855791,1,1
/mnt/h200_dataset/saad/datasets/images/ancestree/ReWIND/1_fake/viral_bfree/FAKE/FrsWiwRXwAAi6Qq/img04674.jpg,0.863794,1,1
/mnt/h200_dataset/saad/datasets/images/ancestree/ReWIND/1_fake/viral_bfree/FAKE/FrsWiwRXwAAi6Qq/img04861.jpg,0.868437,1,1
/mnt/h200_dataset/saad/datasets/images/ancestree/ReWIND/1_fake/viral_bfree/FAKE/FrsWiwRXwAAi6Qq/img04894.webp,0.846133,1,1
/mnt/h200_dataset/saad/datasets/images/ancestree/ReWIND/1_fake/viral_bfree/FAKE/FrsWiwRXwAAi6Qq/img04932.jpg,0.835953,1,1
/mnt/h200_dataset/saad/datasets/images/ancestree/ReWIND/1_fake/viral_bfree/FAKE/FrsWiwRXwAAi6Qq/img04943.jpg,0.875202,1,1
/mnt/h200_dataset/saad/datasets/images/ancestree/ReWIND/1_fake/viral_bfree/FAKE/FrsWiwRXwAAi6Qq/img04870.jpg,0.876793,1,1
/mnt/h200_dataset/saad/datasets/images/ancestree/ReWIND/1_fake/viral_bfree/FAKE/FrsWiwRXwAAi6Qq/img04865.jpg,0.875308,1,1
/mnt/h200_dataset/saad/datasets/images/ancestree/ReWIND/1_fake/viral_bfree/FAKE/FrsWiwRXwAAi6Qq/img04942.jpg,0.806319,1,1
/mnt/h200_dataset/saad/datasets/images/ancestree/ReWIND/1_fake/viral_bfree/FAKE/FrsWiwRXwAAi6Qq/img04873.jpg,0.846895,1,1
/mnt/h200_dataset/saad/datasets/images/ancestree/ReWIND/1_fake/viral_bfree/FAKE/FrsWiwRXwAAi6Qq/img04957.jpg,0.698998,1,1
/mnt/h200_dataset/saad/datasets/images/ancestree/ReWIND/1_fake/viral_bfree/FAKE/FrsWiwRXwAAi6Qq/img04898.png,0.863334,1,1
/mnt/h200_dataset/saad/datasets/images/ancestree/ReWIND/1_fake/viral_bfree/FAKE/FrsWiwRXwAAi6Qq/img04915.jpg,0.886125,1,1
/mnt/h200_dataset/saad/datasets/images/ancestree/ReWIND/1_fake/viral_bfree/FAKE/FrsWiwRXwAAi6Qq/img04732.jpg,0.869493,1,1
/mnt/h200_dataset/saad/datasets/images/ancestree/ReWIND/1_fake/viral_bfree/FAKE/FrsWiwRXwAAi6Qq/img04738.jpg,0.890199,1,1
/mnt/h200_dataset/saad/datasets/images/ancestree/ReWIND/1_fake/viral_bfree/FAKE/FrsWiwRXwAAi6Qq/img04868.png,0.875308,1,1
/mnt/h200_dataset/saad/datasets/images/ancestree/ReWIND/1_fake/viral_bfree/FAKE/FrsWiwRXwAAi6Qq/img04713.jpg,0.868548,1,1
/mnt/h200_dataset/saad/datasets/images/ancestree/ReWIND/1_fake/viral_bfree/FAKE/FrsWiwRXwAAi6Qq/img04685.jpg,0.86977,1,1
/mnt/h200_dataset/saad/datasets/images/ancestree/ReWIND/1_fake/viral_bfree/FAKE/FrsWiwRXwAAi6Qq/img04906.jpg,0.765155,1,1
/mnt/h200_dataset/saad/datasets/images/ancestree/ReWIND/1_fake/viral_bfree/FAKE/FrsWiwRXwAAi6Qq/img04724.jpg,0.803405,1,1
/mnt/h200_dataset/saad/datasets/images/ancestree/ReWIND/1_fake/viral_bfree/FAKE/FrsWiwRXwAAi6Qq/img04882.jpg,0.867373,1,1
/mnt/h200_dataset/saad/datasets/images/ancestree/ReWIND/1_fake/viral_bfree/FAKE/FrsWiwRXwAAi6Qq/img04937.jpg,0.82011,1,1
/mnt/h200_dataset/saad/datasets/images/ancestree/ReWIND/1_fake/viral_bfree/FAKE/FrsWiwRXwAAi6Qq/img04728.jpg,0.879716,1,1
/mnt/h200_dataset/saad/datasets/images/ancestree/ReWIND/1_fake/viral_bfree/FAKE/FrsWiwRXwAAi6Qq/img04869.jpg,0.875308,1,1
/mnt/h200_dataset/saad/datasets/images/ancestree/ReWIND/1_fake/viral_bfree/FAKE/FrsWiwRXwAAi6Qq/img04751.jpg,0.861829,1,1
/mnt/h200_dataset/saad/datasets/images/ancestree/ReWIND/1_fake/viral_bfree/FAKE/FrsWiwRXwAAi6Qq/img04760.jpg,0.871201,1,1
/mnt/h200_dataset/saad/datasets/images/ancestree/ReWIND/1_fake/viral_bfree/FAKE/FrsWiwRXwAAi6Qq/img04749.jpg,0.870872,1,1
/mnt/h200_dataset/saad/datasets/images/ancestree/ReWIND/1_fake/viral_bfree/FAKE/FrsWiwRXwAAi6Qq/img04707.jpg,0.864939,1,1
/mnt/h200_dataset/saad/datasets/images/ancestree/ReWIND/1_fake/viral_bfree/FAKE/FrsWiwRXwAAi6Qq/img04947.jpg,0.857351,1,1
/mnt/h200_dataset/saad/datasets/images/ancestree/ReWIND/1_fake/viral_bfree/FAKE/FrsWiwRXwAAi6Qq/img04931.jpg,0.860252,1,1
/mnt/h200_dataset/saad/datasets/images/ancestree/ReWIND/1_fake/viral_bfree/FAKE/FrsWiwRXwAAi6Qq/img04693.jpg,0.876634,1,1
/mnt/h200_dataset/saad/datasets/images/ancestree/ReWIND/1_fake/viral_bfree/FAKE/FrsWiwRXwAAi6Qq/img04710.webp,0.871311,1,1
/mnt/h200_dataset/saad/datasets/images/ancestree/ReWIND/1_fake/viral_bfree/FAKE/FrsWiwRXwAAi6Qq/img04956.jpg,0.854095,1,1
/mnt/h200_dataset/saad/datasets/images/ancestree/ReWIND/1_fake/viral_bfree/FAKE/FrsWiwRXwAAi6Qq/img04935.jpg,0.871256,1,1
/mnt/h200_dataset/saad/datasets/images/ancestree/ReWIND/1_fake/viral_bfree/FAKE/FrsWiwRXwAAi6Qq/img04945.jpg,0.874774,1,1
/mnt/h200_dataset/saad/datasets/images/ancestree/ReWIND/1_fake/viral_bfree/FAKE/FrsWiwRXwAAi6Qq/img04676.jpg,0.879509,1,1
/mnt/h200_dataset/saad/datasets/images/ancestree/ReWIND/1_fake/viral_bfree/FAKE/FrsWiwRXwAAi6Qq/img04716.jpg,0.880695,1,1
/mnt/h200_dataset/saad/datasets/images/ancestree/ReWIND/1_fake/viral_bfree/FAKE/FrsWiwRXwAAi6Qq/img04891.jpg,0.863219,1,1
/mnt/h200_dataset/saad/datasets/images/ancestree/ReWIND/1_fake/viral_bfree/FAKE/FrsWiwRXwAAi6Qq/img04903.jpg,0.856992,1,1
/mnt/h200_dataset/saad/datasets/images/ancestree/ReWIND/1_fake/viral_bfree/FAKE/FrsWiwRXwAAi6Qq/img04921.jpg,0.846895,1,1
/mnt/h200_dataset/saad/datasets/images/ancestree/ReWIND/1_fake/viral_bfree/FAKE/FrsWiwRXwAAi6Qq/img04965.jpg,0.790045,1,1
/mnt/h200_dataset/saad/datasets/images/ancestree/ReWIND/1_fake/viral_bfree/FAKE/FrsWiwRXwAAi6Qq/img04776.jpg,0.872944,1,1
/mnt/h200_dataset/saad/datasets/images/ancestree/ReWIND/1_fake/viral_bfree/FAKE/FrsWiwRXwAAi6Qq/img04963.jpg,0.847148,1,1
/mnt/h200_dataset/saad/datasets/images/ancestree/ReWIND/1_fake/viral_bfree/FAKE/FrsWiwRXwAAi6Qq/img04857.jpg,0.870157,1,1
/mnt/h200_dataset/saad/datasets/images/ancestree/ReWIND/1_fake/viral_bfree/FAKE/FrsWiwRXwAAi6Qq/img04746.jpg,0.876264,1,1
/mnt/h200_dataset/saad/datasets/images/ancestree/ReWIND/1_fake/viral_bfree/FAKE/FrsWiwRXwAAi6Qq/img04770.jpg,0.873431,1,1
/mnt/h200_dataset/saad/datasets/images/ancestree/ReWIND/1_fake/viral_bfree/FAKE/FrsWiwRXwAAi6Qq/img04725.webp,0.870762,1,1
/mnt/h200_dataset/saad/datasets/images/ancestree/ReWIND/1_fake/viral_bfree/FAKE/FrsWiwRXwAAi6Qq/img04930.jpg,0.846133,1,1
/mnt/h200_dataset/saad/datasets/images/ancestree/ReWIND/1_fake/viral_bfree/FAKE/FrsWiwRXwAAi6Qq/img04754.jpg,0.852935,1,1
/mnt/h200_dataset/saad/datasets/images/ancestree/ReWIND/1_fake/viral_bfree/FAKE/FrsWiwRXwAAi6Qq/img04670.jpg,0.875308,1,1
/mnt/h200_dataset/saad/datasets/images/ancestree/ReWIND/1_fake/viral_bfree/FAKE/FrsWiwRXwAAi6Qq/img04885.jpg,0.836354,1,1
/mnt/h200_dataset/saad/datasets/images/ancestree/ReWIND/1_fake/viral_bfree/FAKE/FrsWiwRXwAAi6Qq/img04761.jpg,0.864253,1,1
/mnt/h200_dataset/saad/datasets/images/ancestree/ReWIND/1_fake/viral_bfree/FAKE/FrsWiwRXwAAi6Qq/img04767.jpg,0.865508,1,1
/mnt/h200_dataset/saad/datasets/images/ancestree/ReWIND/1_fake/viral_bfree/FAKE/FrsWiwRXwAAi6Qq/img04735.jpg,0.849285,1,1
/mnt/h200_dataset/saad/datasets/images/ancestree/ReWIND/1_fake/viral_bfree/FAKE/FrsWiwRXwAAi6Qq/img04936.jpg,0.843186,1,1
/mnt/h200_dataset/saad/datasets/images/ancestree/ReWIND/1_fake/viral_bfree/FAKE/FrsWiwRXwAAi6Qq/img04771.jpg,0.864253,1,1
/mnt/h200_dataset/saad/datasets/images/ancestree/ReWIND/1_fake/viral_bfree/FAKE/FrsWiwRXwAAi6Qq/img04933.png,0.850531,1,1
/mnt/h200_dataset/saad/datasets/images/ancestree/ReWIND/1_fake/viral_bfree/FAKE/FrsWiwRXwAAi6Qq/img04911.jpg,0.766556,1,1
/mnt/h200_dataset/saad/datasets/images/ancestree/ReWIND/1_fake/viral_bfree/FAKE/FrsWiwRXwAAi6Qq/img04867.jpg,0.873701,1,1
/mnt/h200_dataset/saad/datasets/images/ancestree/ReWIND/1_fake/viral_bfree/FAKE/FrsWiwRXwAAi6Qq/img04733.jpg,0.889241,1,1
/mnt/h200_dataset/saad/datasets/images/ancestree/ReWIND/1_fake/viral_bfree/FAKE/FrsWiwRXwAAi6Qq/img04731.jpg,0.879043,1,1
/mnt/h200_dataset/saad/datasets/images/ancestree/ReWIND/1_fake/viral_bfree/FAKE/FrsWiwRXwAAi6Qq/img04939.jpg,0.863909,1,1
/mnt/h200_dataset/saad/datasets/images/ancestree/ReWIND/1_fake/viral_bfree/FAKE/FrsWiwRXwAAi6Qq/img04961.jpg,0.574753,1,1
/mnt/h200_dataset/saad/datasets/images/ancestree/ReWIND/1_fake/viral_bfree/FAKE/FrsWiwRXwAAi6Qq/img04879.webp,0.861247,1,1
/mnt/h200_dataset/saad/datasets/images/ancestree/ReWIND/1_fake/viral_bfree/FAKE/FrsWiwRXwAAi6Qq/img04884.jpg,0.862641,1,1
/mnt/h200_dataset/saad/datasets/images/ancestree/ReWIND/1_fake/viral_bfree/FAKE/FrsWiwRXwAAi6Qq/img04853.jpg,0.877004,1,1
/mnt/h200_dataset/saad/datasets/images/ancestree/ReWIND/1_fake/viral_bfree/FAKE/FrsWiwRXwAAi6Qq/img04918.jpg,0.873701,1,1
/mnt/h200_dataset/saad/datasets/images/ancestree/ReWIND/1_fake/viral_bfree/FAKE/FrsWiwRXwAAi6Qq/img04954.jpg,0.874453,1,1
/mnt/h200_dataset/saad/datasets/images/ancestree/ReWIND/1_fake/viral_bfree/FAKE/FrsWiwRXwAAi6Qq/img04904.jpg,0.866867,1,1
/mnt/h200_dataset/saad/datasets/images/ancestree/ReWIND/1_fake/viral_bfree/FAKE/FrsWiwRXwAAi6Qq/img04863.webp,0.847148,1,1
/mnt/h200_dataset/saad/datasets/images/ancestree/ReWIND/1_fake/viral_bfree/FAKE/FrsWiwRXwAAi6Qq/img04875.jpg,0.871857,1,1
/mnt/h200_dataset/saad/datasets/images/ancestree/ReWIND/1_fake/viral_bfree/FAKE/FrsWiwRXwAAi6Qq/img04892.jpg,0.807688,1,1
/mnt/h200_dataset/saad/datasets/images/ancestree/ReWIND/1_fake/viral_bfree/FAKE/FrsWiwRXwAAi6Qq/img04905.jpg,0.823328,1,1
/mnt/h200_dataset/saad/datasets/images/ancestree/ReWIND/1_fake/viral_bfree/FAKE/FrsWiwRXwAAi6Qq/img04908.jpg,0.874614,1,1
/mnt/h200_dataset/saad/datasets/images/ancestree/ReWIND/1_fake/viral_bfree/FAKE/FrsWiwRXwAAi6Qq/img04923.jpg,0.842928,1,1
/mnt/h200_dataset/saad/datasets/images/ancestree/ReWIND/1_fake/viral_bfree/FAKE/FrsWiwRXwAAi6Qq/img04958.jpg,0.816918,1,1
/mnt/h200_dataset/saad/datasets/images/ancestree/ReWIND/1_fake/viral_bfree/FAKE/FrsWiwRXwAAi6Qq/img04774.jpg,0.881615,1,1
/mnt/h200_dataset/saad/datasets/images/ancestree/ReWIND/1_fake/viral_bfree/FAKE/FrsWiwRXwAAi6Qq/img04784.jpg,0.86113,1,1
/mnt/h200_dataset/saad/datasets/images/ancestree/ReWIND/1_fake/viral_bfree/FAKE/FrsWiwRXwAAi6Qq/img04951.jpg,0.855187,1,1
/mnt/h200_dataset/saad/datasets/images/ancestree/ReWIND/1_fake/viral_bfree/FAKE/FrsWiwRXwAAi6Qq/img04928.jpg,0.806929,1,1
/mnt/h200_dataset/saad/datasets/images/ancestree/ReWIND/1_fake/viral_bfree/FAKE/FrsWiwRXwAAi6Qq/img04962.jpg,0.777722,1,1
/mnt/h200_dataset/saad/datasets/images/ancestree/ReWIND/1_fake/viral_bfree/FAKE/FrsWiwRXwAAi6Qq/img04739.jpg,0.866979,1,1
/mnt/h200_dataset/saad/datasets/images/ancestree/ReWIND/1_fake/viral_bfree/FAKE/FrsWiwRXwAAi6Qq/img04916.webp,0.843122,1,1
/mnt/h200_dataset/saad/datasets/images/ancestree/ReWIND/1_fake/viral_bfree/FAKE/FrsWiwRXwAAi6Qq/img04926.jpg,0.837221,1,1
/mnt/h200_dataset/saad/datasets/images/ancestree/ReWIND/1_fake/viral_bfree/FAKE/FrsWiwRXwAAi6Qq/img04917.jpg,0.877739,1,1
/mnt/h200_dataset/saad/datasets/images/ancestree/ReWIND/1_fake/viral_bfree/FAKE/FrsWiwRXwAAi6Qq/img04826.jpg,0.720073,1,1
/mnt/h200_dataset/saad/datasets/images/ancestree/ReWIND/1_fake/viral_bfree/FAKE/FrsWiwRXwAAi6Qq/img04914.jpg,0.897336,1,1
/mnt/h200_dataset/saad/datasets/images/ancestree/ReWIND/1_fake/viral_bfree/FAKE/FrsWiwRXwAAi6Qq/img04927.jpg,0.845241,1,1
/mnt/h200_dataset/saad/datasets/images/ancestree/ReWIND/1_fake/viral_bfree/FAKE/FrxUdKcX0B4aI7M/img06237.jpg,0.675283,1,1
/mnt/h200_dataset/saad/datasets/images/ancestree/ReWIND/1_fake/viral_bfree/FAKE/FrxUdKcX0B4aI7M/img06207.jpg,0.698329,1,1
/mnt/h200_dataset/saad/datasets/images/ancestree/ReWIND/1_fake/viral_bfree/FAKE/FrxUdKcX0B4aI7M/img06244.webp,0.633183,1,1
/mnt/h200_dataset/saad/datasets/images/ancestree/ReWIND/1_fake/viral_bfree/FAKE/FrxUdKcX0B4aI7M/img06204.jpg,0.681886,1,1
/mnt/h200_dataset/saad/datasets/images/ancestree/ReWIND/1_fake/viral_bfree/FAKE/FrxUdKcX0B4aI7M/img06242.jpg,0.583767,1,1
/mnt/h200_dataset/saad/datasets/images/ancestree/ReWIND/1_fake/viral_bfree/FAKE/FrxUdKcX0B4aI7M/img06241.jpg,0.572155,1,1
/mnt/h200_dataset/saad/datasets/images/ancestree/ReWIND/1_fake/viral_bfree/FAKE/FrxUdKcX0B4aI7M/img06274.jpg,0.635222,1,1
/mnt/h200_dataset/saad/datasets/images/ancestree/ReWIND/1_fake/viral_bfree/FAKE/FrxUdKcX0B4aI7M/img06246.jpg,0.690089,1,1
/mnt/h200_dataset/saad/datasets/images/ancestree/ReWIND/1_fake/viral_bfree/FAKE/FrxUdKcX0B4aI7M/img06203.jpg,0.698329,1,1
/mnt/h200_dataset/saad/datasets/images/ancestree/ReWIND/1_fake/viral_bfree/FAKE/FrxUdKcX0B4aI7M/img06287.jpg,0.61529,1,1
/mnt/h200_dataset/saad/datasets/images/ancestree/ReWIND/1_fake/viral_bfree/FAKE/FrxUdKcX0B4aI7M/img06216.png,0.68679,1,1
/mnt/h200_dataset/saad/datasets/images/ancestree/ReWIND/1_fake/viral_bfree/FAKE/FrxUdKcX0B4aI7M/img06224.jpg,0.708566,1,1
/mnt/h200_dataset/saad/datasets/images/ancestree/ReWIND/1_fake/viral_bfree/FAKE/FrxUdKcX0B4aI7M/img06335.jpg,0.615001,1,1
/mnt/h200_dataset/saad/datasets/images/ancestree/ReWIND/1_fake/viral_bfree/FAKE/FrxUdKcX0B4aI7M/img06367.jpg,0.699306,1,1
/mnt/h200_dataset/saad/datasets/images/ancestree/ReWIND/1_fake/viral_bfree/FAKE/FrxUdKcX0B4aI7M/img06258.jpg,0.642096,1,1
/mnt/h200_dataset/saad/datasets/images/ancestree/ReWIND/1_fake/viral_bfree/FAKE/FrxUdKcX0B4aI7M/img06355.jpg,0.616099,1,1
/mnt/h200_dataset/saad/datasets/images/ancestree/ReWIND/1_fake/viral_bfree/FAKE/FrxUdKcX0B4aI7M/img06225.jpg,0.656658,1,1
/mnt/h200_dataset/saad/datasets/images/ancestree/ReWIND/1_fake/viral_bfree/FAKE/FrxUdKcX0B4aI7M/img06311.jpg,0.698329,1,1
/mnt/h200_dataset/saad/datasets/images/ancestree/ReWIND/1_fake/viral_bfree/FAKE/FrxUdKcX0B4aI7M/img06234.jpg,0.656438,1,1
/mnt/h200_dataset/saad/datasets/images/ancestree/ReWIND/1_fake/viral_bfree/FAKE/FrxUdKcX0B4aI7M/img06283.jpg,0.679657,1,1
/mnt/h200_dataset/saad/datasets/images/ancestree/ReWIND/1_fake/viral_bfree/FAKE/FrxUdKcX0B4aI7M/img06257.jpg,0.538528,1,1
/mnt/h200_dataset/saad/datasets/images/ancestree/ReWIND/1_fake/viral_bfree/FAKE/FrxUdKcX0B4aI7M/img06206.jpg,0.679338,1,1
/mnt/h200_dataset/saad/datasets/images/ancestree/ReWIND/1_fake/viral_bfree/FAKE/FrxUdKcX0B4aI7M/img06200.jpg,0.651521,1,1
/mnt/h200_dataset/saad/datasets/images/ancestree/ReWIND/1_fake/viral_bfree/FAKE/FrxUdKcX0B4aI7M/img06290.jpg,0.631765,1,1
/mnt/h200_dataset/saad/datasets/images/ancestree/ReWIND/1_fake/viral_bfree/FAKE/FrxUdKcX0B4aI7M/img06292.jpg,0.63375,1,1
/mnt/h200_dataset/saad/datasets/images/ancestree/ReWIND/1_fake/viral_bfree/FAKE/FrxUdKcX0B4aI7M/img06266.jpg,0.6488,1,1
/mnt/h200_dataset/saad/datasets/images/ancestree/ReWIND/1_fake/viral_bfree/FAKE/FrxUdKcX0B4aI7M/img06249.jpg,0.63861,1,1
/mnt/h200_dataset/saad/datasets/images/ancestree/ReWIND/1_fake/viral_bfree/FAKE/FrxUdKcX0B4aI7M/img06389.jpg,0.614828,1,1
/mnt/h200_dataset/saad/datasets/images/ancestree/ReWIND/1_fake/viral_bfree/FAKE/FrxUdKcX0B4aI7M/img06202.jpg,0.663069,1,1
/mnt/h200_dataset/saad/datasets/images/ancestree/ReWIND/1_fake/viral_bfree/FAKE/FrxUdKcX0B4aI7M/img06388.jpg,0.567188,1,1
/mnt/h200_dataset/saad/datasets/images/ancestree/ReWIND/1_fake/viral_bfree/FAKE/FrxUdKcX0B4aI7M/img06359.webp,0.676513,1,1
/mnt/h200_dataset/saad/datasets/images/ancestree/ReWIND/1_fake/viral_bfree/FAKE/FrxUdKcX0B4aI7M/img06262.jpg,0.696991,1,1
/mnt/h200_dataset/saad/datasets/images/ancestree/ReWIND/1_fake/viral_bfree/FAKE/FrxUdKcX0B4aI7M/img06268.jpg,0.562958,1,1
/mnt/h200_dataset/saad/datasets/images/ancestree/ReWIND/1_fake/viral_bfree/FAKE/FrxUdKcX0B4aI7M/img06208.jpg,0.649801,1,1
/mnt/h200_dataset/saad/datasets/images/ancestree/ReWIND/1_fake/viral_bfree/FAKE/FrxUdKcX0B4aI7M/img06210.jpg,0.66356,1,1
/mnt/h200_dataset/saad/datasets/images/ancestree/ReWIND/1_fake/viral_bfree/FAKE/FrxUdKcX0B4aI7M/img06390.jpg,0.477646,0,1
/mnt/h200_dataset/saad/datasets/images/ancestree/ReWIND/1_fake/viral_bfree/FAKE/FrxUdKcX0B4aI7M/img06280.jpg,0.653459,1,1
/mnt/h200_dataset/saad/datasets/images/ancestree/ReWIND/1_fake/viral_bfree/FAKE/FrxUdKcX0B4aI7M/img06259.jpg,0.617484,1,1
/mnt/h200_dataset/saad/datasets/images/ancestree/ReWIND/1_fake/viral_bfree/FAKE/FrxUdKcX0B4aI7M/img06286.jpg,0.658857,1,1
/mnt/h200_dataset/saad/datasets/images/ancestree/ReWIND/1_fake/viral_bfree/FAKE/FrxUdKcX0B4aI7M/img06238.jpg,0.694303,1,1
/mnt/h200_dataset/saad/datasets/images/ancestree/ReWIND/1_fake/viral_bfree/FAKE/FrxUdKcX0B4aI7M/img06201.webp,0.656273,1,1
/mnt/h200_dataset/saad/datasets/images/ancestree/ReWIND/1_fake/viral_bfree/FAKE/FrxUdKcX0B4aI7M/img06245.jpg,0.619788,1,1
/mnt/h200_dataset/saad/datasets/images/ancestree/ReWIND/1_fake/viral_bfree/FAKE/FrxUdKcX0B4aI7M/img06261.jpg,0.616099,1,1
/mnt/h200_dataset/saad/datasets/images/ancestree/ReWIND/1_fake/viral_bfree/FAKE/FrxUdKcX0B4aI7M/img06267.jpg,0.661212,1,1
/mnt/h200_dataset/saad/datasets/images/ancestree/ReWIND/1_fake/viral_bfree/FAKE/FrxUdKcX0B4aI7M/img06239.jpg,0.682362,1,1
/mnt/h200_dataset/saad/datasets/images/ancestree/ReWIND/1_fake/viral_bfree/FAKE/FrxUdKcX0B4aI7M/img06275.jpg,0.705886,1,1
/mnt/h200_dataset/saad/datasets/images/ancestree/ReWIND/1_fake/viral_bfree/FAKE/FrxUdKcX0B4aI7M/img06263.jpg,0.661212,1,1
/mnt/h200_dataset/saad/datasets/images/ancestree/ReWIND/1_fake/viral_bfree/FAKE/FrxUdKcX0B4aI7M/img06236.jpg,0.667256,1,1
/mnt/h200_dataset/saad/datasets/images/ancestree/ReWIND/1_fake/viral_bfree/FAKE/FrxUdKcX0B4aI7M/img06256.jpg,0.500786,1,1
/mnt/h200_dataset/saad/datasets/images/ancestree/ReWIND/1_fake/viral_bfree/FAKE/FrxUdKcX0B4aI7M/img06213.jpg,0.702632,1,1
/mnt/h200_dataset/saad/datasets/images/ancestree/ReWIND/1_fake/viral_bfree/FAKE/FrxUdKcX0B4aI7M/img06273.jpg,0.699306,1,1
/mnt/h200_dataset/saad/datasets/images/ancestree/ReWIND/1_fake/viral_bfree/FAKE/FrxUdKcX0B4aI7M/img06269.jpg,0.696991,1,1
/mnt/h200_dataset/saad/datasets/images/ancestree/ReWIND/1_fake/viral_bfree/FAKE/FrxUdKcX0B4aI7M/img06270.jpg,0.653459,1,1
/mnt/h200_dataset/saad/datasets/images/ancestree/ReWIND/1_fake/viral_bfree/FAKE/FrsZs7XWwAIIgab/img05821.png,0.819244,1,1
/mnt/h200_dataset/saad/datasets/images/ancestree/ReWIND/1_fake/viral_bfree/FAKE/FrsZs7XWwAIIgab/img05825.png,0.836221,1,1
/mnt/h200_dataset/saad/datasets/images/ancestree/ReWIND/1_fake/viral_bfree/FAKE/FrsZs7XWwAIIgab/img05870.jpg,0.808143,1,1
/mnt/h200_dataset/saad/datasets/images/ancestree/ReWIND/1_fake/viral_bfree/FAKE/FrsZs7XWwAIIgab/img05819.jpg,0.818374,1,1
/mnt/h200_dataset/saad/datasets/images/ancestree/ReWIND/1_fake/viral_bfree/FAKE/FrsZs7XWwAIIgab/img05800.jpg,0.848784,1,1
/mnt/h200_dataset/saad/datasets/images/ancestree/ReWIND/1_fake/viral_bfree/FAKE/FrsZs7XWwAIIgab/img05828.jpg,0.79542,1,1
/mnt/h200_dataset/saad/datasets/images/ancestree/ReWIND/1_fake/viral_bfree/FAKE/FrsZs7XWwAIIgab/img05855.jpg,0.857828,1,1
/mnt/h200_dataset/saad/datasets/images/ancestree/ReWIND/1_fake/viral_bfree/FAKE/FrsZs7XWwAIIgab/img05874.jpg,0.834542,1,1
/mnt/h200_dataset/saad/datasets/images/ancestree/ReWIND/1_fake/viral_bfree/FAKE/FrsZs7XWwAIIgab/img05863.jpg,0.821689,1,1
/mnt/h200_dataset/saad/datasets/images/ancestree/ReWIND/1_fake/viral_bfree/FAKE/FrsZs7XWwAIIgab/img05904.jpg,0.818011,1,1
/mnt/h200_dataset/saad/datasets/images/ancestree/ReWIND/1_fake/viral_bfree/FAKE/FrsZs7XWwAIIgab/img05859.jpg,0.821689,1,1
/mnt/h200_dataset/saad/datasets/images/ancestree/ReWIND/1_fake/viral_bfree/FAKE/FrsZs7XWwAIIgab/img05824.jpg,0.835484,1,1
/mnt/h200_dataset/saad/datasets/images/ancestree/ReWIND/1_fake/viral_bfree/FAKE/FrsZs7XWwAIIgab/img05949.jpg,0.820685,1,1
/mnt/h200_dataset/saad/datasets/images/ancestree/ReWIND/1_fake/viral_bfree/FAKE/FrsZs7XWwAIIgab/img05794.jpg,0.844409,1,1
/mnt/h200_dataset/saad/datasets/images/ancestree/ReWIND/1_fake/viral_bfree/FAKE/FrsZs7XWwAIIgab/img05804.jpg,0.770637,1,1
/mnt/h200_dataset/saad/datasets/images/ancestree/ReWIND/1_fake/viral_bfree/FAKE/FrsZs7XWwAIIgab/img05759.jpg,0.845433,1,1
/mnt/h200_dataset/saad/datasets/images/ancestree/ReWIND/1_fake/viral_bfree/FAKE/FrsZs7XWwAIIgab/img05789.jpg,0.843702,1,1
/mnt/h200_dataset/saad/datasets/images/ancestree/ReWIND/1_fake/viral_bfree/FAKE/FrsZs7XWwAIIgab/img05797.jpg,0.822831,1,1
/mnt/h200_dataset/saad/datasets/images/ancestree/ReWIND/1_fake/viral_bfree/FAKE/FrsZs7XWwAIIgab/img05865.jpg,0.822403,1,1
/mnt/h200_dataset/saad/datasets/images/ancestree/ReWIND/1_fake/viral_bfree/FAKE/FrsZs7XWwAIIgab/img05866.jpg,0.834069,1,1
/mnt/h200_dataset/saad/datasets/images/ancestree/ReWIND/1_fake/viral_bfree/FAKE/FrsZs7XWwAIIgab/img05827.png,0.836221,1,1
/mnt/h200_dataset/saad/datasets/images/ancestree/ReWIND/1_fake/viral_bfree/FAKE/FrsZs7XWwAIIgab/img05796.jpg,0.876158,1,1
/mnt/h200_dataset/saad/datasets/images/ancestree/ReWIND/1_fake/viral_bfree/FAKE/FrsZs7XWwAIIgab/img05833.jpg,0.817429,1,1
/mnt/h200_dataset/saad/datasets/images/ancestree/ReWIND/1_fake/viral_bfree/FAKE/FrsZs7XWwAIIgab/img05805.png,0.826081,1,1
/mnt/h200_dataset/saad/datasets/images/ancestree/ReWIND/1_fake/viral_bfree/FAKE/FrsZs7XWwAIIgab/img05847.jpg,0.803097,1,1
/mnt/h200_dataset/saad/datasets/images/ancestree/ReWIND/1_fake/viral_bfree/FAKE/FrsZs7XWwAIIgab/img05845.webp,0.843444,1,1
/mnt/h200_dataset/saad/datasets/images/ancestree/ReWIND/1_fake/viral_bfree/FAKE/FrsZs7XWwAIIgab/img05811.webp,0.849847,1,1
/mnt/h200_dataset/saad/datasets/images/ancestree/ReWIND/1_fake/viral_bfree/FAKE/FrsZs7XWwAIIgab/img05862.jpg,0.840913,1,1
/mnt/h200_dataset/saad/datasets/images/ancestree/ReWIND/1_fake/viral_bfree/FAKE/FrsZs7XWwAIIgab/img05835.jpg,0.844088,1,1
/mnt/h200_dataset/saad/datasets/images/ancestree/ReWIND/1_fake/viral_bfree/FAKE/FrsZs7XWwAIIgab/img05851.jpg,0.655832,1,1
/mnt/h200_dataset/saad/datasets/images/ancestree/ReWIND/1_fake/viral_bfree/FAKE/FrsZs7XWwAIIgab/img05783.jpg,0.838283,1,1
/mnt/h200_dataset/saad/datasets/images/ancestree/ReWIND/1_fake/viral_bfree/FAKE/FrsZs7XWwAIIgab/img05790.jpg,0.848157,1,1
/mnt/h200_dataset/saad/datasets/images/ancestree/ReWIND/1_fake/viral_bfree/FAKE/FrsZs7XWwAIIgab/img05839.webp,0.844345,1,1
/mnt/h200_dataset/saad/datasets/images/ancestree/ReWIND/1_fake/viral_bfree/FAKE/FrsZs7XWwAIIgab/img05809.png,0.832849,1,1
/mnt/h200_dataset/saad/datasets/images/ancestree/ReWIND/1_fake/viral_bfree/FAKE/FrsZs7XWwAIIgab/img05760.jpg,0.840128,1,1
/mnt/h200_dataset/saad/datasets/images/ancestree/ReWIND/1_fake/viral_bfree/FAKE/FrsZs7XWwAIIgab/img05822.jpg,0.835013,1,1
/mnt/h200_dataset/saad/datasets/images/ancestree/ReWIND/1_fake/viral_bfree/FAKE/FrsZs7XWwAIIgab/img05852.jpg,0.809878,1,1
/mnt/h200_dataset/saad/datasets/images/ancestree/ReWIND/1_fake/viral_bfree/FAKE/FrsZs7XWwAIIgab/img05836.png,0.853974,1,1
/mnt/h200_dataset/saad/datasets/images/ancestree/ReWIND/1_fake/viral_bfree/FAKE/FrsZs7XWwAIIgab/img05856.jpg,0.77907,1,1
/mnt/h200_dataset/saad/datasets/images/ancestree/ReWIND/1_fake/viral_bfree/FAKE/FrsZs7XWwAIIgab/img05766.jpg,0.791338,1,1
/mnt/h200_dataset/saad/datasets/images/ancestree/ReWIND/1_fake/viral_bfree/FAKE/FrsZs7XWwAIIgab/img05872.jpg,0.795579,1,1
/mnt/h200_dataset/saad/datasets/images/ancestree/ReWIND/1_fake/viral_bfree/FAKE/FrsZs7XWwAIIgab/img05837.png,0.844345,1,1
/mnt/h200_dataset/saad/datasets/images/ancestree/ReWIND/1_fake/viral_bfree/FAKE/FrsZs7XWwAIIgab/img05892.jpg,0.832985,1,1
/mnt/h200_dataset/saad/datasets/images/ancestree/ReWIND/1_fake/viral_bfree/FAKE/FrsZs7XWwAIIgab/img05777.jpg,0.829492,1,1
/mnt/h200_dataset/saad/datasets/images/ancestree/ReWIND/1_fake/viral_bfree/FAKE/FrsZs7XWwAIIgab/img05853.jpg,0.778902,1,1
/mnt/h200_dataset/saad/datasets/images/ancestree/ReWIND/1_fake/viral_bfree/FAKE/FrsZs7XWwAIIgab/img05762.jpg,0.815012,1,1
/mnt/h200_dataset/saad/datasets/images/ancestree/ReWIND/1_fake/viral_bfree/FAKE/FrsZs7XWwAIIgab/img05816.jpg,0.845879,1,1
/mnt/h200_dataset/saad/datasets/images/ancestree/ReWIND/1_fake/viral_bfree/FAKE/FrsZs7XWwAIIgab/img05795.jpg,0.831212,1,1
/mnt/h200_dataset/saad/datasets/images/ancestree/ReWIND/1_fake/viral_bfree/FAKE/FrsZs7XWwAIIgab/img05818.png,0.813905,1,1
/mnt/h200_dataset/saad/datasets/images/ancestree/ReWIND/1_fake/viral_bfree/FAKE/FrsZs7XWwAIIgab/img05798.jpg,0.828176,1,1
/mnt/h200_dataset/saad/datasets/images/ancestree/ReWIND/1_fake/viral_bfree/FAKE/FrsZs7XWwAIIgab/img05877.jpg,0.821689,1,1
/mnt/h200_dataset/saad/datasets/images/ancestree/ReWIND/1_fake/viral_bfree/FAKE/FrsZs7XWwAIIgab/img05830.png,0.843444,1,1
/mnt/h200_dataset/saad/datasets/images/ancestree/ReWIND/1_fake/viral_bfree/FAKE/FrsZs7XWwAIIgab/img05831.webp,0.831554,1,1
/mnt/h200_dataset/saad/datasets/images/ancestree/ReWIND/1_fake/viral_bfree/FAKE/FrsZs7XWwAIIgab/img05808.jpg,0.82573,1,1
/mnt/h200_dataset/saad/datasets/images/ancestree/ReWIND/1_fake/viral_bfree/FAKE/FrsZs7XWwAIIgab/img05810.png,0.754463,1,1
/mnt/h200_dataset/saad/datasets/images/ancestree/ReWIND/1_fake/viral_bfree/FAKE/FrsZs7XWwAIIgab/img05832.webp,0.820326,1,1
/mnt/h200_dataset/saad/datasets/images/ancestree/ReWIND/1_fake/viral_bfree/FAKE/FrsZs7XWwAIIgab/img05817.jpg,0.827828,1,1
/mnt/h200_dataset/saad/datasets/images/ancestree/ReWIND/1_fake/viral_bfree/FAKE/FrsZs7XWwAIIgab/img05850.jpg,0.823541,1,1
/mnt/h200_dataset/saad/datasets/images/ancestree/ReWIND/1_fake/viral_bfree/FAKE/FrsZs7XWwAIIgab/img05878.jpg,0.838548,1,1
/mnt/h200_dataset/saad/datasets/images/ancestree/ReWIND/1_fake/viral_bfree/FAKE/FrsZs7XWwAIIgab/img05834.jpg,0.836421,1,1
/mnt/h200_dataset/saad/datasets/images/ancestree/ReWIND/1_fake/viral_bfree/FAKE/FrsZs7XWwAIIgab/img05761.jpg,0.838283,1,1
/mnt/h200_dataset/saad/datasets/images/ancestree/ReWIND/1_fake/viral_bfree/FAKE/FrsZs7XWwAIIgab/img05929.jpg,0.821689,1,1
/mnt/h200_dataset/saad/datasets/images/ancestree/ReWIND/1_fake/viral_bfree/FAKE/FrsZs7XWwAIIgab/img05788.jpg,0.846387,1,1
/mnt/h200_dataset/saad/datasets/images/ancestree/ReWIND/1_fake/viral_bfree/FAKE/FrsaSiaWwAM1bvx/img04087.jpg,0.882933,1,1
/mnt/h200_dataset/saad/datasets/images/ancestree/ReWIND/1_fake/viral_bfree/FAKE/FrsaSiaWwAM1bvx/img04173.webp,0.901661,1,1
/mnt/h200_dataset/saad/datasets/images/ancestree/ReWIND/1_fake/viral_bfree/FAKE/FrsaSiaWwAM1bvx/img04086.jpg,0.904144,1,1
/mnt/h200_dataset/saad/datasets/images/ancestree/ReWIND/1_fake/viral_bfree/FAKE/FrsaSiaWwAM1bvx/img04207.jpg,0.888469,1,1
/mnt/h200_dataset/saad/datasets/images/ancestree/ReWIND/1_fake/viral_bfree/FAKE/FrsaSiaWwAM1bvx/img04114.jpg,0.899033,1,1
/mnt/h200_dataset/saad/datasets/images/ancestree/ReWIND/1_fake/viral_bfree/FAKE/FrsaSiaWwAM1bvx/img04083.jpg,0.903635,1,1
/mnt/h200_dataset/saad/datasets/images/ancestree/ReWIND/1_fake/viral_bfree/FAKE/FrsaSiaWwAM1bvx/img04123.jpg,0.892187,1,1
/mnt/h200_dataset/saad/datasets/images/ancestree/ReWIND/1_fake/viral_bfree/FAKE/FrsaSiaWwAM1bvx/img04130.jpg,0.819677,1,1
/mnt/h200_dataset/saad/datasets/images/ancestree/ReWIND/1_fake/viral_bfree/FAKE/FrsaSiaWwAM1bvx/img04169.webp,0.890294,1,1
/mnt/h200_dataset/saad/datasets/images/ancestree/ReWIND/1_fake/viral_bfree/FAKE/FrsaSiaWwAM1bvx/img04122.jpg,0.901053,1,1
/mnt/h200_dataset/saad/datasets/images/ancestree/ReWIND/1_fake/viral_bfree/FAKE/FrsaSiaWwAM1bvx/img04098.jpg,0.887302,1,1
/mnt/h200_dataset/saad/datasets/images/ancestree/ReWIND/1_fake/viral_bfree/FAKE/FrsaSiaWwAM1bvx/img04153.jpg,0.850158,1,1
/mnt/h200_dataset/saad/datasets/images/ancestree/ReWIND/1_fake/viral_bfree/FAKE/FrsaSiaWwAM1bvx/img04158.jpg,0.910067,1,1
/mnt/h200_dataset/saad/datasets/images/ancestree/ReWIND/1_fake/viral_bfree/FAKE/FrsaSiaWwAM1bvx/img04174.jpg,0.897336,1,1
/mnt/h200_dataset/saad/datasets/images/ancestree/ReWIND/1_fake/viral_bfree/FAKE/FrsaSiaWwAM1bvx/img04138.jpg,0.916783,1,1
/mnt/h200_dataset/saad/datasets/images/ancestree/ReWIND/1_fake/viral_bfree/FAKE/FrsaSiaWwAM1bvx/img04135.jpg,0.889048,1,1
/mnt/h200_dataset/saad/datasets/images/ancestree/ReWIND/1_fake/viral_bfree/FAKE/FrsaSiaWwAM1bvx/img04212.jpg,0.85115,1,1
/mnt/h200_dataset/saad/datasets/images/ancestree/ReWIND/1_fake/viral_bfree/FAKE/FrsaSiaWwAM1bvx/img04196.jpg,0.721351,1,1
/mnt/h200_dataset/saad/datasets/images/ancestree/ReWIND/1_fake/viral_bfree/FAKE/FrsaSiaWwAM1bvx/img04150.jpg,0.889433,1,1
/mnt/h200_dataset/saad/datasets/images/ancestree/ReWIND/1_fake/viral_bfree/FAKE/FrsaSiaWwAM1bvx/img04210.jpg,0.863392,1,1
/mnt/h200_dataset/saad/datasets/images/ancestree/ReWIND/1_fake/viral_bfree/FAKE/FrsaSiaWwAM1bvx/img04145.webp,0.880232,1,1
/mnt/h200_dataset/saad/datasets/images/ancestree/ReWIND/1_fake/viral_bfree/FAKE/FrsaSiaWwAM1bvx/img04206.jpg,0.450375,0,1
/mnt/h200_dataset/saad/datasets/images/ancestree/ReWIND/1_fake/viral_bfree/FAKE/FrsaSiaWwAM1bvx/img04079.jpg,0.903379,1,1
/mnt/h200_dataset/saad/datasets/images/ancestree/ReWIND/1_fake/viral_bfree/FAKE/FrsaSiaWwAM1bvx/img04187.jpg,0.886813,1,1
/mnt/h200_dataset/saad/datasets/images/ancestree/ReWIND/1_fake/viral_bfree/FAKE/FrsaSiaWwAM1bvx/img04126.jpg,0.895979,1,1
/mnt/h200_dataset/saad/datasets/images/ancestree/ReWIND/1_fake/viral_bfree/FAKE/FrsaSiaWwAM1bvx/img04129.jpg,0.898053,1,1
/mnt/h200_dataset/saad/datasets/images/ancestree/ReWIND/1_fake/viral_bfree/FAKE/FrsaSiaWwAM1bvx/img04155.jpg,0.860721,1,1
/mnt/h200_dataset/saad/datasets/images/ancestree/ReWIND/1_fake/viral_bfree/FAKE/FrsaSiaWwAM1bvx/img04149.jpg,0.908374,1,1
/mnt/h200_dataset/saad/datasets/images/ancestree/ReWIND/1_fake/viral_bfree/FAKE/FrsaSiaWwAM1bvx/img04077.jpg,0.898589,1,1
/mnt/h200_dataset/saad/datasets/images/ancestree/ReWIND/1_fake/viral_bfree/FAKE/FrsaSiaWwAM1bvx/img04154.jpg,0.902007,1,1
/mnt/h200_dataset/saad/datasets/images/ancestree/ReWIND/1_fake/viral_bfree/FAKE/FrsaSiaWwAM1bvx/img04134.jpg,0.892843,1,1
/mnt/h200_dataset/saad/datasets/images/ancestree/ReWIND/1_fake/viral_bfree/FAKE/FrsaSiaWwAM1bvx/img04136.jpg,0.904735,1,1
/mnt/h200_dataset/saad/datasets/images/ancestree/ReWIND/1_fake/viral_bfree/FAKE/FrsaSiaWwAM1bvx/img04082.jpg,0.879923,1,1
/mnt/h200_dataset/saad/datasets/images/ancestree/ReWIND/1_fake/viral_bfree/FAKE/FrsaSiaWwAM1bvx/img04238.jpg,0.526525,1,1
/mnt/h200_dataset/saad/datasets/images/ancestree/ReWIND/1_fake/viral_bfree/FAKE/FrsaSiaWwAM1bvx/img04146.jpg,0.877004,1,1
/mnt/h200_dataset/saad/datasets/images/ancestree/ReWIND/1_fake/viral_bfree/FAKE/FrsaSiaWwAM1bvx/img04194.jpg,0.897246,1,1
/mnt/h200_dataset/saad/datasets/images/ancestree/ReWIND/1_fake/viral_bfree/FAKE/FrsaSiaWwAM1bvx/img04163.jpg,0.665465,1,1
/mnt/h200_dataset/saad/datasets/images/ancestree/ReWIND/1_fake/viral_bfree/FAKE/FrsaSiaWwAM1bvx/img04116.jpg,0.874346,1,1
/mnt/h200_dataset/saad/datasets/images/ancestree/ReWIND/1_fake/viral_bfree/FAKE/FrsaSiaWwAM1bvx/img04176.jpg,0.162247,0,1
/mnt/h200_dataset/saad/datasets/images/ancestree/ReWIND/1_fake/viral_bfree/FAKE/FrsaSiaWwAM1bvx/img04131.jpg,0.877214,1,1
/mnt/h200_dataset/saad/datasets/images/ancestree/ReWIND/1_fake/viral_bfree/FAKE/FrsaSiaWwAM1bvx/img04117.jpg,0.847021,1,1
/mnt/h200_dataset/saad/datasets/images/ancestree/ReWIND/1_fake/viral_bfree/FAKE/FrsaSiaWwAM1bvx/img04080.jpg,0.903635,1,1
/mnt/h200_dataset/saad/datasets/images/ancestree/ReWIND/1_fake/viral_bfree/FAKE/FrsaSiaWwAM1bvx/img04089.jpg,0.903379,1,1
/mnt/h200_dataset/saad/datasets/images/ancestree/ReWIND/1_fake/viral_bfree/FAKE/FrsaSiaWwAM1bvx/img04175.jpg,0.893588,1,1
/mnt/h200_dataset/saad/datasets/images/ancestree/ReWIND/1_fake/viral_bfree/FAKE/FrsaSiaWwAM1bvx/img04239.jpg,0.904059,1,1
/mnt/h200_dataset/saad/datasets/images/ancestree/ReWIND/1_fake/viral_bfree/FAKE/FrsaSiaWwAM1bvx/img04202.jpg,0.903379,1,1
/mnt/h200_dataset/saad/datasets/images/ancestree/ReWIND/1_fake/viral_bfree/FAKE/FrsaSiaWwAM1bvx/img04178.jpg,0.505245,1,1
/mnt/h200_dataset/saad/datasets/images/ancestree/ReWIND/1_fake/viral_bfree/FAKE/FrsaSiaWwAM1bvx/img04201.jpg,0.899298,1,1
/mnt/h200_dataset/saad/datasets/images/ancestree/ReWIND/1_fake/viral_bfree/FAKE/FrsaSiaWwAM1bvx/img04081.jpg,0.896614,1,1
/mnt/h200_dataset/saad/datasets/images/ancestree/ReWIND/1_fake/viral_bfree/FAKE/FrsaSiaWwAM1bvx/img04137.jpg,0.877634,1,1
/mnt/h200_dataset/saad/datasets/images/ancestree/ReWIND/1_fake/viral_bfree/FAKE/FrsaSiaWwAM1bvx/img04183.webp,0.700178,1,1
/mnt/h200_dataset/saad/datasets/images/ancestree/ReWIND/1_fake/viral_bfree/FAKE/FrsaSiaWwAM1bvx/img04133.jpg,0.906239,1,1
/mnt/h200_dataset/saad/datasets/images/ancestree/ReWIND/1_fake/viral_bfree/FAKE/FrsaSiaWwAM1bvx/img04181.jpg,0.909667,1,1
/mnt/h200_dataset/saad/datasets/images/ancestree/ReWIND/1_fake/viral_bfree/FAKE/FrsaSiaWwAM1bvx/img04179.jpg,0.90355,1,1
/mnt/h200_dataset/saad/datasets/images/ancestree/ReWIND/1_fake/viral_bfree/FAKE/FrsaSiaWwAM1bvx/img04192.jpg,0.878575,1,1
/mnt/h200_dataset/saad/datasets/images/ancestree/ReWIND/1_fake/viral_bfree/FAKE/FrsaSiaWwAM1bvx/img04193.jpg,0.879923,1,1
/mnt/h200_dataset/saad/datasets/images/ancestree/ReWIND/1_fake/viral_bfree/FAKE/FrsaSiaWwAM1bvx/img04180.jpg,0.901661,1,1
/mnt/h200_dataset/saad/datasets/images/ancestree/ReWIND/1_fake/viral_bfree/FAKE/FrsaSiaWwAM1bvx/img04139.jpg,0.895157,1,1
/mnt/h200_dataset/saad/datasets/images/ancestree/ReWIND/1_fake/viral_bfree/FAKE/FrsaSiaWwAM1bvx/img04160.jpg,0.826782,1,1
/mnt/h200_dataset/saad/datasets/images/ancestree/ReWIND/1_fake/viral_bfree/FAKE/FrsaSiaWwAM1bvx/img04159.jpg,0.884439,1,1
/mnt/h200_dataset/saad/datasets/images/ancestree/ReWIND/1_fake/viral_bfree/FAKE/FrsaSiaWwAM1bvx/img04127.jpg,0.886813,1,1
/mnt/h200_dataset/saad/datasets/images/ancestree/ReWIND/1_fake/viral_bfree/FAKE/FrsaSiaWwAM1bvx/img04247.png,0.855187,1,1
/mnt/h200_dataset/saad/datasets/images/ancestree/ReWIND/1_fake/viral_bfree/FAKE/FrsaSiaWwAM1bvx/img04199.jpg,0.333069,0,1
/mnt/h200_dataset/saad/datasets/images/ancestree/ReWIND/1_fake/viral_bfree/FAKE/FrsaSiaWwAM1bvx/img04097.jpg,0.897426,1,1
/mnt/h200_dataset/saad/datasets/images/ancestree/ReWIND/1_fake/viral_bfree/FAKE/FrsaSiaWwAM1bvx/img04110.jpg,0.901227,1,1
/mnt/h200_dataset/saad/datasets/images/ancestree/ReWIND/1_fake/viral_bfree/FAKE/FrsaSiaWwAM1bvx/img04161.jpg,0.75985,1,1
/mnt/h200_dataset/saad/datasets/images/ancestree/ReWIND/1_fake/viral_bfree/FAKE/FrsaSiaWwAM1bvx/img04090.jpg,0.883939,1,1
/mnt/h200_dataset/saad/datasets/images/ancestree/ReWIND/1_fake/viral_bfree/FAKE/FrsaSiaWwAM1bvx/img04205.jpg,0.903209,1,1
/mnt/h200_dataset/saad/datasets/images/ancestree/ReWIND/1_fake/viral_bfree/FAKE/FrsaSiaWwAM1bvx/img04152.jpg,0.753104,1,1
/mnt/h200_dataset/saad/datasets/images/ancestree/ReWIND/1_fake/viral_bfree/FAKE/FrsaSiaWwAM1bvx/img04186.jpg,0.798894,1,1
/mnt/h200_dataset/saad/datasets/images/ancestree/ReWIND/1_fake/viral_bfree/FAKE/FrsaSiaWwAM1bvx/img04078.jpg,0.903379,1,1
/mnt/h200_dataset/saad/datasets/images/ancestree/ReWIND/1_fake/viral_bfree/FAKE/FsL1ChiXwAAaVFk/img03549.jpg,0.534931,1,1
/mnt/h200_dataset/saad/datasets/images/ancestree/ReWIND/1_fake/viral_bfree/FAKE/FsL1ChiXwAAaVFk/img03526.jpg,0.539226,1,1
/mnt/h200_dataset/saad/datasets/images/ancestree/ReWIND/1_fake/viral_bfree/FAKE/FsL1ChiXwAAaVFk/img03548.jpg,0.717259,1,1
/mnt/h200_dataset/saad/datasets/images/ancestree/ReWIND/1_fake/viral_bfree/FAKE/FsL1ChiXwAAaVFk/img03528.jpg,0.51863,1,1
/mnt/h200_dataset/saad/datasets/images/ancestree/ReWIND/1_fake/viral_bfree/FAKE/FsL1ChiXwAAaVFk/img03509.jpg,0.651022,1,1
/mnt/h200_dataset/saad/datasets/images/ancestree/ReWIND/1_fake/viral_bfree/FAKE/FsL1ChiXwAAaVFk/img03517.jpg,0.782413,1,1
/mnt/h200_dataset/saad/datasets/images/ancestree/ReWIND/1_fake/viral_bfree/FAKE/FsL1ChiXwAAaVFk/img03627.jpg,0.69539,1,1
/mnt/h200_dataset/saad/datasets/images/ancestree/ReWIND/1_fake/viral_bfree/FAKE/FsL1ChiXwAAaVFk/img03519.webp,0.729327,1,1
/mnt/h200_dataset/saad/datasets/images/ancestree/ReWIND/1_fake/viral_bfree/FAKE/FsL1ChiXwAAaVFk/img03551.jpg,0.706697,1,1
/mnt/h200_dataset/saad/datasets/images/ancestree/ReWIND/1_fake/viral_bfree/FAKE/FsL1ChiXwAAaVFk/img03520.jpg,0.799207,1,1
/mnt/h200_dataset/saad/datasets/images/ancestree/ReWIND/1_fake/viral_bfree/FAKE/FsL1ChiXwAAaVFk/img03533.jpg,0.563438,1,1
/mnt/h200_dataset/saad/datasets/images/ancestree/ReWIND/1_fake/viral_bfree/FAKE/FsL1ChiXwAAaVFk/img03547.webp,0.476245,0,1
/mnt/h200_dataset/saad/datasets/images/ancestree/ReWIND/1_fake/viral_bfree/FAKE/FsL1ChiXwAAaVFk/img03530.jpg,0.793586,1,1
/mnt/h200_dataset/saad/datasets/images/ancestree/ReWIND/1_fake/viral_bfree/FAKE/FsL1ChiXwAAaVFk/img03511.jpg,0.792705,1,1
/mnt/h200_dataset/saad/datasets/images/ancestree/ReWIND/1_fake/viral_bfree/FAKE/FsL1ChiXwAAaVFk/img03529.jpg,0.792464,1,1
/mnt/h200_dataset/saad/datasets/images/ancestree/ReWIND/1_fake/viral_bfree/FAKE/FsL1ChiXwAAaVFk/img03522.jpg,0.800302,1,1
/mnt/h200_dataset/saad/datasets/images/ancestree/ReWIND/1_fake/viral_bfree/FAKE/FsL1ChiXwAAaVFk/img03566.jpg,0.706697,1,1
/mnt/h200_dataset/saad/datasets/images/ancestree/ReWIND/1_fake/viral_bfree/FAKE/FsL1ChiXwAAaVFk/img03556.jpg,0.72487,1,1
/mnt/h200_dataset/saad/datasets/images/ancestree/ReWIND/1_fake/viral_bfree/FAKE/FsL1ChiXwAAaVFk/img03552.png,0.618579,1,1
/mnt/h200_dataset/saad/datasets/images/ancestree/ReWIND/1_fake/viral_bfree/FAKE/FsL1ChiXwAAaVFk/img03525.jpg,0.776199,1,1
/mnt/h200_dataset/saad/datasets/images/ancestree/ReWIND/1_fake/viral_bfree/FAKE/FsL1ChiXwAAaVFk/img03538.jpg,0.774413,1,1
/mnt/h200_dataset/saad/datasets/images/ancestree/ReWIND/1_fake/viral_bfree/FAKE/FsL1ChiXwAAaVFk/img03541.jpg,0.765769,1,1
/mnt/h200_dataset/saad/datasets/images/ancestree/ReWIND/1_fake/viral_bfree/FAKE/FsL1ChiXwAAaVFk/img03521.jpg,0.746416,1,1
/mnt/h200_dataset/saad/datasets/images/ancestree/ReWIND/1_fake/viral_bfree/FAKE/FsL1ChiXwAAaVFk/img03575.jpg,0.69539,1,1
/mnt/h200_dataset/saad/datasets/images/ancestree/ReWIND/1_fake/viral_bfree/FAKE/FsL1ChiXwAAaVFk/img03570.jpg,0.534931,1,1
/mnt/h200_dataset/saad/datasets/images/ancestree/ReWIND/1_fake/viral_bfree/FAKE/FsL1ChiXwAAaVFk/img03508.jpg,0.777215,1,1
/mnt/h200_dataset/saad/datasets/images/ancestree/ReWIND/1_fake/viral_bfree/FAKE/FsL1ChiXwAAaVFk/img03550.jpg,0.691393,1,1
/mnt/h200_dataset/saad/datasets/images/ancestree/ReWIND/1_fake/viral_bfree/FAKE/FsL1ChiXwAAaVFk/img03515.jpg,0.226955,0,1
/mnt/h200_dataset/saad/datasets/images/ancestree/ReWIND/1_fake/viral_bfree/FAKE/FsL1ChiXwAAaVFk/img03514.jpg,0.670339,1,1
/mnt/h200_dataset/saad/datasets/images/ancestree/ReWIND/1_fake/viral_bfree/FAKE/FrsaSV-XsAQYcrf/img04227.jpg,0.93115,1,1
/mnt/h200_dataset/saad/datasets/images/ancestree/ReWIND/1_fake/viral_bfree/FAKE/FrsaSV-XsAQYcrf/img04217.jpg,0.92976,1,1
/mnt/h200_dataset/saad/datasets/images/ancestree/ReWIND/1_fake/viral_bfree/FAKE/FrsaSV-XsAQYcrf/img04226.webp,0.926636,1,1
/mnt/h200_dataset/saad/datasets/images/ancestree/ReWIND/1_fake/viral_bfree/FAKE/FrsaSV-XsAQYcrf/img04257.jpg,0.92597,1,1
/mnt/h200_dataset/saad/datasets/images/ancestree/ReWIND/1_fake/viral_bfree/FAKE/FrsaSV-XsAQYcrf/img04240.jpg,0.913445,1,1
/mnt/h200_dataset/saad/datasets/images/ancestree/ReWIND/1_fake/viral_bfree/FAKE/FrsaSV-XsAQYcrf/img04253.jpg,0.932944,1,1
/mnt/h200_dataset/saad/datasets/images/ancestree/ReWIND/1_fake/viral_bfree/FAKE/FrsaSV-XsAQYcrf/img04233.jpg,0.92597,1,1
/mnt/h200_dataset/saad/datasets/images/ancestree/ReWIND/1_fake/viral_bfree/FAKE/FrsaSV-XsAQYcrf/img04220.jpg,0.933854,1,1
/mnt/h200_dataset/saad/datasets/images/ancestree/ReWIND/1_fake/viral_bfree/FAKE/FrsaSV-XsAQYcrf/img04231.jpg,0.930899,1,1
/mnt/h200_dataset/saad/datasets/images/ancestree/ReWIND/1_fake/viral_bfree/FAKE/FrsaSV-XsAQYcrf/img04241.jpg,0.933734,1,1
/mnt/h200_dataset/saad/datasets/images/ancestree/ReWIND/1_fake/viral_bfree/FAKE/FrsaSV-XsAQYcrf/img04232.jpg,0.902007,1,1
/mnt/h200_dataset/saad/datasets/images/ancestree/ReWIND/1_fake/viral_bfree/FAKE/FrsaSV-XsAQYcrf/img04264.jpg,0.931213,1,1
/mnt/h200_dataset/saad/datasets/images/ancestree/ReWIND/1_fake/viral_bfree/FAKE/FrsaSV-XsAQYcrf/img04236.jpg,0.925365,1,1
/mnt/h200_dataset/saad/datasets/images/ancestree/ReWIND/1_fake/viral_bfree/FAKE/FrsaSV-XsAQYcrf/img04291.jpg,0.92976,1,1
/mnt/h200_dataset/saad/datasets/images/ancestree/ReWIND/1_fake/viral_bfree/FAKE/FrsaSV-XsAQYcrf/img04229.jpg,0.933188,1,1
/mnt/h200_dataset/saad/datasets/images/ancestree/ReWIND/1_fake/viral_bfree/FAKE/FrsaSV-XsAQYcrf/img04238.jpg,0.883538,1,1
/mnt/h200_dataset/saad/datasets/images/ancestree/ReWIND/1_fake/viral_bfree/FAKE/FrsaSV-XsAQYcrf/img04266.jpg,0.930774,1,1
/mnt/h200_dataset/saad/datasets/images/ancestree/ReWIND/1_fake/viral_bfree/FAKE/FrsaSV-XsAQYcrf/img04242.jpg,0.932083,1,1
/mnt/h200_dataset/saad/datasets/images/ancestree/ReWIND/1_fake/viral_bfree/FAKE/FrsaSV-XsAQYcrf/img04234.jpg,0.918991,1,1
/mnt/h200_dataset/saad/datasets/images/ancestree/ReWIND/1_fake/viral_bfree/FAKE/FrsaSV-XsAQYcrf/img04239.jpg,0.932269,1,1
/mnt/h200_dataset/saad/datasets/images/ancestree/ReWIND/1_fake/viral_bfree/FAKE/FrsaSV-XsAQYcrf/img04249.jpg,0.884439,1,1
/mnt/h200_dataset/saad/datasets/images/ancestree/ReWIND/1_fake/viral_bfree/FAKE/FrsaSV-XsAQYcrf/img04255.jpg,0.925365,1,1
/mnt/h200_dataset/saad/datasets/images/ancestree/ReWIND/1_fake/viral_bfree/FAKE/FrsaSV-XsAQYcrf/img04256.jpg,0.925567,1,1
/mnt/h200_dataset/saad/datasets/images/ancestree/ReWIND/1_fake/viral_bfree/FAKE/FrsaSV-XsAQYcrf/img04297.jpg,0.925162,1,1
/mnt/h200_dataset/saad/datasets/images/ancestree/ReWIND/1_fake/viral_bfree/FAKE/FrsaSV-XsAQYcrf/img04260.jpg,0.889625,1,1
/mnt/h200_dataset/saad/datasets/images/ancestree/ReWIND/1_fake/viral_bfree/FAKE/FrsaSV-XsAQYcrf/img04252.jpg,0.934335,1,1
/mnt/h200_dataset/saad/datasets/images/ancestree/ReWIND/1_fake/viral_bfree/FAKE/FrsaSV-XsAQYcrf/img04228.jpg,0.933005,1,1
/mnt/h200_dataset/saad/datasets/images/ancestree/ReWIND/1_fake/viral_bfree/FAKE/FrsaSV-XsAQYcrf/img04274.jpg,0.938067,1,1
/mnt/h200_dataset/saad/datasets/images/ancestree/ReWIND/1_fake/viral_bfree/FAKE/FrsaSV-XsAQYcrf/img04258.jpg,0.832849,1,1
/mnt/h200_dataset/saad/datasets/images/ancestree/ReWIND/1_fake/viral_bfree/FAKE/FrsaSV-XsAQYcrf/img04223.jpg,0.931275,1,1
/mnt/h200_dataset/saad/datasets/images/ancestree/ReWIND/1_fake/viral_bfree/FAKE/FrsXCRSXgAEfOm8/img05219.jpg,0.913058,1,1
/mnt/h200_dataset/saad/datasets/images/ancestree/ReWIND/1_fake/viral_bfree/FAKE/FrsXCRSXgAEfOm8/img05334.jpg,0.933491,1,1
/mnt/h200_dataset/saad/datasets/images/ancestree/ReWIND/1_fake/viral_bfree/FAKE/FrsXCRSXgAEfOm8/img05512.jpg,0.910625,1,1
/mnt/h200_dataset/saad/datasets/images/ancestree/ReWIND/1_fake/viral_bfree/FAKE/FrsXCRSXgAEfOm8/img05521.jpg,0.911574,1,1
/mnt/h200_dataset/saad/datasets/images/ancestree/ReWIND/1_fake/viral_bfree/FAKE/FrsXCRSXgAEfOm8/img05464.jpg,0.91528,1,1
/mnt/h200_dataset/saad/datasets/images/ancestree/ReWIND/1_fake/viral_bfree/FAKE/FrsXCRSXgAEfOm8/img05515.jpg,0.906983,1,1
/mnt/h200_dataset/saad/datasets/images/ancestree/ReWIND/1_fake/viral_bfree/FAKE/FrsXCRSXgAEfOm8/img05329.jpg,0.90657,1,1
/mnt/h200_dataset/saad/datasets/images/ancestree/ReWIND/1_fake/viral_bfree/FAKE/FrsXCRSXgAEfOm8/img05518.jpg,0.912202,1,1
/mnt/h200_dataset/saad/datasets/images/ancestree/ReWIND/1_fake/viral_bfree/FAKE/FrsXCRSXgAEfOm8/img05536.jpg,0.895614,1,1
/mnt/h200_dataset/saad/datasets/images/ancestree/ReWIND/1_fake/viral_bfree/FAKE/FrsXCRSXgAEfOm8/img05295.jpg,0.904651,1,1
/mnt/h200_dataset/saad/datasets/images/ancestree/ReWIND/1_fake/viral_bfree/FAKE/FrsXCRSXgAEfOm8/img05327.jpg,0.92421,1,1
/mnt/h200_dataset/saad/datasets/images/ancestree/ReWIND/1_fake/viral_bfree/FAKE/FrsXCRSXgAEfOm8/img05290.jpg,0.911731,1,1
/mnt/h200_dataset/saad/datasets/images/ancestree/ReWIND/1_fake/viral_bfree/FAKE/FrsXCRSXgAEfOm8/img05194.jpg,0.915583,1,1
/mnt/h200_dataset/saad/datasets/images/ancestree/ReWIND/1_fake/viral_bfree/FAKE/FrsXCRSXgAEfOm8/img05511.jpg,0.909907,1,1
/mnt/h200_dataset/saad/datasets/images/ancestree/ReWIND/1_fake/viral_bfree/FAKE/FrsXCRSXgAEfOm8/img05494.jpg,0.90657,1,1
/mnt/h200_dataset/saad/datasets/images/ancestree/ReWIND/1_fake/viral_bfree/FAKE/FrsXCRSXgAEfOm8/img05507.jpg,0.908456,1,1
/mnt/h200_dataset/saad/datasets/images/ancestree/ReWIND/1_fake/viral_bfree/FAKE/FrsXCRSXgAEfOm8/img05335.jpg,0.921145,1,1
/mnt/h200_dataset/saad/datasets/images/ancestree/ReWIND/1_fake/viral_bfree/FAKE/FrsXCRSXgAEfOm8/img05333.webp,0.909747,1,1
/mnt/h200_dataset/saad/datasets/images/ancestree/ReWIND/1_fake/viral_bfree/FAKE/FrsXCRSXgAEfOm8/img05480.jpg,0.91267,1,1
/mnt/h200_dataset/saad/datasets/images/ancestree/ReWIND/1_fake/viral_bfree/FAKE/FrsXCRSXgAEfOm8/img05242.jpg,0.918626,1,1
/mnt/h200_dataset/saad/datasets/images/ancestree/ReWIND/1_fake/viral_bfree/FAKE/FrsXCRSXgAEfOm8/img05359.jpg,0.910306,1,1
/mnt/h200_dataset/saad/datasets/images/ancestree/ReWIND/1_fake/viral_bfree/FAKE/FrsXCRSXgAEfOm8/img05211.jpg,0.914444,1,1
/mnt/h200_dataset/saad/datasets/images/ancestree/ReWIND/1_fake/viral_bfree/FAKE/FrsXCRSXgAEfOm8/img05471.jpg,0.900792,1,1
/mnt/h200_dataset/saad/datasets/images/ancestree/ReWIND/1_fake/viral_bfree/FAKE/FrsXCRSXgAEfOm8/img05448.jpg,0.909184,1,1
/mnt/h200_dataset/saad/datasets/images/ancestree/ReWIND/1_fake/viral_bfree/FAKE/FrsXCRSXgAEfOm8/img05444.webp,0.91228,1,1
/mnt/h200_dataset/saad/datasets/images/ancestree/ReWIND/1_fake/viral_bfree/FAKE/FrsXCRSXgAEfOm8/img05456.jpg,0.915205,1,1
/mnt/h200_dataset/saad/datasets/images/ancestree/ReWIND/1_fake/viral_bfree/FAKE/FrsXCRSXgAEfOm8/img05206.jpg,0.913907,1,1
/mnt/h200_dataset/saad/datasets/images/ancestree/ReWIND/1_fake/viral_bfree/FAKE/FrsXCRSXgAEfOm8/img05201.jpg,0.915583,1,1
/mnt/h200_dataset/saad/datasets/images/ancestree/ReWIND/1_fake/viral_bfree/FAKE/FrsXCRSXgAEfOm8/img05307.jpg,0.914825,1,1
/mnt/h200_dataset/saad/datasets/images/ancestree/ReWIND/1_fake/viral_bfree/FAKE/FrsXCRSXgAEfOm8/img05213.jpg,0.912903,1,1
/mnt/h200_dataset/saad/datasets/images/ancestree/ReWIND/1_fake/viral_bfree/FAKE/FrsXCRSXgAEfOm8/img05323.webp,0.911101,1,1
/mnt/h200_dataset/saad/datasets/images/ancestree/ReWIND/1_fake/viral_bfree/FAKE/FrsXCRSXgAEfOm8/img05341.jpg,0.915583,1,1
/mnt/h200_dataset/saad/datasets/images/ancestree/ReWIND/1_fake/viral_bfree/FAKE/FrsXCRSXgAEfOm8/img05461.jpg,0.915583,1,1
/mnt/h200_dataset/saad/datasets/images/ancestree/ReWIND/1_fake/viral_bfree/FAKE/FrsXCRSXgAEfOm8/img05525.png,0.915129,1,1
/mnt/h200_dataset/saad/datasets/images/ancestree/ReWIND/1_fake/viral_bfree/FAKE/FrsXCRSXgAEfOm8/img05294.jpg,0.909667,1,1
/mnt/h200_dataset/saad/datasets/images/ancestree/ReWIND/1_fake/viral_bfree/FAKE/FrsXCRSXgAEfOm8/img05443.jpg,0.898053,1,1
/mnt/h200_dataset/saad/datasets/images/ancestree/ReWIND/1_fake/viral_bfree/FAKE/FrsXCRSXgAEfOm8/img05539.jpg,0.909907,1,1
/mnt/h200_dataset/saad/datasets/images/ancestree/ReWIND/1_fake/viral_bfree/FAKE/FrsXCRSXgAEfOm8/img05251.jpg,0.898678,1,1
/mnt/h200_dataset/saad/datasets/images/ancestree/ReWIND/1_fake/viral_bfree/FAKE/FrsXCRSXgAEfOm8/img05240.jpg,0.90599,1,1
/mnt/h200_dataset/saad/datasets/images/ancestree/ReWIND/1_fake/viral_bfree/FAKE/FrsXCRSXgAEfOm8/img05310.jpg,0.901227,1,1
/mnt/h200_dataset/saad/datasets/images/ancestree/ReWIND/1_fake/viral_bfree/FAKE/FrsXCRSXgAEfOm8/img05197.jpg,0.915734,1,1
/mnt/h200_dataset/saad/datasets/images/ancestree/ReWIND/1_fake/viral_bfree/FAKE/FrsXCRSXgAEfOm8/img05330.jpg,0.919859,1,1
/mnt/h200_dataset/saad/datasets/images/ancestree/ReWIND/1_fake/viral_bfree/FAKE/FrsXCRSXgAEfOm8/img05343.jpg,0.907394,1,1
/mnt/h200_dataset/saad/datasets/images/ancestree/ReWIND/1_fake/viral_bfree/FAKE/FrsXCRSXgAEfOm8/img05312.jpg,0.720909,1,1
/mnt/h200_dataset/saad/datasets/images/ancestree/ReWIND/1_fake/viral_bfree/FAKE/FrsXCRSXgAEfOm8/img05508.jpg,0.900792,1,1
/mnt/h200_dataset/saad/datasets/images/ancestree/ReWIND/1_fake/viral_bfree/FAKE/FrsXCRSXgAEfOm8/img05527.jpg,0.903209,1,1
/mnt/h200_dataset/saad/datasets/images/ancestree/ReWIND/1_fake/viral_bfree/FAKE/FrsXCRSXgAEfOm8/img05454.webp,0.91181,1,1
/mnt/h200_dataset/saad/datasets/images/ancestree/ReWIND/1_fake/viral_bfree/FAKE/FrsXCRSXgAEfOm8/img05447.jpg,0.922761,1,1
/mnt/h200_dataset/saad/datasets/images/ancestree/ReWIND/1_fake/viral_bfree/FAKE/FrsXCRSXgAEfOm8/img05324.jpg,0.901314,1,1
/mnt/h200_dataset/saad/datasets/images/ancestree/ReWIND/1_fake/viral_bfree/FAKE/FrsXCRSXgAEfOm8/img05353.jpg,0.908942,1,1
/mnt/h200_dataset/saad/datasets/images/ancestree/ReWIND/1_fake/viral_bfree/FAKE/FrsXCRSXgAEfOm8/img05196.jpg,0.915734,1,1
/mnt/h200_dataset/saad/datasets/images/ancestree/ReWIND/1_fake/viral_bfree/FAKE/FrsXCRSXgAEfOm8/img05241.jpg,0.921074,1,1
/mnt/h200_dataset/saad/datasets/images/ancestree/ReWIND/1_fake/viral_bfree/FAKE/FrsXCRSXgAEfOm8/img05533.jpg,0.911574,1,1
/mnt/h200_dataset/saad/datasets/images/ancestree/ReWIND/1_fake/viral_bfree/FAKE/FrsXCRSXgAEfOm8/img05468.jpg,0.914367,1,1
/mnt/h200_dataset/saad/datasets/images/ancestree/ReWIND/1_fake/viral_bfree/FAKE/FrsXCRSXgAEfOm8/img05470.jpg,0.912981,1,1
/mnt/h200_dataset/saad/datasets/images/ancestree/ReWIND/1_fake/viral_bfree/FAKE/FrsXCRSXgAEfOm8/img05386.jpg,0.915583,1,1
/mnt/h200_dataset/saad/datasets/images/ancestree/ReWIND/1_fake/viral_bfree/FAKE/FrsXCRSXgAEfOm8/img05204.jpg,0.915734,1,1
/mnt/h200_dataset/saad/datasets/images/ancestree/ReWIND/1_fake/viral_bfree/FAKE/FrsXCRSXgAEfOm8/img05472.webp,0.909907,1,1
/mnt/h200_dataset/saad/datasets/images/ancestree/ReWIND/1_fake/viral_bfree/FAKE/FrsXCRSXgAEfOm8/img05212.jpg,0.900705,1,1
/mnt/h200_dataset/saad/datasets/images/ancestree/ReWIND/1_fake/viral_bfree/FAKE/FrsXCRSXgAEfOm8/img05217.jpg,0.899916,1,1
/mnt/h200_dataset/saad/datasets/images/ancestree/ReWIND/1_fake/viral_bfree/FAKE/FrsXCRSXgAEfOm8/img05267.jpg,0.910942,1,1
/mnt/h200_dataset/saad/datasets/images/ancestree/ReWIND/1_fake/viral_bfree/FAKE/FrsXCRSXgAEfOm8/img05266.jpg,0.911259,1,1
/mnt/h200_dataset/saad/datasets/images/ancestree/ReWIND/1_fake/viral_bfree/FAKE/FrsXCRSXgAEfOm8/img05352.jpg,0.91267,1,1
/mnt/h200_dataset/saad/datasets/images/ancestree/ReWIND/1_fake/viral_bfree/FAKE/FrsXCRSXgAEfOm8/img05257.jpg,0.90764,1,1
/mnt/h200_dataset/saad/datasets/images/ancestree/ReWIND/1_fake/viral_bfree/FAKE/FrsXCRSXgAEfOm8/img05484.jpg,0.912514,1,1
/mnt/h200_dataset/saad/datasets/images/ancestree/ReWIND/1_fake/viral_bfree/FAKE/FrsXCRSXgAEfOm8/img05383.jpg,0.920146,1,1
/mnt/h200_dataset/saad/datasets/images/ancestree/ReWIND/1_fake/viral_bfree/FAKE/FrsXCRSXgAEfOm8/img05210.jpg,0.91848,1,1
/mnt/h200_dataset/saad/datasets/images/ancestree/ReWIND/1_fake/viral_bfree/FAKE/FrsXCRSXgAEfOm8/img05297.jpg,0.908861,1,1
/mnt/h200_dataset/saad/datasets/images/ancestree/ReWIND/1_fake/viral_bfree/FAKE/FrsXCRSXgAEfOm8/img05202.jpg,0.913984,1,1
/mnt/h200_dataset/saad/datasets/images/ancestree/ReWIND/1_fake/viral_bfree/FAKE/FrsXCRSXgAEfOm8/img05233.jpg,0.915583,1,1
/mnt/h200_dataset/saad/datasets/images/ancestree/ReWIND/1_fake/viral_bfree/FAKE/FrsXCRSXgAEfOm8/img05452.jpg,0.90723,1,1
/mnt/h200_dataset/saad/datasets/images/ancestree/ReWIND/1_fake/viral_bfree/FAKE/FrsXCRSXgAEfOm8/img05274.jpg,0.917598,1,1
/mnt/h200_dataset/saad/datasets/images/ancestree/ReWIND/1_fake/viral_bfree/FAKE/FrsXCRSXgAEfOm8/img05364.jpg,0.913907,1,1
/mnt/h200_dataset/saad/datasets/images/ancestree/ReWIND/1_fake/viral_bfree/FAKE/FrsXCRSXgAEfOm8/img05248.jpg,0.873808,1,1
/mnt/h200_dataset/saad/datasets/images/ancestree/ReWIND/1_fake/viral_bfree/FAKE/FrsXCRSXgAEfOm8/img05296.jpg,0.911259,1,1
/mnt/h200_dataset/saad/datasets/images/ancestree/ReWIND/1_fake/viral_bfree/FAKE/FrsXCRSXgAEfOm8/img05475.jpg,0.916559,1,1
/mnt/h200_dataset/saad/datasets/images/ancestree/ReWIND/1_fake/viral_bfree/FAKE/FrsXCRSXgAEfOm8/img05504.jpg,0.914214,1,1
/mnt/h200_dataset/saad/datasets/images/ancestree/ReWIND/1_fake/viral_bfree/FAKE/FrsXCRSXgAEfOm8/img05215.jpg,0.896795,1,1
/mnt/h200_dataset/saad/datasets/images/ancestree/ReWIND/1_fake/viral_bfree/FAKE/FrsXCRSXgAEfOm8/img05367.jpg,0.914825,1,1
/mnt/h200_dataset/saad/datasets/images/ancestree/ReWIND/1_fake/viral_bfree/FAKE/FrsXCRSXgAEfOm8/img05450.jpg,0.909425,1,1
/mnt/h200_dataset/saad/datasets/images/ancestree/ReWIND/1_fake/viral_bfree/FAKE/FrsXCRSXgAEfOm8/img05524.jpg,0.894698,1,1
/mnt/h200_dataset/saad/datasets/images/ancestree/ReWIND/1_fake/viral_bfree/FAKE/FrsXCRSXgAEfOm8/img05332.jpg,0.916035,1,1
/mnt/h200_dataset/saad/datasets/images/ancestree/ReWIND/1_fake/viral_bfree/FAKE/FrsXCRSXgAEfOm8/img05478.jpg,0.908212,1,1
/mnt/h200_dataset/saad/datasets/images/ancestree/ReWIND/1_fake/viral_bfree/FAKE/FrsXCRSXgAEfOm8/img05531.jpg,0.915734,1,1
/mnt/h200_dataset/saad/datasets/images/ancestree/ReWIND/1_fake/viral_bfree/FAKE/FrsXCRSXgAEfOm8/img05331.jpg,0.916185,1,1
/mnt/h200_dataset/saad/datasets/images/ancestree/ReWIND/1_fake/viral_bfree/FAKE/FrsXCRSXgAEfOm8/img05311.jpg,0.896433,1,1
/mnt/h200_dataset/saad/datasets/images/ancestree/ReWIND/1_fake/viral_bfree/FAKE/FrsXCRSXgAEfOm8/img05234.jpg,0.910784,1,1
/mnt/h200_dataset/saad/datasets/images/ancestree/ReWIND/1_fake/viral_bfree/FAKE/FrsXCRSXgAEfOm8/img05209.jpg,0.913599,1,1
/mnt/h200_dataset/saad/datasets/images/ancestree/ReWIND/1_fake/viral_bfree/FAKE/FrsXCRSXgAEfOm8/img05503.jpg,0.920074,1,1
/mnt/h200_dataset/saad/datasets/images/ancestree/ReWIND/1_fake/viral_bfree/FAKE/FrsXCRSXgAEfOm8/img05440.jpg,0.913984,1,1
/mnt/h200_dataset/saad/datasets/images/ancestree/ReWIND/1_fake/viral_bfree/FAKE/FrsXCRSXgAEfOm8/img05300.jpg,0.91708,1,1
/mnt/h200_dataset/saad/datasets/images/ancestree/ReWIND/1_fake/viral_bfree/FAKE/FrsXCRSXgAEfOm8/img05497.jpg,0.91267,1,1
/mnt/h200_dataset/saad/datasets/images/ancestree/ReWIND/1_fake/viral_bfree/FAKE/FrsXCRSXgAEfOm8/img05439.jpg,0.913058,1,1
/mnt/h200_dataset/saad/datasets/images/ancestree/ReWIND/1_fake/viral_bfree/FAKE/FrsXCRSXgAEfOm8/img05479.jpg,0.912826,1,1
/mnt/h200_dataset/saad/datasets/images/ancestree/ReWIND/1_fake/viral_bfree/FAKE/FrsXCRSXgAEfOm8/img05399.jpg,0.931463,1,1
/mnt/h200_dataset/saad/datasets/images/ancestree/ReWIND/1_fake/viral_bfree/FAKE/FrsXCRSXgAEfOm8/img05538.jpg,0.903805,1,1
/mnt/h200_dataset/saad/datasets/images/ancestree/ReWIND/1_fake/viral_bfree/FAKE/FrsXCRSXgAEfOm8/img05259.jpg,0.911416,1,1
/mnt/h200_dataset/saad/datasets/images/ancestree/ReWIND/1_fake/viral_bfree/FAKE/FrsXCRSXgAEfOm8/img05313.jpg,0.905823,1,1
/mnt/h200_dataset/saad/datasets/images/ancestree/ReWIND/1_fake/viral_bfree/FAKE/FrsXCRSXgAEfOm8/img05272.jpg,0.905239,1,1
/mnt/h200_dataset/saad/datasets/images/ancestree/ReWIND/1_fake/viral_bfree/FAKE/FrsXCRSXgAEfOm8/img05279.jpg,0.913445,1,1
/mnt/h200_dataset/saad/datasets/images/ancestree/ReWIND/1_fake/viral_bfree/FAKE/FrsXCRSXgAEfOm8/img05532.jpg,0.91267,1,1
/mnt/h200_dataset/saad/datasets/images/ancestree/ReWIND/1_fake/viral_bfree/FAKE/FrsXCRSXgAEfOm8/img05514.jpg,0.912202,1,1
/mnt/h200_dataset/saad/datasets/images/ancestree/ReWIND/1_fake/viral_bfree/FAKE/FrsXCRSXgAEfOm8/img05200.jpg,0.8874,1,1
/mnt/h200_dataset/saad/datasets/images/ancestree/ReWIND/1_fake/viral_bfree/FAKE/FrsXCRSXgAEfOm8/img05237.jpg,0.915734,1,1
/mnt/h200_dataset/saad/datasets/images/ancestree/ReWIND/1_fake/viral_bfree/FAKE/FrsXCRSXgAEfOm8/img05534.jpg,0.906073,1,1
/mnt/h200_dataset/saad/datasets/images/ancestree/ReWIND/1_fake/viral_bfree/FAKE/FrsXCRSXgAEfOm8/img05498.jpg,0.913445,1,1
/mnt/h200_dataset/saad/datasets/images/ancestree/ReWIND/1_fake/viral_bfree/FAKE/FrsXCRSXgAEfOm8/img05496.jpg,0.911338,1,1
/mnt/h200_dataset/saad/datasets/images/ancestree/ReWIND/1_fake/viral_bfree/FAKE/FrsXCRSXgAEfOm8/img05214.jpg,0.914673,1,1
/mnt/h200_dataset/saad/datasets/images/ancestree/ReWIND/1_fake/viral_bfree/FAKE/FrsXCRSXgAEfOm8/img05249.jpg,0.911259,1,1
/mnt/h200_dataset/saad/datasets/images/ancestree/ReWIND/1_fake/viral_bfree/FAKE/FrsXCRSXgAEfOm8/img05356.jpg,0.920576,1,1
/mnt/h200_dataset/saad/datasets/images/ancestree/ReWIND/1_fake/viral_bfree/FAKE/FrsXCRSXgAEfOm8/img05365.webp,0.914444,1,1
/mnt/h200_dataset/saad/datasets/images/ancestree/ReWIND/1_fake/viral_bfree/FAKE/FrsXCRSXgAEfOm8/img05350.jpg,0.915734,1,1
/mnt/h200_dataset/saad/datasets/images/ancestree/ReWIND/1_fake/viral_bfree/FAKE/FrsXCRSXgAEfOm8/img05207.jpg,0.909345,1,1
/mnt/h200_dataset/saad/datasets/images/ancestree/ReWIND/1_fake/viral_bfree/FAKE/FrsXCRSXgAEfOm8/img05285.jpg,0.910625,1,1
/mnt/h200_dataset/saad/datasets/images/ancestree/ReWIND/1_fake/viral_bfree/FAKE/FrsXCRSXgAEfOm8/img05513.jpg,0.912202,1,1
/mnt/h200_dataset/saad/datasets/images/ancestree/ReWIND/1_fake/viral_bfree/FAKE/FrsXCRSXgAEfOm8/img05493.jpg,0.909827,1,1
/mnt/h200_dataset/saad/datasets/images/ancestree/ReWIND/1_fake/viral_bfree/FAKE/FrsXCRSXgAEfOm8/img05292.jpg,0.909827,1,1
/mnt/h200_dataset/saad/datasets/images/ancestree/ReWIND/1_fake/viral_bfree/FAKE/FrsXCRSXgAEfOm8/img05273.jpg,0.913445,1,1
/mnt/h200_dataset/saad/datasets/images/ancestree/ReWIND/1_fake/viral_bfree/FAKE/FrsXCRSXgAEfOm8/img05260.jpg,0.912514,1,1
/mnt/h200_dataset/saad/datasets/images/ancestree/ReWIND/1_fake/viral_bfree/FAKE/FrsXCRSXgAEfOm8/img05369.jpg,0.915809,1,1
/mnt/h200_dataset/saad/datasets/images/ancestree/ReWIND/1_fake/viral_bfree/FAKE/FrsXCRSXgAEfOm8/img05483.jpg,0.912981,1,1
/mnt/h200_dataset/saad/datasets/images/ancestree/ReWIND/1_fake/viral_bfree/FAKE/FrsXCRSXgAEfOm8/img05491.jpg,0.912045,1,1
/mnt/h200_dataset/saad/datasets/images/ancestree/ReWIND/1_fake/viral_bfree/FAKE/FrsXCRSXgAEfOm8/img05368.jpg,0.91708,1,1
/mnt/h200_dataset/saad/datasets/images/ancestree/ReWIND/1_fake/viral_bfree/FAKE/FrsXCRSXgAEfOm8/img05523.jpg,0.915432,1,1
/mnt/h200_dataset/saad/datasets/images/ancestree/ReWIND/1_fake/viral_bfree/FAKE/FrsXCRSXgAEfOm8/img05262.jpg,0.894513,1,1
/mnt/h200_dataset/saad/datasets/images/ancestree/ReWIND/1_fake/viral_bfree/FAKE/FrsXCRSXgAEfOm8/img05298.jpg,0.913599,1,1
/mnt/h200_dataset/saad/datasets/images/ancestree/ReWIND/1_fake/viral_bfree/FAKE/FrsXCRSXgAEfOm8/img05318.jpg,0.917451,1,1
/mnt/h200_dataset/saad/datasets/images/ancestree/ReWIND/1_fake/viral_bfree/FAKE/FrsXCRSXgAEfOm8/img05256.jpg,0.91267,1,1
/mnt/h200_dataset/saad/datasets/images/ancestree/ReWIND/1_fake/viral_bfree/FAKE/FrsXCRSXgAEfOm8/img05321.jpg,0.907967,1,1
/mnt/h200_dataset/saad/datasets/images/ancestree/ReWIND/1_fake/viral_bfree/FAKE/FrsXCRSXgAEfOm8/img05304.webp,0.908699,1,1
/mnt/h200_dataset/saad/datasets/images/ancestree/ReWIND/1_fake/viral_bfree/FAKE/FrsXCRSXgAEfOm8/img05309.jpg,0.913984,1,1
/mnt/h200_dataset/saad/datasets/images/ancestree/ReWIND/1_fake/viral_bfree/FAKE/FrsXCRSXgAEfOm8/img05198.jpg,0.915734,1,1
/mnt/h200_dataset/saad/datasets/images/ancestree/ReWIND/1_fake/viral_bfree/FAKE/FrsXCRSXgAEfOm8/img05195.jpg,0.914825,1,1
/mnt/h200_dataset/saad/datasets/images/ancestree/ReWIND/1_fake/viral_bfree/FAKE/FrsXCRSXgAEfOm8/img05466.jpg,0.905907,1,1
/mnt/h200_dataset/saad/datasets/images/ancestree/ReWIND/1_fake/viral_bfree/FAKE/FrsXCRSXgAEfOm8/img05467.jpg,0.914673,1,1
/mnt/h200_dataset/saad/datasets/images/ancestree/ReWIND/1_fake/viral_bfree/FAKE/FrsXCRSXgAEfOm8/img05357.jpg,0.910306,1,1
/mnt/h200_dataset/saad/datasets/images/ancestree/ReWIND/1_fake/viral_bfree/FAKE/FrsXCRSXgAEfOm8/img05286.jpg,0.913136,1,1
/mnt/h200_dataset/saad/datasets/images/ancestree/ReWIND/1_fake/viral_bfree/FAKE/FrsXCRSXgAEfOm8/img05236.jpg,0.916783,1,1
/mnt/h200_dataset/saad/datasets/images/ancestree/ReWIND/1_fake/viral_bfree/FAKE/FrsXCRSXgAEfOm8/img05510.jpg,0.915734,1,1
/mnt/h200_dataset/saad/datasets/images/ancestree/ReWIND/1_fake/viral_bfree/FAKE/FrsXCRSXgAEfOm8/img05231.jpg,0.914444,1,1
/mnt/h200_dataset/saad/datasets/images/ancestree/ReWIND/1_fake/viral_bfree/FAKE/FrsXCRSXgAEfOm8/img05446.jpg,0.914596,1,1
/mnt/h200_dataset/saad/datasets/images/ancestree/ReWIND/1_fake/viral_bfree/FAKE/FrsXCRSXgAEfOm8/img05224.webp,0.914749,1,1
/mnt/h200_dataset/saad/datasets/images/ancestree/ReWIND/1_fake/viral_bfree/FAKE/FrsXCRSXgAEfOm8/img05287.jpg,0.915809,1,1
/mnt/h200_dataset/saad/datasets/images/ancestree/ReWIND/1_fake/viral_bfree/FAKE/FrsXCRSXgAEfOm8/img05500.jpg,0.905657,1,1
/mnt/h200_dataset/saad/datasets/images/ancestree/ReWIND/1_fake/viral_bfree/FAKE/FrsXCRSXgAEfOm8/img05520.jpg,0.906653,1,1
/mnt/h200_dataset/saad/datasets/images/ancestree/ReWIND/1_fake/viral_bfree/FAKE/FrsXCRSXgAEfOm8/img05474.jpg,0.912903,1,1
/mnt/h200_dataset/saad/datasets/images/ancestree/ReWIND/1_fake/viral_bfree/FAKE/FrsXCRSXgAEfOm8/img05277.jpg,0.910147,1,1
/mnt/h200_dataset/saad/datasets/images/ancestree/ReWIND/1_fake/viral_bfree/FAKE/FrsXCRSXgAEfOm8/img05489.jpg,0.916708,1,1
/mnt/h200_dataset/saad/datasets/images/ancestree/ReWIND/1_fake/viral_bfree/FAKE/FrsXCRSXgAEfOm8/img05486.jpg,0.915583,1,1
/mnt/h200_dataset/saad/datasets/images/ancestree/ReWIND/1_fake/viral_bfree/FAKE/FrsXCRSXgAEfOm8/img05243.jpg,0.909586,1,1
/mnt/h200_dataset/saad/datasets/images/ancestree/ReWIND/1_fake/viral_bfree/FAKE/FrsXCRSXgAEfOm8/img05490.jpg,0.914749,1,1
/mnt/h200_dataset/saad/datasets/images/ancestree/ReWIND/1_fake/viral_bfree/FAKE/FrsXCRSXgAEfOm8/img05246.jpg,0.913754,1,1
/mnt/h200_dataset/saad/datasets/images/ancestree/ReWIND/1_fake/viral_bfree/FAKE/FrsXCRSXgAEfOm8/img05537.jpg,0.898143,1,1
/mnt/h200_dataset/saad/datasets/images/ancestree/ReWIND/1_fake/viral_bfree/FAKE/FrsXCRSXgAEfOm8/img05275.jpg,0.915432,1,1
/mnt/h200_dataset/saad/datasets/images/ancestree/ReWIND/1_fake/viral_bfree/FAKE/FrsXCRSXgAEfOm8/img05463.webp,0.91804,1,1
/mnt/h200_dataset/saad/datasets/images/ancestree/ReWIND/1_fake/viral_bfree/FAKE/FrsXCRSXgAEfOm8/img05239.jpg,0.914977,1,1
/mnt/h200_dataset/saad/datasets/images/ancestree/ReWIND/1_fake/viral_bfree/FAKE/FrsXCRSXgAEfOm8/img05303.jpg,0.896523,1,1
/mnt/h200_dataset/saad/datasets/images/ancestree/ReWIND/1_fake/viral_bfree/FAKE/FrsXCRSXgAEfOm8/img05487.jpg,0.91626,1,1
/mnt/h200_dataset/saad/datasets/images/ancestree/ReWIND/1_fake/viral_bfree/FAKE/FrsXCRSXgAEfOm8/img05506.jpg,0.910625,1,1
/mnt/h200_dataset/saad/datasets/images/ancestree/ReWIND/1_fake/viral_bfree/FAKE/FrsXCRSXgAEfOm8/img05306.jpg,0.91181,1,1
/mnt/h200_dataset/saad/datasets/images/ancestree/ReWIND/1_fake/viral_bfree/FAKE/FrsXCRSXgAEfOm8/img05205.jpg,0.900966,1,1
/mnt/h200_dataset/saad/datasets/images/ancestree/ReWIND/1_fake/viral_bfree/FAKE/FrsXCRSXgAEfOm8/img05519.jpg,0.912045,1,1
/mnt/h200_dataset/saad/datasets/images/ancestree/ReWIND/1_fake/viral_bfree/FAKE/FrsXCRSXgAEfOm8/img05502.jpg,0.91228,1,1
/mnt/h200_dataset/saad/datasets/images/ancestree/ReWIND/1_fake/viral_bfree/FAKE/FrsXCRSXgAEfOm8/img05465.jpg,0.915734,1,1
/mnt/h200_dataset/saad/datasets/images/ancestree/ReWIND/1_fake/viral_bfree/FAKE/FrsXCRSXgAEfOm8/img05264.jpg,0.909506,1,1
/mnt/h200_dataset/saad/datasets/images/ancestree/ReWIND/1_fake/viral_bfree/FAKE/FrsXCRSXgAEfOm8/img05325.jpg,0.915583,1,1
/mnt/h200_dataset/saad/datasets/images/ancestree/ReWIND/1_fake/viral_bfree/FAKE/FrsXCRSXgAEfOm8/img05441.jpg,0.917967,1,1
/mnt/h200_dataset/saad/datasets/images/ancestree/ReWIND/1_fake/viral_bfree/FAKE/FrsXCRSXgAEfOm8/img05245.jpg,0.904735,1,1
/mnt/h200_dataset/saad/datasets/images/ancestree/ReWIND/1_fake/viral_bfree/FAKE/FrsXCRSXgAEfOm8/img05255.jpg,0.913291,1,1
/mnt/h200_dataset/saad/datasets/images/ancestree/ReWIND/1_fake/viral_bfree/FAKE/FrsXCRSXgAEfOm8/img05216.jpg,0.904397,1,1
/mnt/h200_dataset/saad/datasets/images/ancestree/ReWIND/1_fake/viral_bfree/FAKE/FrsXCRSXgAEfOm8/img05228.jpg,0.91708,1,1
/mnt/h200_dataset/saad/datasets/images/ancestree/ReWIND/1_fake/viral_bfree/FAKE/FrsXCRSXgAEfOm8/img05253.jpg,0.912124,1,1
/mnt/h200_dataset/saad/datasets/images/ancestree/ReWIND/1_fake/viral_bfree/FAKE/FrsXCRSXgAEfOm8/img05328.jpg,0.911888,1,1
/mnt/h200_dataset/saad/datasets/images/ancestree/ReWIND/1_fake/viral_bfree/FAKE/FrsXCRSXgAEfOm8/img05438.jpg,0.916335,1,1
/mnt/h200_dataset/saad/datasets/images/ancestree/ReWIND/1_fake/viral_bfree/FAKE/FrsXCRSXgAEfOm8/img05528.jpg,0.908374,1,1
/mnt/h200_dataset/saad/datasets/images/ancestree/ReWIND/1_fake/viral_bfree/FAKE/FrsXCRSXgAEfOm8/img05445.jpg,0.913291,1,1
/mnt/h200_dataset/saad/datasets/images/ancestree/ReWIND/1_fake/viral_bfree/FAKE/FrsXCRSXgAEfOm8/img05370.jpg,0.909667,1,1
/mnt/h200_dataset/saad/datasets/images/ancestree/ReWIND/1_fake/viral_bfree/FAKE/FrsXCRSXgAEfOm8/img05482.jpg,0.912826,1,1
/mnt/h200_dataset/saad/datasets/images/ancestree/ReWIND/1_fake/viral_bfree/FAKE/FrsXCRSXgAEfOm8/img05360.jpg,0.915053,1,1
/mnt/h200_dataset/saad/datasets/images/ancestree/ReWIND/1_fake/viral_bfree/FAKE/FrsXCRSXgAEfOm8/img05526.jpg,0.900092,1,1
/mnt/h200_dataset/saad/datasets/images/ancestree/ReWIND/1_fake/viral_bfree/FAKE/FrsXCRSXgAEfOm8/img05459.jpg,0.909023,1,1
/mnt/h200_dataset/saad/datasets/images/ancestree/ReWIND/1_fake/viral_bfree/FAKE/FrsXCRSXgAEfOm8/img05509.jpg,0.910784,1,1
/mnt/h200_dataset/saad/datasets/images/ancestree/ReWIND/1_fake/viral_bfree/FAKE/FrsXCRSXgAEfOm8/img05495.jpg,0.902524,1,1
/mnt/h200_dataset/saad/datasets/images/ancestree/ReWIND/1_fake/viral_bfree/FAKE/FrsXCRSXgAEfOm8/img05488.jpg,0.910147,1,1
/mnt/h200_dataset/saad/datasets/images/ancestree/ReWIND/1_fake/viral_bfree/FAKE/FrsXCRSXgAEfOm8/img05499.jpg,0.913445,1,1
/mnt/h200_dataset/saad/datasets/images/ancestree/ReWIND/1_fake/viral_bfree/FAKE/FrsXCRSXgAEfOm8/img05505.jpg,0.916633,1,1
/mnt/h200_dataset/saad/datasets/images/ancestree/ReWIND/1_fake/viral_bfree/FAKE/FrsXCRSXgAEfOm8/img05517.jpg,0.914825,1,1
/mnt/h200_dataset/saad/datasets/images/ancestree/ReWIND/1_fake/viral_bfree/FAKE/FrsXCRSXgAEfOm8/img05442.jpg,0.91528,1,1
/mnt/h200_dataset/saad/datasets/images/ancestree/ReWIND/1_fake/viral_bfree/FAKE/FrsXCRSXgAEfOm8/img05476.webp,0.907066,1,1
/mnt/h200_dataset/saad/datasets/images/ancestree/ReWIND/1_fake/viral_bfree/FAKE/FrsXCRSXgAEfOm8/img05501.jpg,0.894513,1,1
/mnt/h200_dataset/saad/datasets/images/ancestree/ReWIND/1_fake/viral_bfree/FAKE/FrsXCRSXgAEfOm8/img05481.webp,0.913754,1,1
/mnt/h200_dataset/saad/datasets/images/ancestree/ReWIND/1_fake/viral_bfree/FAKE/FrsXCRSXgAEfOm8/img05477.jpg,0.888469,1,1
/mnt/h200_dataset/saad/datasets/images/ancestree/ReWIND/1_fake/viral_bfree/FAKE/FrsXCRSXgAEfOm8/img05457.jpg,0.912045,1,1
/mnt/h200_dataset/saad/datasets/images/ancestree/ReWIND/1_fake/viral_bfree/FAKE/FrsXCRSXgAEfOm8/img05516.jpg,0.905907,1,1
/mnt/h200_dataset/saad/datasets/images/ancestree/ReWIND/1_fake/viral_bfree/FAKE/FrsXCRSXgAEfOm8/img05530.jpg,0.90114,1,1
/mnt/h200_dataset/saad/datasets/images/ancestree/ReWIND/1_fake/viral_bfree/FAKE/FrsXCRSXgAEfOm8/img05522.jpg,0.90599,1,1
/mnt/h200_dataset/saad/datasets/images/ancestree/ReWIND/1_fake/viral_bfree/FAKE/FrsXCRSXgAEfOm8/img05254.webp,0.912748,1,1
/mnt/h200_dataset/saad/datasets/images/ancestree/ReWIND/1_fake/viral_bfree/FAKE/FrsXCRSXgAEfOm8/img05492.jpg,0.90878,1,1
/mnt/h200_dataset/saad/datasets/images/ancestree/ReWIND/1_fake/viral_bfree/FAKE/FrsXCRSXgAEfOm8/img05346.png,0.913058,1,1
/mnt/h200_dataset/saad/datasets/images/ancestree/ReWIND/1_fake/viral_bfree/FAKE/FrsXCRSXgAEfOm8/img05384.jpg,0.914444,1,1
/mnt/h200_dataset/saad/datasets/images/ancestree/ReWIND/1_fake/viral_bfree/FAKE/FrsXCRSXgAEfOm8/img05276.jpg,0.924005,1,1
/mnt/h200_dataset/saad/datasets/images/ancestree/ReWIND/1_fake/viral_bfree/FAKE/FrsXCRSXgAEfOm8/img05232.jpg,0.916335,1,1
/mnt/h200_dataset/saad/datasets/images/ancestree/ReWIND/1_fake/viral_bfree/FAKE/FrsXCgHXoAMPZei/img04920.jpg,0.608303,1,1
/mnt/h200_dataset/saad/datasets/images/ancestree/ReWIND/1_fake/viral_bfree/FAKE/FrsXCgHXoAMPZei/img05219.jpg,0.841044,1,1
/mnt/h200_dataset/saad/datasets/images/ancestree/ReWIND/1_fake/viral_bfree/FAKE/FrsXCgHXoAMPZei/img05235.jpg,0.860076,1,1
/mnt/h200_dataset/saad/datasets/images/ancestree/ReWIND/1_fake/viral_bfree/FAKE/FrsXCgHXoAMPZei/img04950.jpg,0.800302,1,1
/mnt/h200_dataset/saad/datasets/images/ancestree/ReWIND/1_fake/viral_bfree/FAKE/FrsXCgHXoAMPZei/img05190.jpg,0.851027,1,1
/mnt/h200_dataset/saad/datasets/images/ancestree/ReWIND/1_fake/viral_bfree/FAKE/FrsXCgHXoAMPZei/img05069.webp,0.846895,1,1
/mnt/h200_dataset/saad/datasets/images/ancestree/ReWIND/1_fake/viral_bfree/FAKE/FrsXCgHXoAMPZei/img05010.jpg,0.842734,1,1
/mnt/h200_dataset/saad/datasets/images/ancestree/ReWIND/1_fake/viral_bfree/FAKE/FrsXCgHXoAMPZei/img04971.jpg,0.888759,1,1
/mnt/h200_dataset/saad/datasets/images/ancestree/ReWIND/1_fake/viral_bfree/FAKE/FrsXCgHXoAMPZei/img05009.jpg,0.775009,1,1
/mnt/h200_dataset/saad/datasets/images/ancestree/ReWIND/1_fake/viral_bfree/FAKE/FrsXCgHXoAMPZei/img04983.jpg,0.829077,1,1
/mnt/h200_dataset/saad/datasets/images/ancestree/ReWIND/1_fake/viral_bfree/FAKE/FrsXCgHXoAMPZei/img05118.jpg,0.869271,1,1
/mnt/h200_dataset/saad/datasets/images/ancestree/ReWIND/1_fake/viral_bfree/FAKE/FrsXCgHXoAMPZei/img05191.jpg,0.837354,1,1
/mnt/h200_dataset/saad/datasets/images/ancestree/ReWIND/1_fake/viral_bfree/FAKE/FrsXCgHXoAMPZei/img04953.jpg,0.874667,1,1
/mnt/h200_dataset/saad/datasets/images/ancestree/ReWIND/1_fake/viral_bfree/FAKE/FrsXCgHXoAMPZei/img05110.png,0.89039,1,1
/mnt/h200_dataset/saad/datasets/images/ancestree/ReWIND/1_fake/viral_bfree/FAKE/FrsXCgHXoAMPZei/img05194.jpg,0.872565,1,1
/mnt/h200_dataset/saad/datasets/images/ancestree/ReWIND/1_fake/viral_bfree/FAKE/FrsXCgHXoAMPZei/img05185.jpg,0.884439,1,1
/mnt/h200_dataset/saad/datasets/images/ancestree/ReWIND/1_fake/viral_bfree/FAKE/FrsXCgHXoAMPZei/img04984.webp,0.851274,1,1
/mnt/h200_dataset/saad/datasets/images/ancestree/ReWIND/1_fake/viral_bfree/FAKE/FrsXCgHXoAMPZei/img05199.jpg,0.847337,1,1
/mnt/h200_dataset/saad/datasets/images/ancestree/ReWIND/1_fake/viral_bfree/FAKE/FrsXCgHXoAMPZei/img05002.jpg,0.873808,1,1
/mnt/h200_dataset/saad/datasets/images/ancestree/ReWIND/1_fake/viral_bfree/FAKE/FrsXCgHXoAMPZei/img04972.jpg,0.893309,1,1
/mnt/h200_dataset/saad/datasets/images/ancestree/ReWIND/1_fake/viral_bfree/FAKE/FrsXCgHXoAMPZei/img05071.jpg,0.785966,1,1
/mnt/h200_dataset/saad/datasets/images/ancestree/ReWIND/1_fake/viral_bfree/FAKE/FrsXCgHXoAMPZei/img05222.jpg,0.721939,1,1
/mnt/h200_dataset/saad/datasets/images/ancestree/ReWIND/1_fake/viral_bfree/FAKE/FrsXCgHXoAMPZei/img04913.jpg,0.773644,1,1
/mnt/h200_dataset/saad/datasets/images/ancestree/ReWIND/1_fake/viral_bfree/FAKE/FrsXCgHXoAMPZei/img05211.jpg,0.852445,1,1
/mnt/h200_dataset/saad/datasets/images/ancestree/ReWIND/1_fake/viral_bfree/FAKE/FrsXCgHXoAMPZei/img04993.jpg,0.802942,1,1
/mnt/h200_dataset/saad/datasets/images/ancestree/ReWIND/1_fake/viral_bfree/FAKE/FrsXCgHXoAMPZei/img05206.jpg,0.837885,1,1
/mnt/h200_dataset/saad/datasets/images/ancestree/ReWIND/1_fake/viral_bfree/FAKE/FrsXCgHXoAMPZei/img05201.jpg,0.805861,1,1
/mnt/h200_dataset/saad/datasets/images/ancestree/ReWIND/1_fake/viral_bfree/FAKE/FrsXCgHXoAMPZei/img05213.jpg,0.795261,1,1
/mnt/h200_dataset/saad/datasets/images/ancestree/ReWIND/1_fake/viral_bfree/FAKE/FrsXCgHXoAMPZei/img04941.jpg,0.91181,1,1
/mnt/h200_dataset/saad/datasets/images/ancestree/ReWIND/1_fake/viral_bfree/FAKE/FrsXCgHXoAMPZei/img05229.jpg,0.855731,1,1
/mnt/h200_dataset/saad/datasets/images/ancestree/ReWIND/1_fake/viral_bfree/FAKE/FrsXCgHXoAMPZei/img05048.jpg,0.206094,0,1
/mnt/h200_dataset/saad/datasets/images/ancestree/ReWIND/1_fake/viral_bfree/FAKE/FrsXCgHXoAMPZei/img05141.jpg,0.825449,1,1
/mnt/h200_dataset/saad/datasets/images/ancestree/ReWIND/1_fake/viral_bfree/FAKE/FrsXCgHXoAMPZei/img05053.jpg,0.901834,1,1
/mnt/h200_dataset/saad/datasets/images/ancestree/ReWIND/1_fake/viral_bfree/FAKE/FrsXCgHXoAMPZei/img05244.jpg,0.776623,1,1
/mnt/h200_dataset/saad/datasets/images/ancestree/ReWIND/1_fake/viral_bfree/FAKE/FrsXCgHXoAMPZei/img04991.jpg,0.832713,1,1
/mnt/h200_dataset/saad/datasets/images/ancestree/ReWIND/1_fake/viral_bfree/FAKE/FrsXCgHXoAMPZei/img05115.jpg,0.64058,1,1
/mnt/h200_dataset/saad/datasets/images/ancestree/ReWIND/1_fake/viral_bfree/FAKE/FrsXCgHXoAMPZei/img05189.jpg,0.869548,1,1
/mnt/h200_dataset/saad/datasets/images/ancestree/ReWIND/1_fake/viral_bfree/FAKE/FrsXCgHXoAMPZei/img05251.jpg,0.837487,1,1
/mnt/h200_dataset/saad/datasets/images/ancestree/ReWIND/1_fake/viral_bfree/FAKE/FrsXCgHXoAMPZei/img05240.jpg,0.78899,1,1
/mnt/h200_dataset/saad/datasets/images/ancestree/ReWIND/1_fake/viral_bfree/FAKE/FrsXCgHXoAMPZei/img05184.jpg,0.869991,1,1
/mnt/h200_dataset/saad/datasets/images/ancestree/ReWIND/1_fake/viral_bfree/FAKE/FrsXCgHXoAMPZei/img05158.jpg,0.841044,1,1
/mnt/h200_dataset/saad/datasets/images/ancestree/ReWIND/1_fake/viral_bfree/FAKE/FrsXCgHXoAMPZei/img04907.jpg,0.82176,1,1
/mnt/h200_dataset/saad/datasets/images/ancestree/ReWIND/1_fake/viral_bfree/FAKE/FrsXCgHXoAMPZei/img05197.jpg,0.870377,1,1
/mnt/h200_dataset/saad/datasets/images/ancestree/ReWIND/1_fake/viral_bfree/FAKE/FrsXCgHXoAMPZei/img05017.jpg,0.775009,1,1
/mnt/h200_dataset/saad/datasets/images/ancestree/ReWIND/1_fake/viral_bfree/FAKE/FrsXCgHXoAMPZei/img05250.jpg,0.742888,1,1
/mnt/h200_dataset/saad/datasets/images/ancestree/ReWIND/1_fake/viral_bfree/FAKE/FrsXCgHXoAMPZei/img04989.jpg,0.649634,1,1
/mnt/h200_dataset/saad/datasets/images/ancestree/ReWIND/1_fake/viral_bfree/FAKE/FrsXCgHXoAMPZei/img05179.jpg,0.859428,1,1
/mnt/h200_dataset/saad/datasets/images/ancestree/ReWIND/1_fake/viral_bfree/FAKE/FrsXCgHXoAMPZei/img05155.jpg,0.844601,1,1
/mnt/h200_dataset/saad/datasets/images/ancestree/ReWIND/1_fake/viral_bfree/FAKE/FrsXCgHXoAMPZei/img04909.jpg,0.82176,1,1
/mnt/h200_dataset/saad/datasets/images/ancestree/ReWIND/1_fake/viral_bfree/FAKE/FrsXCgHXoAMPZei/img05196.jpg,0.836955,1,1
/mnt/h200_dataset/saad/datasets/images/ancestree/ReWIND/1_fake/viral_bfree/FAKE/FrsXCgHXoAMPZei/img05241.jpg,0.872021,1,1
/mnt/h200_dataset/saad/datasets/images/ancestree/ReWIND/1_fake/viral_bfree/FAKE/FrsXCgHXoAMPZei/img05204.jpg,0.724675,1,1
/mnt/h200_dataset/saad/datasets/images/ancestree/ReWIND/1_fake/viral_bfree/FAKE/FrsXCgHXoAMPZei/img05171.jpg,0.820037,1,1
/mnt/h200_dataset/saad/datasets/images/ancestree/ReWIND/1_fake/viral_bfree/FAKE/FrsXCgHXoAMPZei/img04967.jpg,0.864425,1,1
/mnt/h200_dataset/saad/datasets/images/ancestree/ReWIND/1_fake/viral_bfree/FAKE/FrsXCgHXoAMPZei/img05170.jpg,0.852137,1,1
/mnt/h200_dataset/saad/datasets/images/ancestree/ReWIND/1_fake/viral_bfree/FAKE/FrsXCgHXoAMPZei/img05218.jpg,0.851398,1,1
/mnt/h200_dataset/saad/datasets/images/ancestree/ReWIND/1_fake/viral_bfree/FAKE/FrsXCgHXoAMPZei/img04969.jpg,0.841109,1,1
/mnt/h200_dataset/saad/datasets/images/ancestree/ReWIND/1_fake/viral_bfree/FAKE/FrsXCgHXoAMPZei/img05212.jpg,0.853364,1,1
/mnt/h200_dataset/saad/datasets/images/ancestree/ReWIND/1_fake/viral_bfree/FAKE/FrsXCgHXoAMPZei/img05217.jpg,0.76908,1,1
/mnt/h200_dataset/saad/datasets/images/ancestree/ReWIND/1_fake/viral_bfree/FAKE/FrsXCgHXoAMPZei/img04973.jpg,0.859487,1,1
/mnt/h200_dataset/saad/datasets/images/ancestree/ReWIND/1_fake/viral_bfree/FAKE/FrsXCgHXoAMPZei/img05257.jpg,0.489431,0,1
/mnt/h200_dataset/saad/datasets/images/ancestree/ReWIND/1_fake/viral_bfree/FAKE/FrsXCgHXoAMPZei/img05177.jpg,0.821474,1,1
/mnt/h200_dataset/saad/datasets/images/ancestree/ReWIND/1_fake/viral_bfree/FAKE/FrsXCgHXoAMPZei/img05034.jpg,0.874077,1,1
/mnt/h200_dataset/saad/datasets/images/ancestree/ReWIND/1_fake/viral_bfree/FAKE/FrsXCgHXoAMPZei/img05210.jpg,0.862062,1,1
/mnt/h200_dataset/saad/datasets/images/ancestree/ReWIND/1_fake/viral_bfree/FAKE/FrsXCgHXoAMPZei/img05202.jpg,0.76145,1,1
/mnt/h200_dataset/saad/datasets/images/ancestree/ReWIND/1_fake/viral_bfree/FAKE/FrsXCgHXoAMPZei/img04979.jpg,0.832713,1,1
/mnt/h200_dataset/saad/datasets/images/ancestree/ReWIND/1_fake/viral_bfree/FAKE/FrsXCgHXoAMPZei/img04959.jpg,0.854703,1,1
/mnt/h200_dataset/saad/datasets/images/ancestree/ReWIND/1_fake/viral_bfree/FAKE/FrsXCgHXoAMPZei/img04948.jpg,0.866472,1,1
/mnt/h200_dataset/saad/datasets/images/ancestree/ReWIND/1_fake/viral_bfree/FAKE/FrsXCgHXoAMPZei/img05148.png,0.811303,1,1
/mnt/h200_dataset/saad/datasets/images/ancestree/ReWIND/1_fake/viral_bfree/FAKE/FrsXCgHXoAMPZei/img04987.webp,0.869604,1,1
/mnt/h200_dataset/saad/datasets/images/ancestree/ReWIND/1_fake/viral_bfree/FAKE/FrsXCgHXoAMPZei/img05028.jpg,0.867822,1,1
/mnt/h200_dataset/saad/datasets/images/ancestree/ReWIND/1_fake/viral_bfree/FAKE/FrsXCgHXoAMPZei/img05248.jpg,0.805785,1,1
/mnt/h200_dataset/saad/datasets/images/ancestree/ReWIND/1_fake/viral_bfree/FAKE/FrsXCgHXoAMPZei/img05220.jpg,0.864654,1,1
/mnt/h200_dataset/saad/datasets/images/ancestree/ReWIND/1_fake/viral_bfree/FAKE/FrsXCgHXoAMPZei/img05180.jpg,0.860076,1,1
/mnt/h200_dataset/saad/datasets/images/ancestree/ReWIND/1_fake/viral_bfree/FAKE/FrsXCgHXoAMPZei/img04960.jpg,0.900966,1,1
/mnt/h200_dataset/saad/datasets/images/ancestree/ReWIND/1_fake/viral_bfree/FAKE/FrsXCgHXoAMPZei/img04929.jpg,0.841891,1,1
/mnt/h200_dataset/saad/datasets/images/ancestree/ReWIND/1_fake/viral_bfree/FAKE/FrsXCgHXoAMPZei/img05247.jpg,0.792625,1,1
/mnt/h200_dataset/saad/datasets/images/ancestree/ReWIND/1_fake/viral_bfree/FAKE/FrsXCgHXoAMPZei/img05131.jpg,0.510596,1,1
/mnt/h200_dataset/saad/datasets/images/ancestree/ReWIND/1_fake/viral_bfree/FAKE/FrsXCgHXoAMPZei/img05215.jpg,0.854035,1,1
/mnt/h200_dataset/saad/datasets/images/ancestree/ReWIND/1_fake/viral_bfree/FAKE/FrsXCgHXoAMPZei/img05173.jpg,0.837221,1,1
/mnt/h200_dataset/saad/datasets/images/ancestree/ReWIND/1_fake/viral_bfree/FAKE/FrsXCgHXoAMPZei/img05019.webp,0.870872,1,1
/mnt/h200_dataset/saad/datasets/images/ancestree/ReWIND/1_fake/viral_bfree/FAKE/FrsXCgHXoAMPZei/img05234.jpg,0.797399,1,1
/mnt/h200_dataset/saad/datasets/images/ancestree/ReWIND/1_fake/viral_bfree/FAKE/FrsXCgHXoAMPZei/img05209.jpg,0.87213,1,1
/mnt/h200_dataset/saad/datasets/images/ancestree/ReWIND/1_fake/viral_bfree/FAKE/FrsXCgHXoAMPZei/img05150.jpg,0.831075,1,1
/mnt/h200_dataset/saad/datasets/images/ancestree/ReWIND/1_fake/viral_bfree/FAKE/FrsXCgHXoAMPZei/img04981.jpg,0.872239,1,1
/mnt/h200_dataset/saad/datasets/images/ancestree/ReWIND/1_fake/viral_bfree/FAKE/FrsXCgHXoAMPZei/img05045.jpg,0.854521,1,1
/mnt/h200_dataset/saad/datasets/images/ancestree/ReWIND/1_fake/viral_bfree/FAKE/FrsXCgHXoAMPZei/img05152.webp,0.825449,1,1
/mnt/h200_dataset/saad/datasets/images/ancestree/ReWIND/1_fake/viral_bfree/FAKE/FrsXCgHXoAMPZei/img05014.jpg,0.853974,1,1
/mnt/h200_dataset/saad/datasets/images/ancestree/ReWIND/1_fake/viral_bfree/FAKE/FrsXCgHXoAMPZei/img05054.jpg,0.869271,1,1
/mnt/h200_dataset/saad/datasets/images/ancestree/ReWIND/1_fake/viral_bfree/FAKE/FrsXCgHXoAMPZei/img04964.jpg,0.82425,1,1
/mnt/h200_dataset/saad/datasets/images/ancestree/ReWIND/1_fake/viral_bfree/FAKE/FrsXCgHXoAMPZei/img05041.jpg,0.872944,1,1
/mnt/h200_dataset/saad/datasets/images/ancestree/ReWIND/1_fake/viral_bfree/FAKE/FrsXCgHXoAMPZei/img04970.jpg,0.818447,1,1
/mnt/h200_dataset/saad/datasets/images/ancestree/ReWIND/1_fake/viral_bfree/FAKE/FrsXCgHXoAMPZei/img05144.jpg,0.816406,1,1
/mnt/h200_dataset/saad/datasets/images/ancestree/ReWIND/1_fake/viral_bfree/FAKE/FrsXCgHXoAMPZei/img05085.jpg,0.707,1,1
/mnt/h200_dataset/saad/datasets/images/ancestree/ReWIND/1_fake/viral_bfree/FAKE/FrsXCgHXoAMPZei/img05200.jpg,0.848031,1,1
/mnt/h200_dataset/saad/datasets/images/ancestree/ReWIND/1_fake/viral_bfree/FAKE/FrsXCgHXoAMPZei/img05237.jpg,0.777046,1,1
/mnt/h200_dataset/saad/datasets/images/ancestree/ReWIND/1_fake/viral_bfree/FAKE/FrsXCgHXoAMPZei/img05043.jpg,0.867934,1,1
/mnt/h200_dataset/saad/datasets/images/ancestree/ReWIND/1_fake/viral_bfree/FAKE/FrsXCgHXoAMPZei/img04932.jpg,0.856872,1,1
/mnt/h200_dataset/saad/datasets/images/ancestree/ReWIND/1_fake/viral_bfree/FAKE/FrsXCgHXoAMPZei/img04943.jpg,0.908699,1,1
/mnt/h200_dataset/saad/datasets/images/ancestree/ReWIND/1_fake/viral_bfree/FAKE/FrsXCgHXoAMPZei/img05153.jpg,0.829077,1,1
/mnt/h200_dataset/saad/datasets/images/ancestree/ReWIND/1_fake/viral_bfree/FAKE/FrsXCgHXoAMPZei/img05214.jpg,0.855731,1,1
/mnt/h200_dataset/saad/datasets/images/ancestree/ReWIND/1_fake/viral_bfree/FAKE/FrsXCgHXoAMPZei/img05187.jpg,0.832305,1,1
/mnt/h200_dataset/saad/datasets/images/ancestree/ReWIND/1_fake/viral_bfree/FAKE/FrsXCgHXoAMPZei/img04946.jpg,0.876105,1,1
/mnt/h200_dataset/saad/datasets/images/ancestree/ReWIND/1_fake/viral_bfree/FAKE/FrsXCgHXoAMPZei/img04942.jpg,0.835484,1,1
/mnt/h200_dataset/saad/datasets/images/ancestree/ReWIND/1_fake/viral_bfree/FAKE/FrsXCgHXoAMPZei/img05249.jpg,0.776538,1,1
/mnt/h200_dataset/saad/datasets/images/ancestree/ReWIND/1_fake/viral_bfree/FAKE/FrsXCgHXoAMPZei/img04995.jpg,0.693369,1,1
/mnt/h200_dataset/saad/datasets/images/ancestree/ReWIND/1_fake/viral_bfree/FAKE/FrsXCgHXoAMPZei/img05226.jpg,0.853058,1,1
/mnt/h200_dataset/saad/datasets/images/ancestree/ReWIND/1_fake/viral_bfree/FAKE/FrsXCgHXoAMPZei/img04957.jpg,0.861945,1,1
/mnt/h200_dataset/saad/datasets/images/ancestree/ReWIND/1_fake/viral_bfree/FAKE/FrsXCgHXoAMPZei/img04976.webp,0.815085,1,1
/mnt/h200_dataset/saad/datasets/images/ancestree/ReWIND/1_fake/viral_bfree/FAKE/FrsXCgHXoAMPZei/img05176.jpg,0.864196,1,1
/mnt/h200_dataset/saad/datasets/images/ancestree/ReWIND/1_fake/viral_bfree/FAKE/FrsXCgHXoAMPZei/img05025.jpg,0.834542,1,1
/mnt/h200_dataset/saad/datasets/images/ancestree/ReWIND/1_fake/viral_bfree/FAKE/FrsXCgHXoAMPZei/img05137.jpg,0.862641,1,1
/mnt/h200_dataset/saad/datasets/images/ancestree/ReWIND/1_fake/viral_bfree/FAKE/FrsXCgHXoAMPZei/img05159.jpg,0.818809,1,1
/mnt/h200_dataset/saad/datasets/images/ancestree/ReWIND/1_fake/viral_bfree/FAKE/FrsXCgHXoAMPZei/img04915.jpg,0.850779,1,1
/mnt/h200_dataset/saad/datasets/images/ancestree/ReWIND/1_fake/viral_bfree/FAKE/FrsXCgHXoAMPZei/img05207.jpg,0.852874,1,1
/mnt/h200_dataset/saad/datasets/images/ancestree/ReWIND/1_fake/viral_bfree/FAKE/FrsXCgHXoAMPZei/img05225.jpg,0.830937,1,1
/mnt/h200_dataset/saad/datasets/images/ancestree/ReWIND/1_fake/viral_bfree/FAKE/FrsXCgHXoAMPZei/img05169.jpg,0.855731,1,1
/mnt/h200_dataset/saad/datasets/images/ancestree/ReWIND/1_fake/viral_bfree/FAKE/FrsXCgHXoAMPZei/img05033.jpg,0.843573,1,1
/mnt/h200_dataset/saad/datasets/images/ancestree/ReWIND/1_fake/viral_bfree/FAKE/FrsXCgHXoAMPZei/img05103.jpg,0.850096,1,1
/mnt/h200_dataset/saad/datasets/images/ancestree/ReWIND/1_fake/viral_bfree/FAKE/FrsXCgHXoAMPZei/img05151.webp,0.831212,1,1
/mnt/h200_dataset/saad/datasets/images/ancestree/ReWIND/1_fake/viral_bfree/FAKE/FrsXCgHXoAMPZei/img04922.jpg,0.829699,1,1
/mnt/h200_dataset/saad/datasets/images/ancestree/ReWIND/1_fake/viral_bfree/FAKE/FrsXCgHXoAMPZei/img04906.jpg,0.82176,1,1
/mnt/h200_dataset/saad/datasets/images/ancestree/ReWIND/1_fake/viral_bfree/FAKE/FrsXCgHXoAMPZei/img04937.jpg,0.838878,1,1
/mnt/h200_dataset/saad/datasets/images/ancestree/ReWIND/1_fake/viral_bfree/FAKE/FrsXCgHXoAMPZei/img05047.jpg,0.842539,1,1
/mnt/h200_dataset/saad/datasets/images/ancestree/ReWIND/1_fake/viral_bfree/FAKE/FrsXCgHXoAMPZei/img04994.jpg,0.808294,1,1
/mnt/h200_dataset/saad/datasets/images/ancestree/ReWIND/1_fake/viral_bfree/FAKE/FrsXCgHXoAMPZei/img05174.jpg,0.68268,1,1
/mnt/h200_dataset/saad/datasets/images/ancestree/ReWIND/1_fake/viral_bfree/FAKE/FrsXCgHXoAMPZei/img05064.jpg,0.784484,1,1
/mnt/h200_dataset/saad/datasets/images/ancestree/ReWIND/1_fake/viral_bfree/FAKE/FrsXCgHXoAMPZei/img05256.jpg,0.828454,1,1
/mnt/h200_dataset/saad/datasets/images/ancestree/ReWIND/1_fake/viral_bfree/FAKE/FrsXCgHXoAMPZei/img04949.jpg,0.730866,1,1
/mnt/h200_dataset/saad/datasets/images/ancestree/ReWIND/1_fake/viral_bfree/FAKE/FrsXCgHXoAMPZei/img05165.jpg,0.827061,1,1
/mnt/h200_dataset/saad/datasets/images/ancestree/ReWIND/1_fake/viral_bfree/FAKE/FrsXCgHXoAMPZei/img05105.jpg,0.869991,1,1
/mnt/h200_dataset/saad/datasets/images/ancestree/ReWIND/1_fake/viral_bfree/FAKE/FrsXCgHXoAMPZei/img05057.jpg,0.805173,1,1
/mnt/h200_dataset/saad/datasets/images/ancestree/ReWIND/1_fake/viral_bfree/FAKE/FrsXCgHXoAMPZei/img05198.jpg,0.833934,1,1
/mnt/h200_dataset/saad/datasets/images/ancestree/ReWIND/1_fake/viral_bfree/FAKE/FrsXCgHXoAMPZei/img04931.jpg,0.868938,1,1
/mnt/h200_dataset/saad/datasets/images/ancestree/ReWIND/1_fake/viral_bfree/FAKE/FrsXCgHXoAMPZei/img05066.jpg,0.863794,1,1
/mnt/h200_dataset/saad/datasets/images/ancestree/ReWIND/1_fake/viral_bfree/FAKE/FrsXCgHXoAMPZei/img05065.jpg,0.766905,1,1
/mnt/h200_dataset/saad/datasets/images/ancestree/ReWIND/1_fake/viral_bfree/FAKE/FrsXCgHXoAMPZei/img05236.jpg,0.824462,1,1
/mnt/h200_dataset/saad/datasets/images/ancestree/ReWIND/1_fake/viral_bfree/FAKE/FrsXCgHXoAMPZei/img05231.jpg,0.873485,1,1
/mnt/h200_dataset/saad/datasets/images/ancestree/ReWIND/1_fake/viral_bfree/FAKE/FrsXCgHXoAMPZei/img05238.jpg,0.862236,1,1
/mnt/h200_dataset/saad/datasets/images/ancestree/ReWIND/1_fake/viral_bfree/FAKE/FrsXCgHXoAMPZei/img04945.jpg,0.86113,1,1
/mnt/h200_dataset/saad/datasets/images/ancestree/ReWIND/1_fake/viral_bfree/FAKE/FrsXCgHXoAMPZei/img05005.jpg,0.848659,1,1
/mnt/h200_dataset/saad/datasets/images/ancestree/ReWIND/1_fake/viral_bfree/FAKE/FrsXCgHXoAMPZei/img05162.jpg,0.87397,1,1
/mnt/h200_dataset/saad/datasets/images/ancestree/ReWIND/1_fake/viral_bfree/FAKE/FrsXCgHXoAMPZei/img05063.jpg,0.805403,1,1
/mnt/h200_dataset/saad/datasets/images/ancestree/ReWIND/1_fake/viral_bfree/FAKE/FrsXCgHXoAMPZei/img05175.jpg,0.864996,1,1
/mnt/h200_dataset/saad/datasets/images/ancestree/ReWIND/1_fake/viral_bfree/FAKE/FrsXCgHXoAMPZei/img05188.jpg,0.774328,1,1
/mnt/h200_dataset/saad/datasets/images/ancestree/ReWIND/1_fake/viral_bfree/FAKE/FrsXCgHXoAMPZei/img05252.jpg,0.806624,1,1
/mnt/h200_dataset/saad/datasets/images/ancestree/ReWIND/1_fake/viral_bfree/FAKE/FrsXCgHXoAMPZei/img04921.jpg,0.873377,1,1
/mnt/h200_dataset/saad/datasets/images/ancestree/ReWIND/1_fake/viral_bfree/FAKE/FrsXCgHXoAMPZei/img05243.jpg,0.788827,1,1
/mnt/h200_dataset/saad/datasets/images/ancestree/ReWIND/1_fake/viral_bfree/FAKE/FrsXCgHXoAMPZei/img05035.jpg,0.816991,1,1
/mnt/h200_dataset/saad/datasets/images/ancestree/ReWIND/1_fake/viral_bfree/FAKE/FrsXCgHXoAMPZei/img04988.jpg,0.618752,1,1
/mnt/h200_dataset/saad/datasets/images/ancestree/ReWIND/1_fake/viral_bfree/FAKE/FrsXCgHXoAMPZei/img05038.jpg,0.739234,1,1
/mnt/h200_dataset/saad/datasets/images/ancestree/ReWIND/1_fake/viral_bfree/FAKE/FrsXCgHXoAMPZei/img05246.jpg,0.792544,1,1
/mnt/h200_dataset/saad/datasets/images/ancestree/ReWIND/1_fake/viral_bfree/FAKE/FrsXCgHXoAMPZei/img04963.jpg,0.832781,1,1
/mnt/h200_dataset/saad/datasets/images/ancestree/ReWIND/1_fake/viral_bfree/FAKE/FrsXCgHXoAMPZei/img05224.png,0.857828,1,1
/mnt/h200_dataset/saad/datasets/images/ancestree/ReWIND/1_fake/viral_bfree/FAKE/FrsXCgHXoAMPZei/img05111.jpg,0.842539,1,1
/mnt/h200_dataset/saad/datasets/images/ancestree/ReWIND/1_fake/viral_bfree/FAKE/FrsXCgHXoAMPZei/img05164.jpg,0.884539,1,1
/mnt/h200_dataset/saad/datasets/images/ancestree/ReWIND/1_fake/viral_bfree/FAKE/FrsXCgHXoAMPZei/img05015.jpg,0.847968,1,1
/mnt/h200_dataset/saad/datasets/images/ancestree/ReWIND/1_fake/viral_bfree/FAKE/FrsXCgHXoAMPZei/img05192.jpg,0.858303,1,1
/mnt/h200_dataset/saad/datasets/images/ancestree/ReWIND/1_fake/viral_bfree/FAKE/FrsXCgHXoAMPZei/img05230.jpg,0.84966,1,1
/mnt/h200_dataset/saad/datasets/images/ancestree/ReWIND/1_fake/viral_bfree/FAKE/FrsXCgHXoAMPZei/img05205.jpg,0.845369,1,1
/mnt/h200_dataset/saad/datasets/images/ancestree/ReWIND/1_fake/viral_bfree/FAKE/FrsXCgHXoAMPZei/img04930.jpg,0.811676,1,1
/mnt/h200_dataset/saad/datasets/images/ancestree/ReWIND/1_fake/viral_bfree/FAKE/FrsXCgHXoAMPZei/img05030.jpg,0.900267,1,1
/mnt/h200_dataset/saad/datasets/images/ancestree/ReWIND/1_fake/viral_bfree/FAKE/FrsXCgHXoAMPZei/img05183.jpg,0.863966,1,1
/mnt/h200_dataset/saad/datasets/images/ancestree/ReWIND/1_fake/viral_bfree/FAKE/FrsXCgHXoAMPZei/img05146.jpg,0.797241,1,1
/mnt/h200_dataset/saad/datasets/images/ancestree/ReWIND/1_fake/viral_bfree/FAKE/FrsXCgHXoAMPZei/img04944.jpg,0.088741,0,1
/mnt/h200_dataset/saad/datasets/images/ancestree/ReWIND/1_fake/viral_bfree/FAKE/FrsXCgHXoAMPZei/img05168.png,0.871092,1,1
/mnt/h200_dataset/saad/datasets/images/ancestree/ReWIND/1_fake/viral_bfree/FAKE/FrsXCgHXoAMPZei/img05008.jpg,0.813831,1,1
/mnt/h200_dataset/saad/datasets/images/ancestree/ReWIND/1_fake/viral_bfree/FAKE/FrsXCgHXoAMPZei/img05058.jpg,0.846578,1,1
/mnt/h200_dataset/saad/datasets/images/ancestree/ReWIND/1_fake/viral_bfree/FAKE/FrsXCgHXoAMPZei/img05147.jpg,0.860779,1,1
/mnt/h200_dataset/saad/datasets/images/ancestree/ReWIND/1_fake/viral_bfree/FAKE/FrsXCgHXoAMPZei/img05068.jpg,0.868269,1,1
/mnt/h200_dataset/saad/datasets/images/ancestree/ReWIND/1_fake/viral_bfree/FAKE/FrsXCgHXoAMPZei/img05007.jpg,0.843702,1,1
/mnt/h200_dataset/saad/datasets/images/ancestree/ReWIND/1_fake/viral_bfree/FAKE/FrsXCgHXoAMPZei/img05245.jpg,0.807537,1,1
/mnt/h200_dataset/saad/datasets/images/ancestree/ReWIND/1_fake/viral_bfree/FAKE/FrsXCgHXoAMPZei/img05216.jpg,0.911101,1,1
/mnt/h200_dataset/saad/datasets/images/ancestree/ReWIND/1_fake/viral_bfree/FAKE/FrsXCgHXoAMPZei/img05203.jpg,0.846704,1,1
/mnt/h200_dataset/saad/datasets/images/ancestree/ReWIND/1_fake/viral_bfree/FAKE/FrsXCgHXoAMPZei/img05149.webp,0.880026,1,1
/mnt/h200_dataset/saad/datasets/images/ancestree/ReWIND/1_fake/viral_bfree/FAKE/FrsXCgHXoAMPZei/img05221.jpg,0.852997,1,1
/mnt/h200_dataset/saad/datasets/images/ancestree/ReWIND/1_fake/viral_bfree/FAKE/FrsXCgHXoAMPZei/img05000.jpg,0.839603,1,1
/mnt/h200_dataset/saad/datasets/images/ancestree/ReWIND/1_fake/viral_bfree/FAKE/FrsXCgHXoAMPZei/img05026.jpg,0.420243,0,1
/mnt/h200_dataset/saad/datasets/images/ancestree/ReWIND/1_fake/viral_bfree/FAKE/FrsXCgHXoAMPZei/img04974.jpg,0.852813,1,1
/mnt/h200_dataset/saad/datasets/images/ancestree/ReWIND/1_fake/viral_bfree/FAKE/FrsXCgHXoAMPZei/img05228.jpg,0.800224,1,1
/mnt/h200_dataset/saad/datasets/images/ancestree/ReWIND/1_fake/viral_bfree/FAKE/FrsXCgHXoAMPZei/img05012.jpg,0.816406,1,1
/mnt/h200_dataset/saad/datasets/images/ancestree/ReWIND/1_fake/viral_bfree/FAKE/FrsXCgHXoAMPZei/img05143.png,0.818809,1,1
/mnt/h200_dataset/saad/datasets/images/ancestree/ReWIND/1_fake/viral_bfree/FAKE/FrsXCgHXoAMPZei/img04997.jpg,0.879043,1,1
/mnt/h200_dataset/saad/datasets/images/ancestree/ReWIND/1_fake/viral_bfree/FAKE/FrsXCgHXoAMPZei/img04961.jpg,0.580501,1,1
/mnt/h200_dataset/saad/datasets/images/ancestree/ReWIND/1_fake/viral_bfree/FAKE/FrsXCgHXoAMPZei/img05072.jpg,0.898053,1,1
/mnt/h200_dataset/saad/datasets/images/ancestree/ReWIND/1_fake/viral_bfree/FAKE/FrsXCgHXoAMPZei/img05193.jpg,0.5288,1,1
/mnt/h200_dataset/saad/datasets/images/ancestree/ReWIND/1_fake/viral_bfree/FAKE/FrsXCgHXoAMPZei/img04954.jpg,0.837952,1,1
/mnt/h200_dataset/saad/datasets/images/ancestree/ReWIND/1_fake/viral_bfree/FAKE/FrsXCgHXoAMPZei/img05186.webp,0.872728,1,1
/mnt/h200_dataset/saad/datasets/images/ancestree/ReWIND/1_fake/viral_bfree/FAKE/FrsXCgHXoAMPZei/img05160.jpg,0.84916,1,1
/mnt/h200_dataset/saad/datasets/images/ancestree/ReWIND/1_fake/viral_bfree/FAKE/FrsXCgHXoAMPZei/img04905.jpg,0.828731,1,1
/mnt/h200_dataset/saad/datasets/images/ancestree/ReWIND/1_fake/viral_bfree/FAKE/FrsXCgHXoAMPZei/img05142.jpg,0.848659,1,1
/mnt/h200_dataset/saad/datasets/images/ancestree/ReWIND/1_fake/viral_bfree/FAKE/FrsXCgHXoAMPZei/img04908.jpg,0.82176,1,1
/mnt/h200_dataset/saad/datasets/images/ancestree/ReWIND/1_fake/viral_bfree/FAKE/FrsXCgHXoAMPZei/img04923.jpg,0.852137,1,1
/mnt/h200_dataset/saad/datasets/images/ancestree/ReWIND/1_fake/viral_bfree/FAKE/FrsXCgHXoAMPZei/img04958.jpg,0.859899,1,1
/mnt/h200_dataset/saad/datasets/images/ancestree/ReWIND/1_fake/viral_bfree/FAKE/FrsXCgHXoAMPZei/img05157.jpg,0.842151,1,1
/mnt/h200_dataset/saad/datasets/images/ancestree/ReWIND/1_fake/viral_bfree/FAKE/FrsXCgHXoAMPZei/img04986.jpg,0.834474,1,1
/mnt/h200_dataset/saad/datasets/images/ancestree/ReWIND/1_fake/viral_bfree/FAKE/FrsXCgHXoAMPZei/img05117.jpg,0.901834,1,1
/mnt/h200_dataset/saad/datasets/images/ancestree/ReWIND/1_fake/viral_bfree/FAKE/FrsXCgHXoAMPZei/img05254.jpg,0.726959,1,1
/mnt/h200_dataset/saad/datasets/images/ancestree/ReWIND/1_fake/viral_bfree/FAKE/FrsXCgHXoAMPZei/img04916.jpg,0.848596,1,1
/mnt/h200_dataset/saad/datasets/images/ancestree/ReWIND/1_fake/viral_bfree/FAKE/FrsXCgHXoAMPZei/img05140.jpg,0.763924,1,1
/mnt/h200_dataset/saad/datasets/images/ancestree/ReWIND/1_fake/viral_bfree/FAKE/FrsXCgHXoAMPZei/img05178.jpg,0.863449,1,1
/mnt/h200_dataset/saad/datasets/images/ancestree/ReWIND/1_fake/viral_bfree/FAKE/FrsXCgHXoAMPZei/img05227.jpg,0.878366,1,1
/mnt/h200_dataset/saad/datasets/images/ancestree/ReWIND/1_fake/viral_bfree/FAKE/FrsXCgHXoAMPZei/img05032.jpg,0.738198,1,1
/mnt/h200_dataset/saad/datasets/images/ancestree/ReWIND/1_fake/viral_bfree/FAKE/FrsXCgHXoAMPZei/img05253.png,0.879095,1,1
/mnt/h200_dataset/saad/datasets/images/ancestree/ReWIND/1_fake/viral_bfree/FAKE/FrsXCgHXoAMPZei/img05051.jpg,0.602588,1,1
/mnt/h200_dataset/saad/datasets/images/ancestree/ReWIND/1_fake/viral_bfree/FAKE/FrsXCgHXoAMPZei/img05021.jpg,0.719186,1,1
/mnt/h200_dataset/saad/datasets/images/ancestree/ReWIND/1_fake/viral_bfree/FAKE/FrsXCgHXoAMPZei/img05006.jpg,0.846451,1,1
/mnt/h200_dataset/saad/datasets/images/ancestree/ReWIND/1_fake/viral_bfree/FAKE/FrsXCgHXoAMPZei/img05223.jpg,0.811676,1,1
/mnt/h200_dataset/saad/datasets/images/ancestree/ReWIND/1_fake/viral_bfree/FAKE/FrsXCgHXoAMPZei/img04917.jpg,0.832713,1,1
/mnt/h200_dataset/saad/datasets/images/ancestree/ReWIND/1_fake/viral_bfree/FAKE/FrsXCgHXoAMPZei/img05161.jpg,0.829837,1,1
/mnt/h200_dataset/saad/datasets/images/ancestree/ReWIND/1_fake/viral_bfree/FAKE/FrsXCgHXoAMPZei/img05182.jpg,0.858006,1,1
/mnt/h200_dataset/saad/datasets/images/ancestree/ReWIND/1_fake/viral_bfree/FAKE/FrsXCgHXoAMPZei/img04914.jpg,0.832713,1,1
/mnt/h200_dataset/saad/datasets/images/ancestree/ReWIND/1_fake/viral_bfree/FAKE/FrsXCgHXoAMPZei/img05208.webp,0.783077,1,1
/mnt/h200_dataset/saad/datasets/images/ancestree/ReWIND/1_fake/viral_bfree/FAKE/FrsXCgHXoAMPZei/img05232.jpg,0.826292,1,1
/mnt/h200_dataset/saad/datasets/images/ancestree/ReWIND/1_fake/viral_bfree/FAKE/FrsXCgHXoAMPZei/img05181.png,0.845369,1,1
/mnt/h200_dataset/saad/datasets/images/ancestree/ReWIND/1_fake/viral_bfree/FAKE/FrsXCgHXoAMPZei/img05031.jpg,0.900267,1,1
/mnt/h200_dataset/saad/datasets/images/ancestree/ReWIND/1_fake/viral_bfree/FAKE/FrsXCgHXoAMPZei/img04927.jpg,0.918114,1,1
/mnt/h200_dataset/saad/datasets/images/ancestree/ReWIND/1_fake/viral_bfree/FAKE/FrWpvhQXwAgB-l6/img06029.jpg,0.707253,1,1
/mnt/h200_dataset/saad/datasets/images/ancestree/ReWIND/1_fake/viral_bfree/FAKE/FrWpvhQXwAgB-l6/img06018.jpg,0.515688,1,1
/mnt/h200_dataset/saad/datasets/images/ancestree/ReWIND/1_fake/viral_bfree/FAKE/FrWpvhQXwAgB-l6/img06023.jpg,0.658582,1,1
/mnt/h200_dataset/saad/datasets/images/ancestree/ReWIND/1_fake/viral_bfree/FAKE/FrWpvhQXwAgB-l6/img06024.jpg,0.674319,1,1
/mnt/h200_dataset/saad/datasets/images/ancestree/ReWIND/1_fake/viral_bfree/FAKE/FrWpvhQXwAgB-l6/img06022.jpg,0.720565,1,1
/mnt/h200_dataset/saad/datasets/images/ancestree/ReWIND/1_fake/viral_bfree/FAKE/FrWpvhQXwAgB-l6/img06025.jpg,0.754463,1,1
/mnt/h200_dataset/saad/datasets/images/ancestree/ReWIND/1_fake/viral_bfree/FAKE/FrWpvhQXwAgB-l6/img06044.webp,0.659405,1,1
/mnt/h200_dataset/saad/datasets/images/ancestree/ReWIND/1_fake/viral_bfree/FAKE/FrWpvhQXwAgB-l6/img06016.jpg,0.712482,1,1
/mnt/h200_dataset/saad/datasets/images/ancestree/ReWIND/1_fake/viral_bfree/FAKE/FrWpvhQXwAgB-l6/img06040.jpg,0.646516,1,1
/mnt/h200_dataset/saad/datasets/images/ancestree/ReWIND/1_fake/viral_bfree/FAKE/FrWpvhQXwAgB-l6/img06041.jpg,0.666008,1,1
/mnt/h200_dataset/saad/datasets/images/ancestree/ReWIND/1_fake/viral_bfree/FAKE/FrWpvhQXwAgB-l6/img06034.jpg,0.517639,1,1
/mnt/h200_dataset/saad/datasets/images/ancestree/ReWIND/1_fake/viral_bfree/FAKE/FrWpvhQXwAgB-l6/img06045.jpg,0.684,1,1
/mnt/h200_dataset/saad/datasets/images/ancestree/ReWIND/1_fake/viral_bfree/FAKE/FrWpvhQXwAgB-l6/img06111.jpg,0.720909,1,1
/mnt/h200_dataset/saad/datasets/images/ancestree/ReWIND/1_fake/viral_bfree/FAKE/FrWpvhQXwAgB-l6/img06035.jpg,0.615463,1,1
/mnt/h200_dataset/saad/datasets/images/ancestree/ReWIND/1_fake/viral_bfree/FAKE/FrWpvhQXwAgB-l6/img06032.jpg,0.660993,1,1
/mnt/h200_dataset/saad/datasets/images/ancestree/ReWIND/1_fake/viral_bfree/FAKE/FrWpvhQXwAgB-l6/img06037.jpg,0.71597,1,1
/mnt/h200_dataset/saad/datasets/images/ancestree/ReWIND/1_fake/viral_bfree/FAKE/FrWpvhQXwAgB-l6/img06015.jpg,0.722184,1,1
/mnt/h200_dataset/saad/datasets/images/ancestree/ReWIND/1_fake/viral_bfree/FAKE/FrWpvhQXwAgB-l6/img06036.jpg,0.646516,1,1
/mnt/h200_dataset/saad/datasets/images/ancestree/ReWIND/1_fake/viral_bfree/FAKE/FrxUdK6X0CQPtCh/img06188.jpg,0.653901,1,1
/mnt/h200_dataset/saad/datasets/images/ancestree/ReWIND/1_fake/viral_bfree/FAKE/FrxUdK6X0CQPtCh/img06189.jpg,0.654343,1,1
/mnt/h200_dataset/saad/datasets/images/ancestree/ReWIND/1_fake/viral_bfree/FAKE/FrxUdK6X0CQPtCh/img06125.jpg,0.608681,1,1
/mnt/h200_dataset/saad/datasets/images/ancestree/ReWIND/1_fake/viral_bfree/FAKE/FrxUdK6X0CQPtCh/img06114.jpg,0.664758,1,1
/mnt/h200_dataset/saad/datasets/images/ancestree/ReWIND/1_fake/viral_bfree/FAKE/FrxUdK6X0CQPtCh/img06103.jpg,0.480303,0,1
/mnt/h200_dataset/saad/datasets/images/ancestree/ReWIND/1_fake/viral_bfree/FAKE/FrxUdK6X0CQPtCh/img06161.jpg,0.641029,1,1
/mnt/h200_dataset/saad/datasets/images/ancestree/ReWIND/1_fake/viral_bfree/FAKE/FrxUdK6X0CQPtCh/img06086.jpg,0.686107,1,1
/mnt/h200_dataset/saad/datasets/images/ancestree/ReWIND/1_fake/viral_bfree/FAKE/FrxUdK6X0CQPtCh/img06169.jpg,0.655281,1,1
/mnt/h200_dataset/saad/datasets/images/ancestree/ReWIND/1_fake/viral_bfree/FAKE/FrxUdK6X0CQPtCh/img06122.jpg,0.50784,1,1
/mnt/h200_dataset/saad/datasets/images/ancestree/ReWIND/1_fake/viral_bfree/FAKE/FrxUdK6X0CQPtCh/img06124.jpg,0.64919,1,1
/mnt/h200_dataset/saad/datasets/images/ancestree/ReWIND/1_fake/viral_bfree/FAKE/FrxUdK6X0CQPtCh/img06186.jpg,0.578805,1,1
/mnt/h200_dataset/saad/datasets/images/ancestree/ReWIND/1_fake/viral_bfree/FAKE/FrxUdK6X0CQPtCh/img06151.jpg,0.631083,1,1
/mnt/h200_dataset/saad/datasets/images/ancestree/ReWIND/1_fake/viral_bfree/FAKE/FrxUdK6X0CQPtCh/img06128.jpg,0.68637,1,1
/mnt/h200_dataset/saad/datasets/images/ancestree/ReWIND/1_fake/viral_bfree/FAKE/FrxUdK6X0CQPtCh/img06144.jpg,0.576184,1,1
/mnt/h200_dataset/saad/datasets/images/ancestree/ReWIND/1_fake/viral_bfree/FAKE/FrxUdK6X0CQPtCh/img06194.jpg,0.639567,1,1
/mnt/h200_dataset/saad/datasets/images/ancestree/ReWIND/1_fake/viral_bfree/FAKE/FrxUdK6X0CQPtCh/img06164.jpg,0.638835,1,1
/mnt/h200_dataset/saad/datasets/images/ancestree/ReWIND/1_fake/viral_bfree/FAKE/FrxUdK6X0CQPtCh/img06130.jpg,0.668393,1,1
/mnt/h200_dataset/saad/datasets/images/ancestree/ReWIND/1_fake/viral_bfree/FAKE/FrxUdK6X0CQPtCh/img06171.jpg,0.639061,1,1
/mnt/h200_dataset/saad/datasets/images/ancestree/ReWIND/1_fake/viral_bfree/FAKE/FrxUdK6X0CQPtCh/img06184.jpg,0.664921,1,1
/mnt/h200_dataset/saad/datasets/images/ancestree/ReWIND/1_fake/viral_bfree/FAKE/FrxUdK6X0CQPtCh/img06258.jpg,0.645008,1,1
/mnt/h200_dataset/saad/datasets/images/ancestree/ReWIND/1_fake/viral_bfree/FAKE/FrxUdK6X0CQPtCh/img06142.jpg,0.593668,1,1
/mnt/h200_dataset/saad/datasets/images/ancestree/ReWIND/1_fake/viral_bfree/FAKE/FrxUdK6X0CQPtCh/img06118.jpg,0.624694,1,1
/mnt/h200_dataset/saad/datasets/images/ancestree/ReWIND/1_fake/viral_bfree/FAKE/FrxUdK6X0CQPtCh/img06196.jpg,0.587056,1,1
/mnt/h200_dataset/saad/datasets/images/ancestree/ReWIND/1_fake/viral_bfree/FAKE/FrxUdK6X0CQPtCh/img06173.jpg,0.643945,1,1
/mnt/h200_dataset/saad/datasets/images/ancestree/ReWIND/1_fake/viral_bfree/FAKE/FrxUdK6X0CQPtCh/img06140.png,0.599544,1,1
/mnt/h200_dataset/saad/datasets/images/ancestree/ReWIND/1_fake/viral_bfree/FAKE/FrxUdK6X0CQPtCh/img06092.jpg,0.673514,1,1
/mnt/h200_dataset/saad/datasets/images/ancestree/ReWIND/1_fake/viral_bfree/FAKE/FrxUdK6X0CQPtCh/img06178.jpg,0.812719,1,1
/mnt/h200_dataset/saad/datasets/images/ancestree/ReWIND/1_fake/viral_bfree/FAKE/FrxUdK6X0CQPtCh/img06080.jpg,0.65495,1,1
/mnt/h200_dataset/saad/datasets/images/ancestree/ReWIND/1_fake/viral_bfree/FAKE/FrxUdK6X0CQPtCh/img06159.jpg,0.670231,1,1
/mnt/h200_dataset/saad/datasets/images/ancestree/ReWIND/1_fake/viral_bfree/FAKE/FrxUdK6X0CQPtCh/img06133.jpg,0.63641,1,1
/mnt/h200_dataset/saad/datasets/images/ancestree/ReWIND/1_fake/viral_bfree/FAKE/FrxUdK6X0CQPtCh/img06132.jpg,0.586996,1,1
/mnt/h200_dataset/saad/datasets/images/ancestree/ReWIND/1_fake/viral_bfree/FAKE/FrxUdK6X0CQPtCh/img06108.jpg,0.667202,1,1
/mnt/h200_dataset/saad/datasets/images/ancestree/ReWIND/1_fake/viral_bfree/FAKE/FrxUdK6X0CQPtCh/img06090.jpg,0.686212,1,1
/mnt/h200_dataset/saad/datasets/images/ancestree/ReWIND/1_fake/viral_bfree/FAKE/FrxUdK6X0CQPtCh/img06156.png,0.669475,1,1
/mnt/h200_dataset/saad/datasets/images/ancestree/ReWIND/1_fake/viral_bfree/FAKE/FrxUdK6X0CQPtCh/img06270.webp,0.656603,1,1
/mnt/h200_dataset/saad/datasets/images/ancestree/ReWIND/1_fake/viral_bfree/FAKE/FrxUdK6X0CQPtCh/img06081.jpg,0.686107,1,1
/mnt/h200_dataset/saad/datasets/images/ancestree/ReWIND/1_fake/viral_bfree/FAKE/FrxUdK6X0CQPtCh/img06138.jpg,0.665737,1,1
/mnt/h200_dataset/saad/datasets/images/ancestree/ReWIND/1_fake/viral_bfree/FAKE/FrxUdK6X0CQPtCh/img06292.jpg,0.516778,1,1
/mnt/h200_dataset/saad/datasets/images/ancestree/ReWIND/1_fake/viral_bfree/FAKE/FrxUdK6X0CQPtCh/img06143.jpg,0.643945,1,1
/mnt/h200_dataset/saad/datasets/images/ancestree/ReWIND/1_fake/viral_bfree/FAKE/FrxUdK6X0CQPtCh/img06158.jpg,0.610192,1,1
/mnt/h200_dataset/saad/datasets/images/ancestree/ReWIND/1_fake/viral_bfree/FAKE/FrxUdK6X0CQPtCh/img06162.jpg,0.598107,1,1
/mnt/h200_dataset/saad/datasets/images/ancestree/ReWIND/1_fake/viral_bfree/FAKE/FrxUdK6X0CQPtCh/img06152.jpg,0.60903,1,1
/mnt/h200_dataset/saad/datasets/images/ancestree/ReWIND/1_fake/viral_bfree/FAKE/FrxUdK6X0CQPtCh/img06291.jpg,0.622631,1,1
/mnt/h200_dataset/saad/datasets/images/ancestree/ReWIND/1_fake/viral_bfree/FAKE/FrxUdK6X0CQPtCh/img06262.jpg,0.655281,1,1
/mnt/h200_dataset/saad/datasets/images/ancestree/ReWIND/1_fake/viral_bfree/FAKE/FrxUdK6X0CQPtCh/img06091.jpg,0.682045,1,1
/mnt/h200_dataset/saad/datasets/images/ancestree/ReWIND/1_fake/viral_bfree/FAKE/FrxUdK6X0CQPtCh/img06113.jpg,0.576184,1,1
/mnt/h200_dataset/saad/datasets/images/ancestree/ReWIND/1_fake/viral_bfree/FAKE/FrxUdK6X0CQPtCh/img06105.jpg,0.573559,1,1
/mnt/h200_dataset/saad/datasets/images/ancestree/ReWIND/1_fake/viral_bfree/FAKE/FrxUdK6X0CQPtCh/img06110.jpg,0.696836,1,1
/mnt/h200_dataset/saad/datasets/images/ancestree/ReWIND/1_fake/viral_bfree/FAKE/FrxUdK6X0CQPtCh/img06106.jpg,0.579609,1,1
/mnt/h200_dataset/saad/datasets/images/ancestree/ReWIND/1_fake/viral_bfree/FAKE/FrxUdK6X0CQPtCh/img06195.png,0.597167,1,1
/mnt/h200_dataset/saad/datasets/images/ancestree/ReWIND/1_fake/viral_bfree/FAKE/FrxUdK6X0CQPtCh/img06168.jpg,0.641029,1,1
/mnt/h200_dataset/saad/datasets/images/ancestree/ReWIND/1_fake/viral_bfree/FAKE/FrxUdK6X0CQPtCh/img06078.jpg,0.669259,1,1
/mnt/h200_dataset/saad/datasets/images/ancestree/ReWIND/1_fake/viral_bfree/FAKE/FrxUdK6X0CQPtCh/img06089.jpg,0.645064,1,1
/mnt/h200_dataset/saad/datasets/images/ancestree/ReWIND/1_fake/viral_bfree/FAKE/FrxUdK6X0CQPtCh/img06181.jpg,0.625724,1,1
/mnt/h200_dataset/saad/datasets/images/ancestree/ReWIND/1_fake/viral_bfree/FAKE/FrxUdK6X0CQPtCh/img06165.jpg,0.624923,1,1
/mnt/h200_dataset/saad/datasets/images/ancestree/ReWIND/1_fake/viral_bfree/FAKE/FrxUdK6X0CQPtCh/img06160.jpg,0.645511,1,1
/mnt/h200_dataset/saad/datasets/images/ancestree/ReWIND/1_fake/viral_bfree/FAKE/FrxUdK6X0CQPtCh/img06129.jpg,0.669475,1,1
/mnt/h200_dataset/saad/datasets/images/ancestree/ReWIND/1_fake/viral_bfree/FAKE/FrxUdK6X0CQPtCh/img06077.webp,0.64713,1,1
/mnt/h200_dataset/saad/datasets/images/ancestree/ReWIND/1_fake/viral_bfree/FAKE/FrxUdK6X0CQPtCh/img06112.jpg,0.670878,1,1
/mnt/h200_dataset/saad/datasets/images/ancestree/ReWIND/1_fake/viral_bfree/FAKE/FrxUdK6X0CQPtCh/img06120.jpg,0.673729,1,1
/mnt/h200_dataset/saad/datasets/images/ancestree/ReWIND/1_fake/viral_bfree/FAKE/FrxUdK6X0CQPtCh/img06197.jpg,0.569763,1,1
/mnt/h200_dataset/saad/datasets/images/ancestree/ReWIND/1_fake/viral_bfree/FAKE/FrxUdK6X0CQPtCh/img06121.jpg,0.662524,1,1
/mnt/h200_dataset/saad/datasets/images/ancestree/ReWIND/1_fake/viral_bfree/FAKE/FrxUdK6X0CQPtCh/img06192.jpg,0.678859,1,1
/mnt/h200_dataset/saad/datasets/images/ancestree/ReWIND/1_fake/viral_bfree/FAKE/FrsY4u3XgAQSHvd/img05751.webp,0.886715,1,1
/mnt/h200_dataset/saad/datasets/images/ancestree/ReWIND/1_fake/viral_bfree/FAKE/FrsY4u3XgAQSHvd/img05702.jpg,0.856512,1,1
/mnt/h200_dataset/saad/datasets/images/ancestree/ReWIND/1_fake/viral_bfree/FAKE/FrsY4u3XgAQSHvd/img05747.webp,0.893309,1,1
/mnt/h200_dataset/saad/datasets/images/ancestree/ReWIND/1_fake/viral_bfree/FAKE/FrsY4u3XgAQSHvd/img05703.webp,0.887009,1,1
/mnt/h200_dataset/saad/datasets/images/ancestree/ReWIND/1_fake/viral_bfree/FAKE/FrsY4u3XgAQSHvd/img05754.jpg,0.860604,1,1
/mnt/h200_dataset/saad/datasets/images/ancestree/ReWIND/1_fake/viral_bfree/FAKE/FrsY4u3XgAQSHvd/img05653.jpg,0.887692,1,1
/mnt/h200_dataset/saad/datasets/images/ancestree/ReWIND/1_fake/viral_bfree/FAKE/FrsY4u3XgAQSHvd/img05698.jpg,0.850779,1,1
/mnt/h200_dataset/saad/datasets/images/ancestree/ReWIND/1_fake/viral_bfree/FAKE/FrsY4u3XgAQSHvd/img05646.jpg,0.852752,1,1
/mnt/h200_dataset/saad/datasets/images/ancestree/ReWIND/1_fake/viral_bfree/FAKE/FrsY4u3XgAQSHvd/img05707.jpg,0.878158,1,1
/mnt/h200_dataset/saad/datasets/images/ancestree/ReWIND/1_fake/viral_bfree/FAKE/FrsY4u3XgAQSHvd/img05755.jpg,0.864139,1,1
/mnt/h200_dataset/saad/datasets/images/ancestree/ReWIND/1_fake/viral_bfree/FAKE/FrsY4u3XgAQSHvd/img05715.jpg,0.857947,1,1
/mnt/h200_dataset/saad/datasets/images/ancestree/ReWIND/1_fake/viral_bfree/FAKE/FrsY4u3XgAQSHvd/img05642.webp,0.885037,1,1
/mnt/h200_dataset/saad/datasets/images/ancestree/ReWIND/1_fake/viral_bfree/FAKE/FrsY4u3XgAQSHvd/img05734.jpg,0.87153,1,1
/mnt/h200_dataset/saad/datasets/images/ancestree/ReWIND/1_fake/viral_bfree/FAKE/FrsY4u3XgAQSHvd/img05813.jpg,0.871748,1,1
/mnt/h200_dataset/saad/datasets/images/ancestree/ReWIND/1_fake/viral_bfree/FAKE/FrsY4u3XgAQSHvd/img05709.png,0.547328,1,1
/mnt/h200_dataset/saad/datasets/images/ancestree/ReWIND/1_fake/viral_bfree/FAKE/FrsY4u3XgAQSHvd/img05682.jpg,0.802168,1,1
/mnt/h200_dataset/saad/datasets/images/ancestree/ReWIND/1_fake/viral_bfree/FAKE/FrsY4u3XgAQSHvd/img05741.jpg,0.875521,1,1
/mnt/h200_dataset/saad/datasets/images/ancestree/ReWIND/1_fake/viral_bfree/FAKE/FrsY4u3XgAQSHvd/img05675.webp,0.860662,1,1
/mnt/h200_dataset/saad/datasets/images/ancestree/ReWIND/1_fake/viral_bfree/FAKE/FrsY4u3XgAQSHvd/img05738.jpg,0.863219,1,1
/mnt/h200_dataset/saad/datasets/images/ancestree/ReWIND/1_fake/viral_bfree/FAKE/FrsY4u3XgAQSHvd/img05683.jpg,0.856512,1,1
/mnt/h200_dataset/saad/datasets/images/ancestree/ReWIND/1_fake/viral_bfree/FAKE/FrsY4u3XgAQSHvd/img05742.jpg,0.889625,1,1
/mnt/h200_dataset/saad/datasets/images/ancestree/ReWIND/1_fake/viral_bfree/FAKE/FrsY4u3XgAQSHvd/img05658.jpg,0.867934,1,1
/mnt/h200_dataset/saad/datasets/images/ancestree/ReWIND/1_fake/viral_bfree/FAKE/FrsY4u3XgAQSHvd/img05681.jpg,0.86988,1,1
/mnt/h200_dataset/saad/datasets/images/ancestree/ReWIND/1_fake/viral_bfree/FAKE/FrsY4u3XgAQSHvd/img05726.jpg,0.861887,1,1
/mnt/h200_dataset/saad/datasets/images/ancestree/ReWIND/1_fake/viral_bfree/FAKE/FrsY4u3XgAQSHvd/img05823.jpg,0.860896,1,1
/mnt/h200_dataset/saad/datasets/images/ancestree/ReWIND/1_fake/viral_bfree/FAKE/FrsY4u3XgAQSHvd/img05725.jpg,0.864996,1,1
/mnt/h200_dataset/saad/datasets/images/ancestree/ReWIND/1_fake/viral_bfree/FAKE/FrsY4u3XgAQSHvd/img05758.jpg,0.869105,1,1
/mnt/h200_dataset/saad/datasets/images/ancestree/ReWIND/1_fake/viral_bfree/FAKE/FrsY4u3XgAQSHvd/img05667.jpg,0.85373,1,1
/mnt/h200_dataset/saad/datasets/images/ancestree/ReWIND/1_fake/viral_bfree/FAKE/FrsY4u3XgAQSHvd/img05699.jpg,0.864024,1,1
/mnt/h200_dataset/saad/datasets/images/ancestree/ReWIND/1_fake/viral_bfree/FAKE/FrsY4u3XgAQSHvd/img05822.png,0.882022,1,1
/mnt/h200_dataset/saad/datasets/images/ancestree/ReWIND/1_fake/viral_bfree/FAKE/FrsY4u3XgAQSHvd/img05746.jpg,0.867654,1,1
/mnt/h200_dataset/saad/datasets/images/ancestree/ReWIND/1_fake/viral_bfree/FAKE/FrsY4u3XgAQSHvd/img05730.jpg,0.872836,1,1
/mnt/h200_dataset/saad/datasets/images/ancestree/ReWIND/1_fake/viral_bfree/FAKE/FrsY4u3XgAQSHvd/img05736.jpg,0.862757,1,1
/mnt/h200_dataset/saad/datasets/images/ancestree/ReWIND/1_fake/viral_bfree/FAKE/FrsY4u3XgAQSHvd/img05723.jpg,0.851953,1,1
/mnt/h200_dataset/saad/datasets/images/ancestree/ReWIND/1_fake/viral_bfree/FAKE/FrsY4u3XgAQSHvd/img05677.jpg,0.869105,1,1
/mnt/h200_dataset/saad/datasets/images/ancestree/ReWIND/1_fake/viral_bfree/FAKE/FrsY4u3XgAQSHvd/img05666.jpg,0.872728,1,1
/mnt/h200_dataset/saad/datasets/images/ancestree/ReWIND/1_fake/viral_bfree/FAKE/FrsY4u3XgAQSHvd/img05665.jpg,0.870101,1,1
/mnt/h200_dataset/saad/datasets/images/ancestree/ReWIND/1_fake/viral_bfree/FAKE/FrsY4u3XgAQSHvd/img05721.jpg,0.874131,1,1
/mnt/h200_dataset/saad/datasets/images/ancestree/ReWIND/1_fake/viral_bfree/FAKE/FrsY4u3XgAQSHvd/img05652.jpg,0.886617,1,1
/mnt/h200_dataset/saad/datasets/images/ancestree/ReWIND/1_fake/viral_bfree/FAKE/FrsY4u3XgAQSHvd/img05717.jpg,0.878731,1,1
/mnt/h200_dataset/saad/datasets/images/ancestree/ReWIND/1_fake/viral_bfree/FAKE/FrsY4u3XgAQSHvd/img05649.jpg,0.863219,1,1
/mnt/h200_dataset/saad/datasets/images/ancestree/ReWIND/1_fake/viral_bfree/FAKE/FrsY4u3XgAQSHvd/img05735.jpg,0.864024,1,1
/mnt/h200_dataset/saad/datasets/images/ancestree/ReWIND/1_fake/viral_bfree/FAKE/FrsY4u3XgAQSHvd/img05749.jpg,0.871092,1,1
/mnt/h200_dataset/saad/datasets/images/ancestree/ReWIND/1_fake/viral_bfree/FAKE/FrsY4u3XgAQSHvd/img05655.jpg,0.875415,1,1
/mnt/h200_dataset/saad/datasets/images/ancestree/ReWIND/1_fake/viral_bfree/FAKE/FrsY4u3XgAQSHvd/img05688.jpg,0.869493,1,1
/mnt/h200_dataset/saad/datasets/images/ancestree/ReWIND/1_fake/viral_bfree/FAKE/FrsY4u3XgAQSHvd/img05685.jpg,0.878887,1,1
/mnt/h200_dataset/saad/datasets/images/ancestree/ReWIND/1_fake/viral_bfree/FAKE/FrsY4u3XgAQSHvd/img05686.jpg,0.875787,1,1
/mnt/h200_dataset/saad/datasets/images/ancestree/ReWIND/1_fake/viral_bfree/FAKE/FrsY4u3XgAQSHvd/img05645.jpg,0.867654,1,1
/mnt/h200_dataset/saad/datasets/images/ancestree/ReWIND/1_fake/viral_bfree/FAKE/FrsY4u3XgAQSHvd/img05748.jpg,0.852014,1,1
/mnt/h200_dataset/saad/datasets/images/ancestree/ReWIND/1_fake/viral_bfree/FAKE/FrsY4u3XgAQSHvd/img05644.jpg,0.8474,1,1
/mnt/h200_dataset/saad/datasets/images/ancestree/ReWIND/1_fake/viral_bfree/FAKE/FrsY4u3XgAQSHvd/img05641.jpg,0.867654,1,1
/mnt/h200_dataset/saad/datasets/images/ancestree/ReWIND/1_fake/viral_bfree/FAKE/FrsY4u3XgAQSHvd/img05679.jpg,0.856392,1,1
/mnt/h200_dataset/saad/datasets/images/ancestree/ReWIND/1_fake/viral_bfree/FAKE/FrsY4u3XgAQSHvd/img05680.jpg,0.868213,1,1
/mnt/h200_dataset/saad/datasets/images/ancestree/ReWIND/1_fake/viral_bfree/FAKE/FrsY4u3XgAQSHvd/img05673.jpg,0.871092,1,1
/mnt/h200_dataset/saad/datasets/images/ancestree/ReWIND/1_fake/viral_bfree/FAKE/FrsY4u3XgAQSHvd/img05643.jpg,0.862525,1,1
/mnt/h200_dataset/saad/datasets/images/ancestree/ReWIND/1_fake/viral_bfree/FAKE/FrsY4u3XgAQSHvd/img05779.png,0.572484,1,1
/mnt/h200_dataset/saad/datasets/images/ancestree/ReWIND/1_fake/viral_bfree/FAKE/FrsY4u3XgAQSHvd/img05678.webp,0.888469,1,1
/mnt/h200_dataset/saad/datasets/images/ancestree/ReWIND/1_fake/viral_bfree/FAKE/FrsY4u3XgAQSHvd/img05788.jpg,0.862872,1,1
/mnt/h200_dataset/saad/datasets/images/ancestree/ReWIND/1_fake/viral_bfree/FAKE/FrsY4u3XgAQSHvd/img05654.jpg,0.857947,1,1
/mnt/h200_dataset/saad/datasets/images/ancestree/ReWIND/1_fake/FOSID/FAKE/Gaza1/1397884db9a0606541dc1a964ea8f583.jpeg,0.561335,1,1
/mnt/h200_dataset/saad/datasets/images/ancestree/ReWIND/1_fake/FOSID/FAKE/Gaza1/563cec252a9e8c2001101a345f0a3a43.jpeg,0.646293,1,1
/mnt/h200_dataset/saad/datasets/images/ancestree/ReWIND/1_fake/FOSID/FAKE/Gaza1/7e4dcf61aa6584df6b2b929a9820b3ec.jpeg,0.650911,1,1
/mnt/h200_dataset/saad/datasets/images/ancestree/ReWIND/1_fake/FOSID/FAKE/Gaza1/822182ed6b26252ec81c68d4083d0434.jpeg,0.76986,1,1
/mnt/h200_dataset/saad/datasets/images/ancestree/ReWIND/1_fake/FOSID/FAKE/Gaza1/d3edd3eb22c16550d109b9191710810f.png,0.791096,1,1
/mnt/h200_dataset/saad/datasets/images/ancestree/ReWIND/1_fake/FOSID/FAKE/Gaza1/500eef54f4550a5d7847f28607305199.jpeg,0.721154,1,1
/mnt/h200_dataset/saad/datasets/images/ancestree/ReWIND/1_fake/FOSID/FAKE/Gaza1/31955c27363abe92791c5ba6292bbc64.jpeg,0.772187,1,1
/mnt/h200_dataset/saad/datasets/images/ancestree/ReWIND/1_fake/FOSID/FAKE/Gaza1/d5cbd4903c4b01ee08989085a3904d20.jpeg,0.675229,1,1
/mnt/h200_dataset/saad/datasets/images/ancestree/ReWIND/1_fake/FOSID/FAKE/Gaza1/ce3a51c019964d02e4d0ee91734b2955.jpeg,0.721302,1,1
/mnt/h200_dataset/saad/datasets/images/ancestree/ReWIND/1_fake/FOSID/FAKE/Gaza1/640017f420ed1d6ad9710301809cb959.jpeg,0.64646,1,1
/mnt/h200_dataset/saad/datasets/images/ancestree/ReWIND/1_fake/FOSID/FAKE/Gaza1/d1dbff572e4f037afcb698429c2af6f3.jpeg,0.383006,0,1
/mnt/h200_dataset/saad/datasets/images/ancestree/ReWIND/1_fake/FOSID/FAKE/Gaza1/d370c7a353c19822a747bb9a2c957754.jpeg,0.661923,1,1
/mnt/h200_dataset/saad/datasets/images/ancestree/ReWIND/1_fake/FOSID/FAKE/Gaza1/47a11bf9a7e757c8287600366bab16d7.jpeg,0.711581,1,1
/mnt/h200_dataset/saad/datasets/images/ancestree/ReWIND/1_fake/FOSID/FAKE/Gaza1/e408464f1048bb83c348744d2162585c.jpeg,0.659898,1,1
/mnt/h200_dataset/saad/datasets/images/ancestree/ReWIND/1_fake/FOSID/FAKE/Gaza1/5f30903dc34030f3302adfb6ce78d9a4.jpeg,0.663996,1,1
/mnt/h200_dataset/saad/datasets/images/ancestree/ReWIND/1_fake/FOSID/FAKE/Gaza1/1e20cd4b5ee44b92892d114269f3aacd.jpeg,0.699819,1,1
/mnt/h200_dataset/saad/datasets/images/ancestree/ReWIND/1_fake/FOSID/FAKE/Gaza1/d4fad1feac4d401d28f88574dcff5859.jpeg,0.713032,1,1
/mnt/h200_dataset/saad/datasets/images/ancestree/ReWIND/1_fake/FOSID/FAKE/Gaza1/90df534268d3e6bcf77dfb20c5ee8629.jpeg,0.715573,1,1
/mnt/h200_dataset/saad/datasets/images/ancestree/ReWIND/1_fake/FOSID/FAKE/Gaza1/813c7c64195349b3e35f1da6175cfab7.jpeg,0.686475,1,1
/mnt/h200_dataset/saad/datasets/images/ancestree/ReWIND/1_fake/FOSID/FAKE/Gaza1/13657fa3a9384259440b1cb97e66313f.jpeg,0.709321,1,1
/mnt/h200_dataset/saad/datasets/images/ancestree/ReWIND/1_fake/FOSID/FAKE/Gaza1/398d844b444129dfdda65a384899d175.jpeg,0.711281,1,1
/mnt/h200_dataset/saad/datasets/images/ancestree/ReWIND/1_fake/FOSID/FAKE/Gaza1/cabb03879bd9adfe459a3a9c1362f9d8.jpeg,0.667148,1,1
/mnt/h200_dataset/saad/datasets/images/ancestree/ReWIND/1_fake/FOSID/FAKE/Gaza1/231c364b3ff3bfa5d466523ac9404fa2.jpeg,0.835886,1,1
/mnt/h200_dataset/saad/datasets/images/ancestree/ReWIND/1_fake/FOSID/FAKE/Gaza1/95f751250c1fdc82a7779794f3853fa0.jpeg,0.700075,1,1
/mnt/h200_dataset/saad/datasets/images/ancestree/ReWIND/1_fake/FOSID/FAKE/Gaza1/0bb0158a4fd88d1c1da332854a8a5227.jpeg,0.659898,1,1
/mnt/h200_dataset/saad/datasets/images/ancestree/ReWIND/1_fake/FOSID/FAKE/Gaza1/e52c0d7e1c8afb97efdd9036971482fb.jpeg,0.688049,1,1
/mnt/h200_dataset/saad/datasets/images/ancestree/ReWIND/1_fake/FOSID/FAKE/Gaza1/88b509c1094274056566e88bfc50cbff.jpeg,0.797636,1,1
/mnt/h200_dataset/saad/datasets/images/ancestree/ReWIND/1_fake/FOSID/FAKE/Gaza1/dfd964820dc022d22e2675b43c0d47e2.jpeg,0.71721,1,1
/mnt/h200_dataset/saad/datasets/images/ancestree/ReWIND/1_fake/FOSID/FAKE/Gaza1/0d4095cc8991409ff35881aedce6f6fd.jpeg,0.780746,1,1
/mnt/h200_dataset/saad/datasets/images/ancestree/ReWIND/1_fake/FOSID/FAKE/Gaza1/b8c9e195e884f14a635ac4ac1439baa8.jpeg,0.58433,1,1
/mnt/h200_dataset/saad/datasets/images/ancestree/ReWIND/1_fake/FOSID/FAKE/Gaza1/e4d3f66804be9c02ab83fecff0e0b389.jpeg,0.652408,1,1
/mnt/h200_dataset/saad/datasets/images/ancestree/ReWIND/1_fake/FOSID/FAKE/Gaza1/1c82e225b9fe2b426630ffc8b9f8543e.jpeg,0.715871,1,1
/mnt/h200_dataset/saad/datasets/images/ancestree/ReWIND/1_fake/FOSID/FAKE/Gaza1/2aa43b1a8e19bc767f11f2df7d494bf9.jpeg,0.66503,1,1
/mnt/h200_dataset/saad/datasets/images/ancestree/ReWIND/1_fake/FOSID/FAKE/Gaza1/00b0592f6aa0d47825d7fd0d4db71114.jpeg,0.831622,1,1
/mnt/h200_dataset/saad/datasets/images/ancestree/ReWIND/1_fake/FOSID/FAKE/Gaza1/5b5a81aad34ad8b310794f65ddcb547b.jpeg,0.649134,1,1
/mnt/h200_dataset/saad/datasets/images/ancestree/ReWIND/1_fake/FOSID/FAKE/Gaza1/7688ca8ab0d34e0a3b234b63d4300ba6.jpeg,0.753557,1,1
/mnt/h200_dataset/saad/datasets/images/ancestree/ReWIND/1_fake/FOSID/FAKE/Gaza1/a8e11129b59287c525a569dee3ade4a6.jpeg,0.674265,1,1
/mnt/h200_dataset/saad/datasets/images/ancestree/ReWIND/1_fake/FOSID/FAKE/Gaza1/5754589be4dc5bfe44a60f44ed3de868.jpeg,0.647798,1,1
/mnt/h200_dataset/saad/datasets/images/ancestree/ReWIND/1_fake/FOSID/FAKE/Gaza1/a32ff4734f787baceef7c0c3fb677a43.jpeg,0.711281,1,1
/mnt/h200_dataset/saad/datasets/images/ancestree/ReWIND/1_fake/FOSID/FAKE/Gaza1/f4e30eb51d4199598efca01b8985f555.jpeg,0.667473,1,1
/mnt/h200_dataset/saad/datasets/images/ancestree/ReWIND/1_fake/FOSID/FAKE/Gaza1/5a4674111d733eb02be42e299c93ecf1.jpeg,0.780746,1,1
/mnt/h200_dataset/saad/datasets/images/ancestree/ReWIND/1_fake/FOSID/FAKE/Gaza1/f49546458e7aef0cb4ac11f966cb332b.jpeg,0.673836,1,1
/mnt/h200_dataset/saad/datasets/images/ancestree/ReWIND/1_fake/FOSID/FAKE/Gaza1/632859a021d45d33fd79a50fcc1b0593.jpeg,0.666931,1,1
/mnt/h200_dataset/saad/datasets/images/ancestree/ReWIND/1_fake/FOSID/FAKE/Gaza1/435a2c57223fb91218dce2f6f8f110ac.jpeg,0.692278,1,1
/mnt/h200_dataset/saad/datasets/images/ancestree/ReWIND/1_fake/FOSID/FAKE/Gaza1/e43387c362a20f34b35bfbb287316d50.jpeg,0.665193,1,1
/mnt/h200_dataset/saad/datasets/images/ancestree/ReWIND/1_fake/FOSID/FAKE/Gaza1/a28a47f27b2f19345aa52b9e704b9f45.jpeg,0.654895,1,1
/mnt/h200_dataset/saad/datasets/images/ancestree/ReWIND/1_fake/FOSID/FAKE/Gaza1/4007be064ca70fd40be029345602ecba.jpeg,0.78374,1,1
/mnt/h200_dataset/saad/datasets/images/ancestree/ReWIND/1_fake/FOSID/FAKE/Gaza1/0ea3c6fa1592bb36312b9da18489e366.jpeg,0.702632,1,1
/mnt/h200_dataset/saad/datasets/images/ancestree/ReWIND/1_fake/FOSID/FAKE/Gaza1/15db8554724da16ab33de611981e7d70.jpeg,0.77907,1,1
/mnt/h200_dataset/saad/datasets/images/ancestree/ReWIND/1_fake/FOSID/FAKE/Gaza1/197b7d8cf25f38c97fd10b168468e5b1.jpeg,0.64013,1,1
/mnt/h200_dataset/saad/datasets/images/ancestree/ReWIND/1_fake/FOSID/FAKE/Gaza1/753a7acacd78004cdfbd324da3e5d839.jpeg,0.656273,1,1
/mnt/h200_dataset/saad/datasets/images/ancestree/ReWIND/1_fake/FOSID/FAKE/Gaza1/bc02e331f8220dd552dd900ab10d573f.jpeg,0.710829,1,1
/mnt/h200_dataset/saad/datasets/images/ancestree/ReWIND/1_fake/FOSID/FAKE/Gaza1/a3303387a95893a6ddddac2087bbf3fe.jpeg,0.711581,1,1
/mnt/h200_dataset/saad/datasets/images/ancestree/ReWIND/1_fake/FOSID/FAKE/Gaza1/e423eac48d9298fcfd6f8f40463cd04c.jpeg,0.656603,1,1
/mnt/h200_dataset/saad/datasets/images/ancestree/ReWIND/1_fake/FOSID/FAKE/Gaza1/1392e6ecbbb0b83aaf22d3e8b3121edc.jpeg,0.715722,1,1
/mnt/h200_dataset/saad/datasets/images/ancestree/ReWIND/1_fake/FOSID/FAKE/Gaza1/ac84b6635a3c58160f8fd9226b563e83.jpeg,0.782164,1,1
/mnt/h200_dataset/saad/datasets/images/ancestree/ReWIND/1_fake/FOSID/FAKE/Gaza1/80897979fa57f9c3f80c7fd3b804be84.jpeg,0.731538,1,1
/mnt/h200_dataset/saad/datasets/images/ancestree/ReWIND/1_fake/FOSID/FAKE/Gaza1/7a2c6f83c2f9a22a82a8fc96567f936c.jpeg,0.795022,1,1
/mnt/h200_dataset/saad/datasets/images/ancestree/ReWIND/1_fake/FOSID/FAKE/Gaza1/47084ee3a16c299f9915ac7a35bb63ff.png,0.720909,1,1
/mnt/h200_dataset/saad/datasets/images/ancestree/ReWIND/1_fake/FOSID/FAKE/Gaza1/6cf4ba1784855f6c92a31a081e344765.jpeg,0.666225,1,1
/mnt/h200_dataset/saad/datasets/images/ancestree/ReWIND/1_fake/FOSID/FAKE/Gaza1/46eef3d9016fa56b737422ebf455c3a5.jpeg,0.695648,1,1
/mnt/h200_dataset/saad/datasets/images/ancestree/ReWIND/1_fake/FOSID/FAKE/Gaza1/703396b1d7d79a932fa1a73ac01959f1.jpeg,0.687473,1,1
/mnt/h200_dataset/saad/datasets/images/ancestree/ReWIND/1_fake/FOSID/FAKE/Gaza1/4ecbdc3f2747d57b21596847e3a34307.jpeg,0.553324,1,1
/mnt/h200_dataset/saad/datasets/images/ancestree/ReWIND/1_fake/FOSID/FAKE/Gaza1/6e17010d07101bcdfc1fd311d17e0641.jpeg,0.654011,1,1
/mnt/h200_dataset/saad/datasets/images/ancestree/ReWIND/1_fake/FOSID/FAKE/Gaza1/7c108f251dd0486b5e8e8d2fba4255a7.jpeg,0.773045,1,1
/mnt/h200_dataset/saad/datasets/images/ancestree/ReWIND/1_fake/FOSID/FAKE/Gaza1/c35436635562a81bded9053c5183ce8c.jpeg,0.788013,1,1
/mnt/h200_dataset/saad/datasets/images/ancestree/ReWIND/1_fake/FOSID/FAKE/Gaza1/2083f7c025640ec148af76fbef4d3707.jpeg,0.723505,1,1
/mnt/h200_dataset/saad/datasets/images/ancestree/ReWIND/1_fake/FOSID/FAKE/Gaza1/f476d4bb34a92cd3c1deb80e9fb4efff.jpeg,0.67694,1,1
/mnt/h200_dataset/saad/datasets/images/ancestree/ReWIND/1_fake/FOSID/FAKE/Gaza1/5e36e04e98a15b46f8312637330a0fdc.jpeg,0.67077,1,1
/mnt/h200_dataset/saad/datasets/images/ancestree/ReWIND/1_fake/FOSID/FAKE/Gaza1/bedabdabe137b303d53ef733055919fe.png,0.622631,1,1
/mnt/h200_dataset/saad/datasets/images/ancestree/ReWIND/1_fake/FOSID/FAKE/Gaza1/19998e926ac055afef1dfe0b53572417.jpeg,0.484174,0,1
/mnt/h200_dataset/saad/datasets/images/ancestree/ReWIND/1_fake/FOSID/FAKE/Gaza1/dba8f79f5f4c134aa63f3872f617532c.jpeg,0.823257,1,1
/mnt/h200_dataset/saad/datasets/images/ancestree/ReWIND/1_fake/FOSID/FAKE/Gaza1/710a052b4c20165dae7626b77210f211.jpeg,0.656603,1,1
/mnt/h200_dataset/saad/datasets/images/ancestree/ReWIND/1_fake/FOSID/FAKE/Gaza1/14bda76e387a34fb07781985055d9c06.jpeg,0.685686,1,1
/mnt/h200_dataset/saad/datasets/images/ancestree/ReWIND/1_fake/FOSID/FAKE/Gaza1/2101ad588eb55efe6dcee176b6410e38.jpeg,0.772874,1,1
/mnt/h200_dataset/saad/datasets/images/ancestree/ReWIND/1_fake/FOSID/FAKE/Gaza1/edb8547bb309ccaa4ca77ec52b88915b.jpeg,0.676085,1,1
/mnt/h200_dataset/saad/datasets/images/ancestree/ReWIND/1_fake/FOSID/FAKE/Gaza1/b72dc2143b22f4013bc5655079a01687.jpeg,0.694458,1,1
/mnt/h200_dataset/saad/datasets/images/ancestree/ReWIND/1_fake/FOSID/FAKE/Gaza1/67f50bee930b0bc7db4b57c70bae529c.jpeg,0.785802,1,1
/mnt/h200_dataset/saad/datasets/images/ancestree/ReWIND/1_fake/FOSID/FAKE/Gaza1/08eef55eb643d3276c51eeeb03285ad2.jpeg,0.655115,1,1
/mnt/h200_dataset/saad/datasets/images/ancestree/ReWIND/1_fake/FOSID/FAKE/Gaza1/b46711f918327ab3b8285355380b1e3c.jpeg,0.70477,1,1
/mnt/h200_dataset/saad/datasets/images/ancestree/ReWIND/1_fake/FOSID/FAKE/Gaza1/4da57b03db83872e9c451189194fba7a.jpeg,0.633807,1,1
/mnt/h200_dataset/saad/datasets/images/ancestree/ReWIND/1_fake/FOSID/FAKE/Gaza1/69ac73f6c886ab32110a2206f1e62483.jpeg,0.693836,1,1
/mnt/h200_dataset/saad/datasets/images/ancestree/ReWIND/1_fake/FOSID/FAKE/Gaza1/18ee30e2b0c8cf669cd8bb36a92360af.jpeg,0.704465,1,1
/mnt/h200_dataset/saad/datasets/images/ancestree/ReWIND/1_fake/FOSID/FAKE/Gaza1/5508d6f53c7a0cf3a50ffc4bd268532c.jpeg,0.593727,1,1
/mnt/h200_dataset/saad/datasets/images/ancestree/ReWIND/1_fake/FOSID/FAKE/Gaza1/412dcee8fd800205edbc5ca8240f7126.jpeg,0.763396,1,1
/mnt/h200_dataset/saad/datasets/images/ancestree/ReWIND/1_fake/FOSID/FAKE/Gaza1/f6b9d72d6786520266be841ce3c7f3f3.jpeg,0.707304,1,1
/mnt/h200_dataset/saad/datasets/images/ancestree/ReWIND/1_fake/FOSID/FAKE/Gaza1/d69bdc824185ff551982e3bde2575e22.jpeg,0.783492,1,1
/mnt/h200_dataset/saad/datasets/images/ancestree/ReWIND/1_fake/FOSID/FAKE/Gaza1/632e1bcc581c02f6946a6d64522ac42b.jpeg,0.679923,1,1
/mnt/h200_dataset/saad/datasets/images/ancestree/ReWIND/1_fake/FOSID/FAKE/Gaza1/8018502f6af059662fc6faa9955c32b5.jpeg,0.696784,1,1
/mnt/h200_dataset/saad/datasets/images/ancestree/ReWIND/1_fake/FOSID/FAKE/Gaza1/816fed0aacceed1ac174c636c39c3ed5.jpeg,0.71098,1,1
/mnt/h200_dataset/saad/datasets/images/ancestree/ReWIND/1_fake/FOSID/FAKE/Gaza1/73c48ae1af6bbfda8d2167ca7765871f.jpeg,0.781831,1,1
/mnt/h200_dataset/saad/datasets/images/ancestree/ReWIND/1_fake/FOSID/FAKE/Gaza1/1c66a64ed854c9da6a9b0e7aeed49979.jpeg,0.633013,1,1
/mnt/h200_dataset/saad/datasets/images/ancestree/ReWIND/1_fake/FOSID/FAKE/Gaza1/c7d62681d7ffe9d18ee690f77b26e34b.jpeg,0.69946,1,1
/mnt/h200_dataset/saad/datasets/images/ancestree/ReWIND/1_fake/FOSID/FAKE/Gaza1/dca7011a3f6e315bd6b49a1cd2b2f6ea.jpeg,0.475971,0,1
/mnt/h200_dataset/saad/datasets/images/ancestree/ReWIND/1_fake/FOSID/FAKE/Gaza1/8d5bb9f39af6bbde80a850309dd35448.jpeg,0.695441,1,1
/mnt/h200_dataset/saad/datasets/images/ancestree/ReWIND/1_fake/FOSID/FAKE/Gaza1/a33bbfc40780e9f9f5d9e034e9b21b53.jpeg,0.693992,1,1
/mnt/h200_dataset/saad/datasets/images/ancestree/ReWIND/1_fake/FOSID/FAKE/Gaza1/561c928cb7245d056b0e84833e6a22f6.jpeg,0.68658,1,1
/mnt/h200_dataset/saad/datasets/images/ancestree/ReWIND/1_fake/FOSID/FAKE/Gaza1/e57366b212e33758e8a61f588770d29d.jpeg,0.660556,1,1
/mnt/h200_dataset/saad/datasets/images/ancestree/ReWIND/1_fake/FOSID/FAKE/Gaza1/38ca6b44365193dc2d808085aea36778.jpeg,0.699049,1,1
/mnt/h200_dataset/saad/datasets/images/ancestree/ReWIND/1_fake/FOSID/FAKE/Gaza1/ad230d2e358fe1e9ed2eecc936b41aea.jpeg,0.779574,1,1
/mnt/h200_dataset/saad/datasets/images/ancestree/ReWIND/1_fake/FOSID/FAKE/Gaza1/0c034a4d2d95a689d717ce520dd859c1.jpeg,0.713182,1,1
/mnt/h200_dataset/saad/datasets/images/ancestree/ReWIND/1_fake/FOSID/FAKE/Gaza1/cb753e866e860d8833ebed9ec90e77a1.jpeg,0.640299,1,1
/mnt/h200_dataset/saad/datasets/images/ancestree/ReWIND/1_fake/FOSID/FAKE/Gaza1/f1331873e183a846a546f028e0a2e8dd.jpeg,0.664758,1,1
/mnt/h200_dataset/saad/datasets/images/ancestree/ReWIND/1_fake/FOSID/FAKE/Gaza1/fd78ffdf3144d66f9c294f1822083842.jpeg,0.723261,1,1
/mnt/h200_dataset/saad/datasets/images/ancestree/ReWIND/1_fake/FOSID/FAKE/Gaza1/25e434034b5cd908a84982e81a810a9c.jpeg,0.711331,1,1
/mnt/h200_dataset/saad/datasets/images/ancestree/ReWIND/1_fake/FOSID/FAKE/Gaza1/025c3c8e298c1c06e24916a4a883685e.jpeg,0.766556,1,1
/mnt/h200_dataset/saad/datasets/images/ancestree/ReWIND/1_fake/FOSID/FAKE/Gaza1/49e1e3e2f8db9470fe92c06c86f52e36.jpeg,0.731346,1,1
/mnt/h200_dataset/saad/datasets/images/ancestree/ReWIND/1_fake/FOSID/FAKE/Gaza1/a18523928ef232f8fe16d6428b08c4c4.jpeg,0.667148,1,1
/mnt/h200_dataset/saad/datasets/images/ancestree/ReWIND/1_fake/FOSID/FAKE/Gaza1/095d7b7d32a3fad18ea37479b9226b08.jpeg,0.725357,1,1
/mnt/h200_dataset/saad/datasets/images/ancestree/ReWIND/1_fake/FOSID/FAKE/Gaza1/5f3fe06af6848007744b9fc0a3cdae3a.jpeg,0.69766,1,1
/mnt/h200_dataset/saad/datasets/images/ancestree/ReWIND/1_fake/FOSID/FAKE/Gaza1/d4b715c55a1b57c73ec66825cc6f91f7.jpeg,0.705379,1,1
/mnt/h200_dataset/saad/datasets/images/ancestree/ReWIND/1_fake/FOSID/FAKE/Gaza1/dc4bb2ab0933dbefaf3ed8aa178e8bda.jpeg,0.729038,1,1
/mnt/h200_dataset/saad/datasets/images/ancestree/ReWIND/1_fake/FOSID/FAKE/Gaza1/98ea393e1140057567392a430a3c0c49.jpeg,0.671363,1,1
/mnt/h200_dataset/saad/datasets/images/ancestree/ReWIND/1_fake/FOSID/FAKE/Gaza1/7672346289ed8f7ead607f52208e997c.jpeg,0.632616,1,1
/mnt/h200_dataset/saad/datasets/images/ancestree/ReWIND/1_fake/FOSID/FAKE/Gaza1/5020b3b5e4cc4140a440c6f2d824f477.jpeg,0.688364,1,1
/mnt/h200_dataset/saad/datasets/images/ancestree/ReWIND/1_fake/FOSID/FAKE/Gaza1/0bea6193bfc3eee5c289ddfd39838d92.jpeg,0.722331,1,1
/mnt/h200_dataset/saad/datasets/images/ancestree/ReWIND/1_fake/FOSID/FAKE/Gaza1/0856a47e6e97ea998a223325604a164f.jpeg,0.759315,1,1
/mnt/h200_dataset/saad/datasets/images/ancestree/ReWIND/1_fake/FOSID/FAKE/Gaza1/e3d2aa3ba8818a43f1fcfadc1a3cea42.jpeg,0.794624,1,1
/mnt/h200_dataset/saad/datasets/images/ancestree/ReWIND/1_fake/FOSID/FAKE/Gaza1/5acdd4c48631b7ff7ef7fe441009c541.jpeg,0.73307,1,1
/mnt/h200_dataset/saad/datasets/images/ancestree/ReWIND/1_fake/FOSID/FAKE/Gaza1/e0f5bff884750ca1eebb302bb8ee3b98.jpeg,0.674319,1,1
/mnt/h200_dataset/saad/datasets/images/ancestree/ReWIND/1_fake/FOSID/FAKE/Gaza1/6b46a880fd71371b6d19fe9f1e3d388d.jpeg,0.659241,1,1
/mnt/h200_dataset/saad/datasets/images/ancestree/ReWIND/1_fake/FOSID/FAKE/Gaza1/367e22bd63fb5e6c24e0a3d4a105d33e.jpeg,0.71408,1,1
/mnt/h200_dataset/saad/datasets/images/ancestree/ReWIND/1_fake/FOSID/FAKE/Gaza1/323e3d7fdb90e8267a8b17b50083bfd3.jpeg,0.688678,1,1
/mnt/h200_dataset/saad/datasets/images/ancestree/ReWIND/1_fake/FOSID/FAKE/Gaza1/5d15abdd8fb4c2f1b00b10338d133467.jpeg,0.694924,1,1
/mnt/h200_dataset/saad/datasets/images/ancestree/ReWIND/1_fake/FOSID/FAKE/Gaza1/2c2af02c54c1029b33fd694115592d55.jpeg,0.770551,1,1
/mnt/h200_dataset/saad/datasets/images/ancestree/ReWIND/1_fake/FOSID/FAKE/Gaza1/8069e9941261ca511367d57b0bfdedef.jpeg,0.687578,1,1
/mnt/h200_dataset/saad/datasets/images/ancestree/ReWIND/1_fake/FOSID/FAKE/Gaza1/658f414223cb6a7b4bf0b559a8df342e.jpeg,0.657648,1,1
/mnt/h200_dataset/saad/datasets/images/ancestree/ReWIND/1_fake/FOSID/FAKE/Gaza1/4ee9075c0a6fd3027bcd6cbb4a8c1415.jpeg,0.703651,1,1
/mnt/h200_dataset/saad/datasets/images/ancestree/ReWIND/1_fake/FOSID/FAKE/Gaza1/f1e2b876f71e36b6c20a47debb00ac76.jpeg,0.662305,1,1
/mnt/h200_dataset/saad/datasets/images/ancestree/ReWIND/1_fake/FOSID/FAKE/Gaza1/4c87752d9b5aa64d46f30e44c20b0bc2.jpeg,0.609698,1,1
/mnt/h200_dataset/saad/datasets/images/ancestree/ReWIND/1_fake/FOSID/FAKE/Gaza1/d15b43dd5c04f29cc980e1ea0d5883d2.jpeg,0.691028,1,1
/mnt/h200_dataset/saad/datasets/images/ancestree/ReWIND/1_fake/FOSID/FAKE/Gaza1/a01a4419a3b018f48b7f4245addf178b.jpeg,0.51671,1,1
/mnt/h200_dataset/saad/datasets/images/ancestree/ReWIND/1_fake/FOSID/FAKE/Gaza1/4e32aa222cce4b06c58c9baeb744db2f.jpeg,0.620305,1,1
/mnt/h200_dataset/saad/datasets/images/ancestree/ReWIND/1_fake/FOSID/FAKE/Gaza1/a96f0b56880873cb89f68f509d19bc35.jpeg,0.692798,1,1
/mnt/h200_dataset/saad/datasets/images/ancestree/ReWIND/1_fake/FOSID/FAKE/Gaza1/d6c9646f12fab9786ceb29cc8b54c772.jpeg,0.710929,1,1
/mnt/h200_dataset/saad/datasets/images/ancestree/ReWIND/1_fake/FOSID/FAKE/Gaza1/0d976e38fffc0590f9f77d88b76a7291.jpeg,0.674962,1,1
/mnt/h200_dataset/saad/datasets/images/ancestree/ReWIND/1_fake/FOSID/FAKE/Gaza1/b6a617d54c0f6775a174caae0ee2b259.jpeg,0.808521,1,1
/mnt/h200_dataset/saad/datasets/images/ancestree/ReWIND/1_fake/FOSID/FAKE/Gaza1/55b14bdb426b69380af8faaf68328210.jpeg,0.77949,1,1
/mnt/h200_dataset/saad/datasets/images/ancestree/ReWIND/1_fake/FOSID/FAKE/Gaza1/6eab863be494ca2cba636401ebb3ca91.jpeg,0.688207,1,1
/mnt/h200_dataset/saad/datasets/images/ancestree/ReWIND/1_fake/FOSID/FAKE/Gaza1/ffaa3f7607b426209a96a936161e2cec.jpeg,0.692278,1,1
/mnt/h200_dataset/saad/datasets/images/ancestree/ReWIND/1_fake/FOSID/FAKE/Gaza1/ffc0657d3676bba1fe22210888698d95.jpeg,0.699562,1,1
/mnt/h200_dataset/saad/datasets/images/ancestree/ReWIND/1_fake/FOSID/FAKE/Gaza1/6dd7cf2a321c3a041a1505cc386cc603.jpeg,0.780746,1,1
/mnt/h200_dataset/saad/datasets/images/ancestree/ReWIND/1_fake/FOSID/FAKE/Gaza1/a3e2675e9acf8175af68817ac5e1a153.jpeg,0.718742,1,1
/mnt/h200_dataset/saad/datasets/images/ancestree/ReWIND/1_fake/FOSID/FAKE/Gaza1/c60402a7d6ff0fa43000a65b423bf451.jpeg,0.709523,1,1
/mnt/h200_dataset/saad/datasets/images/ancestree/ReWIND/1_fake/FOSID/FAKE/Gaza1/44c332293d8fe6a3dd22e3e7efc027b2.jpeg,0.654122,1,1
/mnt/h200_dataset/saad/datasets/images/ancestree/ReWIND/1_fake/FOSID/FAKE/Gaza1/a9678b623c05f1869f53deb7d2f27266.jpeg,0.715821,1,1
/mnt/h200_dataset/saad/datasets/images/ancestree/ReWIND/1_fake/FOSID/FAKE/Gaza2/cfa07c80109a821a12ebb2a149d366ad.jpeg,0.745398,1,1
/mnt/h200_dataset/saad/datasets/images/ancestree/ReWIND/1_fake/FOSID/FAKE/Gaza2/2f4f356b1a6fde7498d683bfd2e1ce42.jpeg,0.719186,1,1
/mnt/h200_dataset/saad/datasets/images/ancestree/ReWIND/1_fake/FOSID/FAKE/Gaza2/37a8b8491852435fe308035d90035f2c.jpeg,0.601798,1,1
/mnt/h200_dataset/saad/datasets/images/ancestree/ReWIND/1_fake/FOSID/FAKE/Gaza2/3ba1b578ca78da52c749d64621e9bdf8.jpeg,0.772531,1,1
/mnt/h200_dataset/saad/datasets/images/ancestree/ReWIND/1_fake/FOSID/FAKE/Gaza2/0fa9dcf50b2548aeede02e499b2507c7.jpeg,0.472668,0,1
/mnt/h200_dataset/saad/datasets/images/ancestree/ReWIND/1_fake/FOSID/FAKE/Gaza2/691cef3be157a52936d5447ddb4c4095.jpeg,0.615637,1,1
/mnt/h200_dataset/saad/datasets/images/ancestree/ReWIND/1_fake/FOSID/FAKE/Gaza2/c23d52914e5acbd777b3fd7699f89c63.jpeg,0.83508,1,1
/mnt/h200_dataset/saad/datasets/images/ancestree/ReWIND/1_fake/FOSID/FAKE/Gaza2/e7e7074afd119b3cabf095d3b3a5e158.jpeg,0.799286,1,1
/mnt/h200_dataset/saad/datasets/images/ancestree/ReWIND/1_fake/FOSID/FAKE/Gaza2/4c0d24aa728661783397739a1d88fd83.jpeg,0.555511,1,1
/mnt/h200_dataset/saad/datasets/images/ancestree/ReWIND/1_fake/FOSID/FAKE/Gaza2/1574ecf670f89457e63f2047c5cc9ad6.jpeg,0.677047,1,1
/mnt/h200_dataset/saad/datasets/images/ancestree/ReWIND/1_fake/FOSID/FAKE/Gaza2/1ff1f1c5150cc36d467b31dda512c152.jpeg,0.777975,1,1
/mnt/h200_dataset/saad/datasets/images/ancestree/ReWIND/1_fake/FOSID/FAKE/Gaza2/61772c707bf7e4b8a5f4c3fdc36f940f.jpeg,0.792625,1,1
/mnt/h200_dataset/saad/datasets/images/ancestree/ReWIND/1_fake/FOSID/FAKE/Gaza2/a3e6f852d18629d1c09c944477e8168b.jpeg,0.704872,1,1
/mnt/h200_dataset/saad/datasets/images/ancestree/ReWIND/1_fake/FOSID/FAKE/Gaza2/82d9c298650bfd0cfa86b64d355da993.jpeg,0.656053,1,1
/mnt/h200_dataset/saad/datasets/images/ancestree/ReWIND/1_fake/FOSID/FAKE/Gaza2/8a40c5add3285ded3425f526a345f93a.jpeg,0.640917,1,1
/mnt/h200_dataset/saad/datasets/images/ancestree/ReWIND/1_fake/FOSID/FAKE/Gaza2/046e820e993aa20792c88eb0678bc9cb.jpeg,0.671093,1,1
/mnt/h200_dataset/saad/datasets/images/ancestree/ReWIND/1_fake/FOSID/FAKE/Gaza2/db3e8915300aab562fef95b9b6cb1b0b.jpeg,0.78316,1,1
/mnt/h200_dataset/saad/datasets/images/ancestree/ReWIND/1_fake/FOSID/FAKE/Gaza2/5638d61ecdff81f8b7447149ce3d7195.jpeg,0.723895,1,1
/mnt/h200_dataset/saad/datasets/images/ancestree/ReWIND/1_fake/FOSID/FAKE/Gaza2/6449c563092c4f67bc3705a7ac63605c.jpeg,0.562131,1,1
/mnt/h200_dataset/saad/datasets/images/ancestree/ReWIND/1_fake/FOSID/FAKE/Gaza2/61a7728d16fcad541f670ca7c15d8df7.jpeg,0.816991,1,1
/mnt/h200_dataset/saad/datasets/images/ancestree/ReWIND/1_fake/FOSID/FAKE/Gaza2/395367d4c47d71a18dee60a244167c1d.jpeg,0.758153,1,1
/mnt/h200_dataset/saad/datasets/images/ancestree/ReWIND/1_fake/FOSID/FAKE/Gaza2/b161b6b7255bdab97cb367a5d76e2e08.jpeg,0.813609,1,1
/mnt/h200_dataset/saad/datasets/images/ancestree/ReWIND/1_fake/FOSID/FAKE/Gaza2/7c2bd122b0cd77b99d5d78d7114da833.jpeg,0.655887,1,1
/mnt/h200_dataset/saad/datasets/images/ancestree/ReWIND/1_fake/FOSID/FAKE/Gaza2/25e87e9d885076f08ca9cd490841a83c.jpeg,0.684264,1,1
/mnt/h200_dataset/saad/datasets/images/ancestree/ReWIND/1_fake/FOSID/FAKE/Gaza2/44079939330b2639463f1fded1b5a03e.jpeg,0.731826,1,1
/mnt/h200_dataset/saad/datasets/images/ancestree/ReWIND/1_fake/FOSID/FAKE/Gaza2/f53d753a23d77bd2508289019c045710.jpeg,0.592814,1,1
/mnt/h200_dataset/saad/datasets/images/ancestree/ReWIND/1_fake/FOSID/FAKE/Gaza2/9e32683905a1ceb172dfc2ec6d261bd4.jpeg,0.77806,1,1
/mnt/h200_dataset/saad/datasets/images/ancestree/ReWIND/1_fake/FOSID/FAKE/Gaza2/0293779a4ce70c89676da8dc1e66735b.jpeg,0.747432,1,1
/mnt/h200_dataset/saad/datasets/images/ancestree/ReWIND/1_fake/FOSID/FAKE/Gaza2/9abe4e9262888538bfcc639f7587d9d1.jpeg,0.740737,1,1
/mnt/h200_dataset/saad/datasets/images/ancestree/ReWIND/1_fake/FOSID/FAKE/Gaza2/5cbd022fcd30cd65f135b1a4031f1f2d.jpeg,0.858541,1,1
/mnt/h200_dataset/saad/datasets/images/ancestree/ReWIND/1_fake/FOSID/FAKE/Gaza2/f5cd7e55a7f6172717a1dbb73593316c.jpeg,0.777469,1,1
/mnt/h200_dataset/saad/datasets/images/ancestree/ReWIND/1_fake/FOSID/FAKE/Gaza2/77573e3d1609d584a53cfbae9cb628dc.jpeg,0.765155,1,1
/mnt/h200_dataset/saad/datasets/images/ancestree/ReWIND/1_fake/FOSID/FAKE/Gaza2/c9603b81d67546796145043e3480c9fd.jpeg,0.828106,1,1
/mnt/h200_dataset/saad/datasets/images/ancestree/ReWIND/1_fake/FOSID/FAKE/Gaza2/b140bbac1a10d482021cbe2878635dab.jpeg,0.570152,1,1
/mnt/h200_dataset/saad/datasets/images/ancestree/ReWIND/1_fake/FOSID/FAKE/Gaza2/7a7c4931f31284b97e2eb5b027e066ab.jpeg,0.620104,1,1
/mnt/h200_dataset/saad/datasets/images/ancestree/ReWIND/1_fake/FOSID/FAKE/Gaza2/f8386b4d07d02bc347b77be9cfaa707c.jpeg,0.814791,1,1
/mnt/h200_dataset/saad/datasets/images/ancestree/ReWIND/1_fake/FOSID/FAKE/Gaza2/4ec122e76bd2b0d02548014448140825.jpeg,0.593433,1,1
/mnt/h200_dataset/saad/datasets/images/ancestree/ReWIND/1_fake/FOSID/FAKE/Gaza2/51e7f730e69f88cc5257bff07a5c7434.jpeg,0.744656,1,1
/mnt/h200_dataset/saad/datasets/images/ancestree/ReWIND/1_fake/FOSID/FAKE/Gaza2/7b7b241abc3653e23ffbe3e7cd55a0c2.jpeg,0.689724,1,1
/mnt/h200_dataset/saad/datasets/images/ancestree/ReWIND/1_fake/FOSID/FAKE/Gaza2/08fde2f8677d077d0db862cbd2c79da7.jpeg,0.773216,1,1
/mnt/h200_dataset/saad/datasets/images/ancestree/ReWIND/1_fake/FOSID/FAKE/Gaza2/319f50155c7bfb2eb859fd5d18de6740.jpeg,0.810479,1,1
/mnt/h200_dataset/saad/datasets/images/ancestree/ReWIND/1_fake/FOSID/FAKE/Gaza2/bf8881cc27271299f21b8252e9eea2b1.jpeg,0.355663,0,1
/mnt/h200_dataset/saad/datasets/images/ancestree/ReWIND/1_fake/FOSID/FAKE/Gaza2/1ec0603275f64999a857e0dc1e5030bf.jpeg,0.75183,1,1
/mnt/h200_dataset/saad/datasets/images/ancestree/ReWIND/1_fake/FOSID/FAKE/Gaza2/55605b1d5d1004ddbaf92f3d89ba13ae.jpeg,0.535827,1,1
/mnt/h200_dataset/saad/datasets/images/ancestree/ReWIND/1_fake/FOSID/FAKE/Gaza2/8c5df6f92cad25ade2b6317ca770bd31.jpeg,0.691393,1,1
/mnt/h200_dataset/saad/datasets/images/ancestree/ReWIND/1_fake/FOSID/FAKE/Gaza2/b6a6a3fc88f04b1aa3dc13580f58d706.jpeg,0.626696,1,1
/mnt/h200_dataset/saad/datasets/images/ancestree/ReWIND/1_fake/FOSID/FAKE/Gaza2/fea77f5d5dd3d5819d91ce07345ea9d5.jpeg,0.104295,0,1
/mnt/h200_dataset/saad/datasets/images/ancestree/ReWIND/1_fake/FOSID/FAKE/Gaza2/686e7a7f5d037e1091c1ef90649a69c2.jpeg,0.461047,0,1
/mnt/h200_dataset/saad/datasets/images/ancestree/ReWIND/1_fake/FOSID/FAKE/Gaza2/36e656c1a574a45bf576f229455771f8.jpeg,0.813238,1,1
/mnt/h200_dataset/saad/datasets/images/ancestree/ReWIND/1_fake/FOSID/FAKE/Gaza2/8d7d87149a7fdfcb026114a3d3ee8f8b.jpeg,0.794225,1,1
/mnt/h200_dataset/saad/datasets/images/ancestree/ReWIND/1_fake/FOSID/FAKE/Gaza2/d753ff50ddac5e2e7848d3e83873cf00.jpeg,0.578627,1,1
/mnt/h200_dataset/saad/datasets/images/ancestree/ReWIND/1_fake/FOSID/FAKE/Gaza2/ba03bceef9a4b49e13d520ebc7fc44e2.jpeg,0.737631,1,1
/mnt/h200_dataset/saad/datasets/images/ancestree/ReWIND/1_fake/FOSID/FAKE/Gaza2/cd1fd6521a5c7fd9bd07dfece95a3151.jpeg,0.629604,1,1
/mnt/h200_dataset/saad/datasets/images/ancestree/ReWIND/1_fake/FOSID/FAKE/Gaza2/4d8f806befb2798c3f4f319575bb0a2e.jpeg,0.654508,1,1
/mnt/h200_dataset/saad/datasets/images/ancestree/ReWIND/1_fake/FOSID/FAKE/Gaza2/ef5fe141fb314889067943bd1cab6c4a.jpeg,0.755276,1,1
/mnt/h200_dataset/saad/datasets/images/ancestree/ReWIND/1_fake/FOSID/FAKE/Gaza2/0bfe620daf4d01b71146a9b611d46677.jpeg,0.427815,0,1
/mnt/h200_dataset/saad/datasets/images/ancestree/ReWIND/1_fake/FOSID/FAKE/Gaza2/f9283ff7a945dba8bbabff35955d501e.jpeg,0.810179,1,1
/mnt/h200_dataset/saad/datasets/images/ancestree/ReWIND/1_fake/FOSID/FAKE/Gaza2/c0f43f7522d96cf11ce480484bffa90f.jpeg,0.815673,1,1
/mnt/h200_dataset/saad/datasets/images/ancestree/ReWIND/1_fake/FOSID/FAKE/Gaza2/02b30b82e1b5e7a0ce905503ee689ee0.jpeg,0.415343,0,1
/mnt/h200_dataset/saad/datasets/images/ancestree/ReWIND/1_fake/FOSID/FAKE/Gaza2/97f47f11c035a398462802c517bf967a.jpeg,0.579995,1,1
/mnt/h200_dataset/saad/datasets/images/ancestree/ReWIND/1_fake/FOSID/FAKE/Gaza2/a9e3d514de007f5e051039d2004d2b6c.jpeg,0.384508,0,1
/mnt/h200_dataset/saad/datasets/images/ancestree/ReWIND/1_fake/FOSID/FAKE/Gaza2/939084d371f839d32dd00ad6bbfae3a4.jpeg,0.670285,1,1
/mnt/h200_dataset/saad/datasets/images/ancestree/ReWIND/1_fake/FOSID/FAKE/Gaza2/7a8d512b2bd832537554447c9936c941.jpeg,0.446404,0,1
/mnt/h200_dataset/saad/datasets/images/ancestree/ReWIND/1_fake/FOSID/FAKE/Gaza2/78c864b1c9011a304ae84afceb23e095.jpeg,0.810929,1,1
/mnt/h200_dataset/saad/datasets/images/ancestree/ReWIND/1_fake/FOSID/FAKE/Gaza2/83fea697c26f565c2b31c4c919f12ea3.jpeg,0.710327,1,1
/mnt/h200_dataset/saad/datasets/images/ancestree/ReWIND/1_fake/FOSID/FAKE/Gaza2/dc8690f0f8bde349bb7279c0250f219e.jpeg,0.512311,1,1
/mnt/h200_dataset/saad/datasets/images/ancestree/ReWIND/1_fake/FOSID/FAKE/Gaza2/08497da9f35905ac07e00c28765c2ac4.jpeg,0.76856,1,1
/mnt/h200_dataset/saad/datasets/images/ancestree/ReWIND/1_fake/FOSID/FAKE/Gaza2/3b74a534a344afab65b9b361c1ca71eb.jpeg,0.76908,1,1
/mnt/h200_dataset/saad/datasets/images/ancestree/ReWIND/1_fake/FOSID/FAKE/Gaza2/7c5ee4bdffee62b39719dac359643750.jpeg,0.802013,1,1
/mnt/h200_dataset/saad/datasets/images/ancestree/ReWIND/1_fake/FOSID/FAKE/Gaza2/d07364a3924bfaf24074b1f0b75bc75d.jpeg,0.72691,1,1
/mnt/h200_dataset/saad/datasets/images/ancestree/ReWIND/1_fake/FOSID/FAKE/Gaza2/4a2f3e49559980b0d2bab6922421d717.jpeg,0.144994,0,1
/mnt/h200_dataset/saad/datasets/images/ancestree/ReWIND/1_fake/FOSID/FAKE/Gaza2/5426bd278fc3f9e43124bec5f0ec3d98.jpeg,0.781914,1,1
/mnt/h200_dataset/saad/datasets/images/ancestree/ReWIND/1_fake/FOSID/FAKE/Gaza2/87fb9b68f0d9445880d983ea384fc35b.jpeg,0.60212,1,1
/mnt/h200_dataset/saad/datasets/images/ancestree/ReWIND/1_fake/FOSID/FAKE/Gaza2/f107c6564bd596b029de20a459f7562b.jpeg,0.799599,1,1
/mnt/h200_dataset/saad/datasets/images/ancestree/ReWIND/1_fake/FOSID/FAKE/Gaza2/7121859d6924b244ff7911786629f4b2.jpeg,0.474943,0,1
/mnt/h200_dataset/saad/datasets/images/ancestree/ReWIND/1_fake/FOSID/FAKE/Gaza2/dcfe0eaef66a0febc447246325d8f83b.jpeg,0.744842,1,1
/mnt/h200_dataset/saad/datasets/images/ancestree/ReWIND/1_fake/FOSID/FAKE/Gaza2/95b7979b694af740ad4c65c03e529a72.jpeg,0.677901,1,1
/mnt/h200_dataset/saad/datasets/images/ancestree/ReWIND/1_fake/FOSID/FAKE/Gaza2/aaedd862bf16c374a7eab486f66abc80.jpeg,0.714728,1,1
/mnt/h200_dataset/saad/datasets/images/ancestree/ReWIND/1_fake/FOSID/FAKE/Gaza2/86c75505212aac5a936d395c2663761a.jpeg,0.680135,1,1
/mnt/h200_dataset/saad/datasets/images/ancestree/ReWIND/1_fake/FOSID/FAKE/Gaza2/e36411b680a472fce572d4263e516d93.jpeg,0.798029,1,1
/mnt/h200_dataset/saad/datasets/images/ancestree/ReWIND/1_fake/FOSID/FAKE/Gaza2/67807001cc72b0f67889c6655bdc5f1b.jpeg,0.195671,0,1
/mnt/h200_dataset/saad/datasets/images/ancestree/ReWIND/1_fake/FOSID/FAKE/Gaza2/ed71c1024af106393e5dcf8062d6b6f7.jpeg,0.643217,1,1
/mnt/h200_dataset/saad/datasets/images/ancestree/ReWIND/1_fake/FOSID/FAKE/Gaza2/527ff9f802b97a30213e3430719de178.jpeg,0.656548,1,1
/mnt/h200_dataset/saad/datasets/images/ancestree/ReWIND/1_fake/FOSID/FAKE/Gaza2/2ed66024e6c7ad89ac2ea44585765250.jpeg,0.433951,0,1
/mnt/h200_dataset/saad/datasets/images/ancestree/ReWIND/1_fake/FOSID/FAKE/Gaza2/fd21a28c95969dbc7da6adf328ee9068.jpeg,0.405213,0,1
/mnt/h200_dataset/saad/datasets/images/ancestree/ReWIND/1_fake/FOSID/FAKE/Gaza2/b9f37e1144aa540d8526e3327a096179.jpeg,0.81538,1,1
/mnt/h200_dataset/saad/datasets/images/ancestree/ReWIND/1_fake/FOSID/FAKE/Gaza2/0c86c5cd96464de0f5629f219dafe7ba.jpeg,0.243732,0,1
/mnt/h200_dataset/saad/datasets/images/ancestree/ReWIND/1_fake/FOSID/FAKE/Gaza2/b3420cf5bd82868550bc4ed5a83d2117.jpeg,0.819171,1,1
/mnt/h200_dataset/saad/datasets/images/ancestree/ReWIND/1_fake/FOSID/FAKE/Gaza2/9891d2d20bb72764c3b4f47136496bd7.jpeg,0.746324,1,1
/mnt/h200_dataset/saad/datasets/images/ancestree/ReWIND/1_fake/FOSID/FAKE/Gaza2/e55f5eef2cea2b0dfdb75bec9e63dcac.jpeg,0.845433,1,1
/mnt/h200_dataset/saad/datasets/images/ancestree/ReWIND/1_fake/FOSID/FAKE/Gaza2/2486705a4b553cad85c9b080b9379c6b.jpeg,0.794305,1,1
/mnt/h200_dataset/saad/datasets/images/ancestree/ReWIND/1_fake/FOSID/FAKE/Gaza2/6e46c32a1e4bb90af8cbc2df6003705c.jpeg,0.713631,1,1
/mnt/h200_dataset/saad/datasets/images/ancestree/ReWIND/1_fake/FOSID/FAKE/Gaza2/221c7db5de7f02b43a304c96f33cabaf.jpeg,0.674158,1,1
/mnt/h200_dataset/saad/datasets/images/ancestree/ReWIND/1_fake/FOSID/FAKE/Gaza2/33f0cd53270a7df8382c0b0ad9b1d52e.jpeg,0.774583,1,1
/mnt/h200_dataset/saad/datasets/images/ancestree/ReWIND/1_fake/FOSID/FAKE/Gaza2/c8cb1dbc537ce292d4f0a36a99b0f5f5.jpeg,0.822546,1,1
/mnt/h200_dataset/saad/datasets/images/ancestree/ReWIND/1_fake/FOSID/FAKE/Gaza2/c1e2b75d1e1f46075d520641036e8350.jpeg,0.808823,1,1
/mnt/h200_dataset/saad/datasets/images/ancestree/ReWIND/1_fake/FOSID/FAKE/Gaza2/c4557778bbd2fbc1115db076db6624f1.jpeg,0.818011,1,1
/mnt/h200_dataset/saad/datasets/images/ancestree/ReWIND/1_fake/FOSID/FAKE/Gaza2/75d922aef9b6a20fb441af6bb0ba4d4d.jpeg,0.620104,1,1
/mnt/h200_dataset/saad/datasets/images/ancestree/ReWIND/1_fake/FOSID/FAKE/Gaza2/48588bf5e24555d32a7de61bb8fda58d.jpeg,0.816553,1,1
/mnt/h200_dataset/saad/datasets/images/ancestree/ReWIND/1_fake/FOSID/FAKE/Gaza2/82549b0876efbaeff6768852d128ddf5.jpeg,0.800692,1,1
/mnt/h200_dataset/saad/datasets/images/ancestree/ReWIND/1_fake/FOSID/FAKE/Gaza2/292bba805e296e353319a6b8cbf51e55.jpeg,0.706596,1,1
/mnt/h200_dataset/saad/datasets/images/ancestree/ReWIND/1_fake/FOSID/FAKE/Gaza2/86833aa0f827ba7fa987139a9f2aaad8.jpeg,0.719482,1,1
/mnt/h200_dataset/saad/datasets/images/ancestree/ReWIND/1_fake/FOSID/FAKE/Gaza2/d3f3df68753d2f1e0d11c53caf354818.jpeg,0.717309,1,1
/mnt/h200_dataset/saad/datasets/images/ancestree/ReWIND/1_fake/FOSID/FAKE/Gaza2/a0c4a30787af57f6d08ac15d84888a3b.jpeg,0.779658,1,1
/mnt/h200_dataset/saad/datasets/images/ancestree/ReWIND/1_fake/FOSID/FAKE/Gaza2/6092d21da23db9f0b1f9af5d02d7aeee.jpeg,0.738292,1,1
/mnt/h200_dataset/saad/datasets/images/ancestree/ReWIND/1_fake/FOSID/FAKE/Gaza2/ae64380786786fc88cf57a1fe76a97a8.jpeg,0.772616,1,1
/mnt/h200_dataset/saad/datasets/images/ancestree/ReWIND/1_fake/FOSID/FAKE/Gaza2/9af5ce0e73b0e7990434e23d2b329b45.jpeg,0.767516,1,1
/mnt/h200_dataset/saad/datasets/images/ancestree/ReWIND/1_fake/FOSID/FAKE/Gaza2/60ac5155b803cff5741de3042cebee46.jpeg,0.817137,1,1
/mnt/h200_dataset/saad/datasets/images/ancestree/ReWIND/1_fake/FOSID/FAKE/Gaza2/31fb1596621c41bc35e0c67a2c5dc1a4.jpeg,0.745213,1,1
/mnt/h200_dataset/saad/datasets/images/ancestree/ReWIND/1_fake/FOSID/FAKE/Gaza2/47a4ade9f282f0b6040891765ee89ffb.jpeg,0.664867,1,1
/mnt/h200_dataset/saad/datasets/images/ancestree/ReWIND/1_fake/FOSID/FAKE/Gaza2/6906bcf2fac1762288c01a5496d942bf.jpeg,0.222531,0,1
/mnt/h200_dataset/saad/datasets/images/ancestree/ReWIND/1_fake/FOSID/FAKE/Gaza2/5015f3cffef3494754148c36bf2c4997.jpeg,0.530495,1,1
/mnt/h200_dataset/saad/datasets/images/ancestree/ReWIND/1_fake/FOSID/FAKE/Gaza2/6463ba597bf6cbf12ddcb3b0a464cccf.jpeg,0.859487,1,1
/mnt/h200_dataset/saad/datasets/images/ancestree/ReWIND/1_fake/FOSID/FAKE/Gaza2/4e40daf700c89b8393b70d2dbdbf4278.jpeg,0.520161,1,1
/mnt/h200_dataset/saad/datasets/images/ancestree/ReWIND/1_fake/FOSID/FAKE/Gaza2/2ca9811166d035841af1151642911a34.jpeg,0.766992,1,1
/mnt/h200_dataset/saad/datasets/images/ancestree/ReWIND/1_fake/FOSID/FAKE/Gaza2/5defd0b7c270733852f8682d5d950f81.jpeg,0.223971,0,1
/mnt/h200_dataset/saad/datasets/images/ancestree/ReWIND/1_fake/FOSID/FAKE/Gaza2/31155f31b3789c8ef82aa75fcac02f22.jpeg,0.787114,1,1
/mnt/h200_dataset/saad/datasets/images/ancestree/ReWIND/1_fake/FOSID/FAKE/Gaza2/7a055908230f0f18c07925a26cf220b4.jpeg,0.627152,1,1
/mnt/h200_dataset/saad/datasets/images/ancestree/ReWIND/1_fake/FOSID/FAKE/Gaza2/ca446bc31c7216f72bde518088ade7ff.jpeg,0.629148,1,1
/mnt/h200_dataset/saad/datasets/images/ancestree/ReWIND/1_fake/FOSID/FAKE/Gaza2/f50d23470d584ced032e578904e5e303.jpeg,0.857112,1,1
/mnt/h200_dataset/saad/datasets/images/ancestree/ReWIND/1_fake/FOSID/FAKE/Gaza2/769b6ba6925126cf5962204881ac67cb.jpeg,0.700485,1,1
/mnt/h200_dataset/saad/datasets/images/ancestree/ReWIND/1_fake/FOSID/FAKE/Gaza2/9f680e908f0deadff6668608c8b07534.jpeg,0.663451,1,1
/mnt/h200_dataset/saad/datasets/images/ancestree/ReWIND/1_fake/FOSID/FAKE/Gaza2/e9f1311d83d0fddd1da88eda4c049e7d.jpeg,0.802942,1,1
/mnt/h200_dataset/saad/datasets/images/ancestree/ReWIND/1_fake/FOSID/FAKE/Gaza2/a03b84081a6a560344bdaf3f322fe6fa.jpeg,0.755637,1,1
/mnt/h200_dataset/saad/datasets/images/ancestree/ReWIND/1_fake/FOSID/FAKE/Gaza2/e3b39f002b6ceb5e0caaed6a9edc4bfc.jpeg,0.338733,0,1
/mnt/h200_dataset/saad/datasets/images/ancestree/ReWIND/1_fake/FOSID/FAKE/Gaza2/025507264f68e5e320b20b1af2ec1a3c.jpeg,0.690037,1,1
/mnt/h200_dataset/saad/datasets/images/ancestree/ReWIND/1_fake/FOSID/FAKE/Gaza2/e2a28a79a8c0da1996b97207fe62d674.jpeg,0.652574,1,1
/mnt/h200_dataset/saad/datasets/images/ancestree/ReWIND/1_fake/FOSID/FAKE/Gaza2/4d2b2d4859330b100e5f51c0df590921.jpeg,0.528685,1,1
/mnt/h200_dataset/saad/datasets/images/ancestree/ReWIND/1_fake/FOSID/FAKE/Gaza2/053724706eb006d354bf509123c27ed2.jpeg,0.72754,1,1
/mnt/h200_dataset/saad/datasets/images/ancestree/ReWIND/1_fake/FOSID/FAKE/Gaza2/0fbe71ee99a6850e9e2f9d05465f9bf3.jpeg,0.649912,1,1
/mnt/h200_dataset/saad/datasets/images/ancestree/ReWIND/1_fake/FOSID/FAKE/Gaza2/113388c571cf1fa414411e66dc9985f3.jpeg,0.260389,0,1
/mnt/h200_dataset/saad/datasets/images/ancestree/ReWIND/1_fake/FOSID/FAKE/Gaza2/7001bfca1e4bbf24225c0b7659d0c183.jpeg,0.742608,1,1
/mnt/h200_dataset/saad/datasets/images/ancestree/ReWIND/1_fake/FOSID/FAKE/Gaza2/e44407cc7e9ccca69ba99be5ee0ad20b.jpeg,0.650134,1,1
/mnt/h200_dataset/saad/datasets/images/ancestree/ReWIND/1_fake/FOSID/FAKE/Gaza2/cf1bb6b177f8f53ea69e012bc7f36fbd.jpeg,0.702173,1,1
/mnt/h200_dataset/saad/datasets/images/ancestree/ReWIND/1_fake/FOSID/FAKE/Gaza2/bb701b89cb6ffb188bfcd83d1921f274.jpeg,0.848784,1,1
/mnt/h200_dataset/saad/datasets/images/ancestree/ReWIND/1_fake/FOSID/FAKE/Gaza2/1fcabe95197b587d8eda7f6fc10c0bed.jpeg,0.712932,1,1
/mnt/h200_dataset/saad/datasets/images/ancestree/ReWIND/1_fake/FOSID/FAKE/Gaza2/82de26ed84e9cb272545cdb1086f180f.jpeg,0.753648,1,1
/mnt/h200_dataset/saad/datasets/images/ancestree/ReWIND/1_fake/FOSID/FAKE/Gaza2/11d4c18361169c3e77efdc27d9dcd9a9.jpeg,0.670231,1,1
/mnt/h200_dataset/saad/datasets/images/ancestree/ReWIND/1_fake/FOSID/FAKE/Gaza2/42eb12020b7e1e5931587cab47fc474f.jpeg,0.667419,1,1
/mnt/h200_dataset/saad/datasets/images/ancestree/ReWIND/1_fake/FOSID/FAKE/Gaza2/3e59a7c6be60610f5461a917703a6c01.jpeg,0.703142,1,1
/mnt/h200_dataset/saad/datasets/images/ancestree/ReWIND/1_fake/FOSID/FAKE/Gaza2/f97677b5aec8169b44d473adf5ebd8f8.jpeg,0.781664,1,1
/mnt/h200_dataset/saad/datasets/images/ancestree/ReWIND/1_fake/FOSID/FAKE/Gaza2/c9dc37d31f94191177b64d7a8d742f9e.jpeg,0.191328,0,1
/mnt/h200_dataset/saad/datasets/images/ancestree/ReWIND/1_fake/FOSID/FAKE/Gaza2/f4dc307ef7739bc2ec5b26a399072d03.jpeg,0.734501,1,1
/mnt/h200_dataset/saad/datasets/images/ancestree/ReWIND/1_fake/FOSID/FAKE/Gaza2/d6115abf2d174bd1d9efb4cfefc9f067.jpeg,0.544726,1,1
/mnt/h200_dataset/saad/datasets/images/ancestree/ReWIND/1_fake/FOSID/FAKE/Gaza2/a94c53238ee0bd45d8da36c20e2008e3.jpeg,0.641535,1,1
/mnt/h200_dataset/saad/datasets/images/ancestree/ReWIND/1_fake/FOSID/FAKE/Gaza2/2b9a2c3a6c77a5a57849566ec6d03ba1.jpeg,0.742235,1,1
/mnt/h200_dataset/saad/datasets/images/ancestree/ReWIND/1_fake/FOSID/FAKE/Gaza2/41d781735b03e4238b3b742e63e67071.jpeg,0.821474,1,1
/mnt/h200_dataset/saad/datasets/images/ancestree/ReWIND/1_fake/FOSID/FAKE/Gaza2/c2ca79a5f972c5717142c1372cdf0f4a.jpeg,0.586168,1,1
/mnt/h200_dataset/saad/datasets/images/ancestree/ReWIND/1_fake/FOSID/FAKE/Gaza2/7829f6aeb2f66db6cd49410a8876ca77.jpeg,0.609117,1,1
/mnt/h200_dataset/saad/datasets/images/ancestree/ReWIND/1_fake/FOSID/FAKE/Gaza2/2ce9e488d99d544ea3b75d1562c38aba.jpeg,0.797872,1,1
/mnt/h200_dataset/saad/datasets/images/ancestree/ReWIND/1_fake/FOSID/FAKE/Gaza2/c29766aeab8d05e01b8c0cb77fcaf24b.jpeg,0.72086,1,1
/mnt/h200_dataset/saad/datasets/images/ancestree/ReWIND/1_fake/FOSID/FAKE/Gaza2/ffe3e83ae64c3124a6da35b634f38bb0.jpeg,0.494025,0,1
/mnt/h200_dataset/saad/datasets/images/ancestree/ReWIND/1_fake/FOSID/FAKE/Gaza2/aaa247d6f17885981a7eefe80e5c0a78.jpeg,0.257765,0,1
/mnt/h200_dataset/saad/datasets/images/ancestree/ReWIND/1_fake/FOSID/FAKE/Gaza2/fda8f249b75aba79f3ce2cdd275eb537.jpeg,0.651022,1,1
/mnt/h200_dataset/saad/datasets/images/ancestree/ReWIND/1_fake/FOSID/FAKE/Gaza2/2708142a54a8659dfe99f41f39af71f9.jpeg,0.582461,1,1
/mnt/h200_dataset/saad/datasets/images/ancestree/ReWIND/1_fake/FOSID/FAKE/Gaza2/a8f1732756a14eabf3c847e007459a11.jpeg,0.343452,0,1
/mnt/h200_dataset/saad/datasets/images/ancestree/ReWIND/1_fake/FOSID/FAKE/Gaza2/24855089c1974d0e21adeb5c9ffa6030.jpeg,0.661814,1,1
/mnt/h200_dataset/saad/datasets/images/ancestree/ReWIND/1_fake/FOSID/FAKE/Gaza2/382e2b2d689df80ef45ed6d67fc686d4.jpeg,0.832032,1,1
/mnt/h200_dataset/saad/datasets/images/ancestree/ReWIND/1_fake/FOSID/FAKE/Gaza2/6c0a26f9ffb39dff70a95c9398368f79.jpeg,0.289271,0,1
/mnt/h200_dataset/saad/datasets/images/ancestree/ReWIND/1_fake/FOSID/FAKE/Gaza2/533e4907bada52858d6773ebc4f6f0b3.jpeg,0.716119,1,1
/mnt/h200_dataset/saad/datasets/images/ancestree/ReWIND/1_fake/FOSID/FAKE/Gaza2/60075acad70d55bd8ef43f571b15ced8.jpeg,0.781664,1,1
/mnt/h200_dataset/saad/datasets/images/ancestree/ReWIND/1_fake/FOSID/FAKE/Gaza2/4f059fcba80995a89f4695a47187c0f6.jpeg,0.738103,1,1
/mnt/h200_dataset/saad/datasets/images/ancestree/ReWIND/1_fake/FOSID/FAKE/Gaza2/3c3f1d277832738ee54249f3d9a448e4.jpeg,0.661977,1,1
/mnt/h200_dataset/saad/datasets/images/ancestree/ReWIND/1_fake/FOSID/FAKE/Gaza2/3442a9580ad9fa23ff9874e2e3b8d809.jpeg,0.743354,1,1
/mnt/h200_dataset/saad/datasets/images/ancestree/ReWIND/1_fake/FOSID/FAKE/Gaza2/92623508f97a8bc99222d75da0276939.jpeg,0.787768,1,1
/mnt/h200_dataset/saad/datasets/images/ancestree/ReWIND/1_fake/FOSID/FAKE/Gaza2/defe8fcf32fb9394ce033e2eae037b7a.jpeg,0.593433,1,1
/mnt/h200_dataset/saad/datasets/images/ancestree/ReWIND/1_fake/FOSID/FAKE/Gaza2/2c9dd0c85b18cd1b1524baa3354fc032.jpeg,0.235636,0,1
/mnt/h200_dataset/saad/datasets/images/ancestree/ReWIND/1_fake/FOSID/FAKE/Gaza2/7f661bdd72b0c0f75a8bcf52e923a331.jpeg,0.692642,1,1
/mnt/h200_dataset/saad/datasets/images/ancestree/ReWIND/1_fake/FOSID/FAKE/Gaza2/6859d17bcb5df508a2434a52d9fb2f80.jpeg,0.6973,1,1
/mnt/h200_dataset/saad/datasets/images/ancestree/ReWIND/1_fake/FOSID/FAKE/Gaza2/66224c2c4aa63031a4d8cb69a1e1bf41.jpeg,0.666822,1,1
/mnt/h200_dataset/saad/datasets/images/ancestree/ReWIND/1_fake/FOSID/FAKE/Gaza2/20b603b892a65ddcf965a6a7eb0afe6e.jpeg,0.623549,1,1
/mnt/h200_dataset/saad/datasets/images/ancestree/ReWIND/1_fake/FOSID/FAKE/Gaza2/f1de6d4e3425790e6654f1c0287bf922.jpeg,0.63114,1,1
/mnt/h200_dataset/saad/datasets/images/ancestree/ReWIND/1_fake/FOSID/FAKE/Gaza2/8cb2082fab3a72e017ca17f806f9d81a.jpeg,0.635731,1,1
/mnt/h200_dataset/saad/datasets/images/ancestree/ReWIND/1_fake/FOSID/FAKE/Gaza2/f5785c623c75227bacc610bae62f1995.jpeg,0.705937,1,1
/mnt/h200_dataset/saad/datasets/images/ancestree/ReWIND/1_fake/FOSID/FAKE/Gaza2/f49884d46560a8219797c31b9235e6b4.jpeg,0.827131,1,1
/mnt/h200_dataset/saad/datasets/images/ancestree/ReWIND/1_fake/FOSID/FAKE/Gaza2/bddf9fd14d8d2fa4d1d7678d3f382c3b.jpeg,0.564819,1,1
/mnt/h200_dataset/saad/datasets/images/ancestree/ReWIND/1_fake/FOSID/FAKE/Gaza2/bedc3659b0f18f0a059632b95e7a106b.jpeg,0.662742,1,1
/mnt/h200_dataset/saad/datasets/images/ancestree/ReWIND/1_fake/FOSID/FAKE/Gaza2/0836e6b955697ce0a6470d1af5c75b5a.jpeg,0.146942,0,1
/mnt/h200_dataset/saad/datasets/images/ancestree/ReWIND/1_fake/FOSID/FAKE/Gaza2/cd0403c9aab1cc961af40131b8d66e6e.jpeg,0.771843,1,1
/mnt/h200_dataset/saad/datasets/images/ancestree/ReWIND/1_fake/FOSID/FAKE/Gaza2/8d05b6e7613d37528ec636214f74dec0.jpeg,0.835819,1,1
/mnt/h200_dataset/saad/datasets/images/ancestree/ReWIND/1_fake/FOSID/FAKE/Gaza2/6f433d9cde31dd7a226dbac98d3a7a07.jpeg,0.777131,1,1
/mnt/h200_dataset/saad/datasets/images/ancestree/ReWIND/1_fake/FOSID/FAKE/Gaza2/f7380790abce5f549690b990fd32ea40.jpeg,0.814643,1,1
/mnt/h200_dataset/saad/datasets/images/ancestree/ReWIND/1_fake/FOSID/FAKE/Gaza2/7b6e0f528b576cd8b2c2b7c2c516447b.jpeg,0.728459,1,1
/mnt/h200_dataset/saad/datasets/images/ancestree/ReWIND/1_fake/FOSID/FAKE/Gaza2/5fecb6ed11029f1291b185e256cffcb8.jpeg,0.474882,0,1
/mnt/h200_dataset/saad/datasets/images/ancestree/ReWIND/1_fake/FOSID/FAKE/Gaza2/328e7d28774cb97509d06c16f8f7faf9.jpeg,0.228931,0,1
/mnt/h200_dataset/saad/datasets/images/ancestree/ReWIND/1_fake/FOSID/FAKE/Gaza2/0d7822376fcc28e663fee72457a88b33.jpeg,0.393764,0,1
/mnt/h200_dataset/saad/datasets/images/ancestree/ReWIND/1_fake/FOSID/FAKE/Gaza2/2a24758be607895a6c273503f5978757.jpeg,0.696165,1,1
/mnt/h200_dataset/saad/datasets/images/ancestree/ReWIND/1_fake/FOSID/FAKE/Gaza2/74f1a150ca4e5c8d740f52b5ee454384.jpeg,0.820901,1,1
/mnt/h200_dataset/saad/datasets/images/ancestree/ReWIND/1_fake/FOSID/FAKE/Gaza2/b4b0bc268586db7eb22a4834a17658c4.jpeg,0.80502,1,1
/mnt/h200_dataset/saad/datasets/images/ancestree/ReWIND/1_fake/FOSID/FAKE/Gaza2/7d6199a221f2f0b327925b2336abd23e.jpeg,0.703448,1,1
/mnt/h200_dataset/saad/datasets/images/ancestree/ReWIND/1_fake/FOSID/FAKE/Gaza2/91963d1f5d44df7853a8c6377ed0027a.jpeg,0.774328,1,1
/mnt/h200_dataset/saad/datasets/images/ancestree/ReWIND/1_fake/FOSID/FAKE/Gaza2/cfa8178bce699470e5de3adf0137f8da.jpeg,0.638666,1,1
/mnt/h200_dataset/saad/datasets/images/ancestree/ReWIND/1_fake/FOSID/FAKE/Gaza2/c5d10cb0294542475baeaf059d0a0320.jpeg,0.778818,1,1
/mnt/h200_dataset/saad/datasets/images/ancestree/ReWIND/1_fake/FOSID/FAKE/Gaza2/228075707cf70f8f1a4f25be9348beeb.jpeg,0.814717,1,1
/mnt/h200_dataset/saad/datasets/images/ancestree/ReWIND/1_fake/FOSID/FAKE/Gaza2/419d0e6573f02f05c119e227fe47b9ad.jpeg,0.652961,1,1
/mnt/h200_dataset/saad/datasets/images/ancestree/ReWIND/1_fake/FOSID/FAKE/Gaza2/b3d37c63f47e8dfbaf785f25cc4afd53.jpeg,0.748168,1,1
/mnt/h200_dataset/saad/datasets/images/ancestree/ReWIND/1_fake/FOSID/FAKE/Gaza2/5b3e9c4c128e61ee91d95366ecbeafe7.jpeg,0.748076,1,1
/mnt/h200_dataset/saad/datasets/images/ancestree/ReWIND/1_fake/FOSID/FAKE/Gaza2/abe2afd5e4277236c834a6b8de0259de.jpeg,0.439131,0,1
/mnt/h200_dataset/saad/datasets/images/ancestree/ReWIND/1_fake/FOSID/FAKE/Gaza2/fef5863b3891ad945d84467c82d205db.jpeg,0.44737,0,1
/mnt/h200_dataset/saad/datasets/images/ancestree/ReWIND/1_fake/FOSID/FAKE/Gaza2/8f1be70769149da63b3e66528ee15f05.jpeg,0.824603,1,1
/mnt/h200_dataset/saad/datasets/images/ancestree/ReWIND/1_fake/FOSID/FAKE/Gaza2/10b11234e89cc43ffa60c43cf3a7ac43.jpeg,0.635222,1,1
/mnt/h200_dataset/saad/datasets/images/ancestree/ReWIND/1_fake/FOSID/FAKE/Gaza2/88db7ebe84e660819a9dd2e03cb9cd3e.jpeg,0.745954,1,1
/mnt/h200_dataset/saad/datasets/images/ancestree/ReWIND/1_fake/FOSID/FAKE/Gaza2/a6f91f1c02bb0b56802b7452d0f0519d.jpeg,0.833663,1,1
/mnt/h200_dataset/saad/datasets/images/ancestree/ReWIND/1_fake/FOSID/FAKE/Gaza2/93f57bd972a64ce5f0ae24d2cd608702.jpeg,0.747063,1,1
/mnt/h200_dataset/saad/datasets/images/ancestree/ReWIND/1_fake/FOSID/FAKE/Gaza2/1ebbaab2cb42b601cfee648f6753c1b6.jpeg,0.578537,1,1
/mnt/h200_dataset/saad/datasets/images/ancestree/ReWIND/1_fake/FOSID/FAKE/Gaza2/3392f176d4474b339157294bc09f6457.jpeg,0.636861,1,1
/mnt/h200_dataset/saad/datasets/images/ancestree/ReWIND/1_fake/FOSID/FAKE/Gaza2/f9186eb95656a461e57155207d820480.jpeg,0.778481,1,1
/mnt/h200_dataset/saad/datasets/images/ancestree/ReWIND/1_fake/FOSID/FAKE/Gaza2/5e7c097cf464a19c316266d9274e1d91.jpeg,0.650856,1,1
/mnt/h200_dataset/saad/datasets/images/ancestree/ReWIND/1_fake/FOSID/FAKE/Gaza2/10f200cbde94c0e9dedce041bd9e8d49.jpeg,0.748628,1,1
/mnt/h200_dataset/saad/datasets/images/ancestree/ReWIND/1_fake/FOSID/FAKE/Gaza2/0cd6e92e476fe0cb5191ce6cbf696690.jpeg,0.715225,1,1
/mnt/h200_dataset/saad/datasets/images/ancestree/ReWIND/1_fake/FOSID/FAKE/Gaza2/3a2ea6f02c87ce3727098468b38792ce.jpeg,0.809276,1,1
/mnt/h200_dataset/saad/datasets/images/ancestree/ReWIND/1_fake/FOSID/FAKE/Gaza2/b2064d5622367b54e31fac14fae3aa04.jpeg,0.750918,1,1
/mnt/h200_dataset/saad/datasets/images/ancestree/ReWIND/1_fake/FOSID/FAKE/Gaza2/ca8035bc15bcf76d65b82e821de212b0.jpeg,0.701304,1,1
/mnt/h200_dataset/saad/datasets/images/ancestree/ReWIND/1_fake/FOSID/FAKE/Gaza2/e742bc2e57f385944fbd33d4990ab81b.jpeg,0.825308,1,1
/mnt/h200_dataset/saad/datasets/images/ancestree/ReWIND/1_fake/FOSID/FAKE/Gaza2/f050005ce385003767b253d21303c64d.jpeg,0.402216,0,1
/mnt/h200_dataset/saad/datasets/images/ancestree/ReWIND/1_fake/FOSID/FAKE/Gaza3/e283d2ba4fd954b226bb118fca286a34.jpeg,0.087798,0,1
/mnt/h200_dataset/saad/datasets/images/ancestree/ReWIND/1_fake/FOSID/FAKE/Gaza3/76dbceade02ed14b081a1b3ed6c0b996.jpeg,0.129954,0,1
/mnt/h200_dataset/saad/datasets/images/ancestree/ReWIND/1_fake/FOSID/FAKE/Gaza3/2ea6573fddc8fe95cde898c432816405.jpeg,0.085327,0,1
/mnt/h200_dataset/saad/datasets/images/ancestree/ReWIND/1_fake/FOSID/FAKE/Gaza3/74baacc4e03f1c8c685575453b9031c6.jpeg,0.724675,1,1
/mnt/h200_dataset/saad/datasets/images/ancestree/ReWIND/1_fake/FOSID/FAKE/Gaza3/f78d4cb3e87548c9b1814ca9ff1bc1e3.jpeg,0.09886,0,1
/mnt/h200_dataset/saad/datasets/images/ancestree/ReWIND/1_fake/FOSID/FAKE/Gaza3/1552257ebea6242b3277eb25c1be9d0c.jpeg,0.119511,0,1
/mnt/h200_dataset/saad/datasets/images/ancestree/ReWIND/1_fake/FOSID/FAKE/Gaza3/6708683f908d6b9fc00dfdaa8e4adb64.jpeg,0.087019,0,1
/mnt/h200_dataset/saad/datasets/images/ancestree/ReWIND/1_fake/FOSID/FAKE/Gaza3/1f2b10aabce7e36fd05b506441b9febb.jpeg,0.08548,0,1
/mnt/h200_dataset/saad/datasets/images/ancestree/ReWIND/1_fake/FOSID/FAKE/Gaza3/1eb621d45e297e1b6dac7f76c3e7b941.jpeg,0.092115,0,1
/mnt/h200_dataset/saad/datasets/images/ancestree/ReWIND/1_fake/FOSID/FAKE/Gaza3/6b3e50ce1320c25f3c2aaf57987f59e5.jpeg,0.085327,0,1
/mnt/h200_dataset/saad/datasets/images/ancestree/ReWIND/1_fake/FOSID/FAKE/Gaza3/e103b019e32db848467006a193d2686e.jpeg,0.085251,0,1
/mnt/h200_dataset/saad/datasets/images/ancestree/ReWIND/1_fake/FOSID/FAKE/Gaza3/b9706d744211deb669c2a374c38327c0.jpeg,0.140749,0,1
/mnt/h200_dataset/saad/datasets/images/ancestree/ReWIND/1_fake/FOSID/FAKE/Gaza3/1fa0fd3da9da976620645f3a6e6e7064.jpeg,0.118283,0,1
/mnt/h200_dataset/saad/datasets/images/ancestree/ReWIND/1_fake/FOSID/FAKE/Gaza3/d94b3fe500ab233ffdc93c4466b6f822.jpeg,0.674319,1,1
/mnt/h200_dataset/saad/datasets/images/ancestree/ReWIND/1_fake/FOSID/FAKE/Gaza3/5130bebab221af6cdbc90a183ccba6d2.jpeg,0.084871,0,1
/mnt/h200_dataset/saad/datasets/images/ancestree/ReWIND/1_fake/FOSID/FAKE/Gaza3/8dc2508a7b0ba0404e1aa1b10fd3a079.jpeg,0.207455,0,1
/mnt/h200_dataset/saad/datasets/images/ancestree/ReWIND/1_fake/FOSID/FAKE/Gaza3/4e25acf0a19c0f634915c8d530e9c408.jpeg,0.195748,0,1
/mnt/h200_dataset/saad/datasets/images/ancestree/ReWIND/1_fake/FOSID/FAKE/Gaza3/1af29c8d54dea220286072027ab27300.jpeg,0.166269,0,1
/mnt/h200_dataset/saad/datasets/images/ancestree/ReWIND/1_fake/FOSID/FAKE/Gaza3/94e0bed32b274c3ffdc45941804a41c3.jpeg,0.085939,0,1
/mnt/h200_dataset/saad/datasets/images/ancestree/ReWIND/1_fake/FOSID/FAKE/Gaza3/d4a3c6c8be4716ac69f8c1222ad3d207.jpeg,0.120491,0,1
/mnt/h200_dataset/saad/datasets/images/ancestree/ReWIND/1_fake/FOSID/FAKE/Gaza3/4f402d6dba7df1d06180612fe4d3fcf1.jpeg,0.100967,0,1
/mnt/h200_dataset/saad/datasets/images/ancestree/ReWIND/1_fake/FOSID/FAKE/Gaza3/e7ce5b9b4c9051337283d0998e1a9773.jpeg,0.090977,0,1
/mnt/h200_dataset/saad/datasets/images/ancestree/ReWIND/1_fake/FOSID/FAKE/Gaza3/51e04830b5fe87203090e38395d5c998.jpeg,0.748536,1,1
/mnt/h200_dataset/saad/datasets/images/ancestree/ReWIND/1_fake/FOSID/FAKE/Gaza3/1e3447c1838bf0eeefcc3abd1cd6d97d.jpeg,0.08548,0,1
/mnt/h200_dataset/saad/datasets/images/ancestree/ReWIND/1_fake/FOSID/FAKE/Gaza3/e1bfa352173d5fc8a848d533216b46b1.jpeg,0.099645,0,1
/mnt/h200_dataset/saad/datasets/images/ancestree/ReWIND/1_fake/FOSID/FAKE/Gaza3/9849ee4bcb30286095ed71613d5ae3f8.jpeg,0.495632,0,1
/mnt/h200_dataset/saad/datasets/images/ancestree/ReWIND/1_fake/FOSID/FAKE/Gaza3/ec165fb07a6dd1bb3ca24dba8d9ac08c.jpeg,0.686948,1,1
/mnt/h200_dataset/saad/datasets/images/ancestree/ReWIND/1_fake/FOSID/FAKE/Gaza3/2f99f87f8fe51023b98f81e4cf0aca8f.jpeg,0.09628,0,1
/mnt/h200_dataset/saad/datasets/images/ancestree/ReWIND/1_fake/FOSID/FAKE/Gaza3/4020cb8396ca166520b8a5bccb570244.jpeg,0.08882,0,1
/mnt/h200_dataset/saad/datasets/images/ancestree/ReWIND/1_fake/FOSID/FAKE/Gaza3/ca5d452e9debaec8ebf8b6ae1419c18d.jpeg,0.090173,0,1
/mnt/h200_dataset/saad/datasets/images/ancestree/ReWIND/1_fake/FOSID/FAKE/Gaza3/d5dabdacbaed73adf0681b5d6392b29a.jpeg,0.13707,0,1
/mnt/h200_dataset/saad/datasets/images/ancestree/ReWIND/1_fake/FOSID/FAKE/Gaza3/2e2a5a342bac5760f3f1b1afa1e999fa.jpeg,0.083367,0,1
/mnt/h200_dataset/saad/datasets/images/ancestree/ReWIND/1_fake/FOSID/FAKE/Gaza3/d0b92afed816e46ce94ca5b0fb320c1e.jpeg,0.136666,0,1
/mnt/h200_dataset/saad/datasets/images/ancestree/ReWIND/1_fake/FOSID/FAKE/Gaza3/0c2dd24be425af4d40503a297343c245.jpeg,0.088978,0,1
/mnt/h200_dataset/saad/datasets/images/ancestree/ReWIND/1_fake/FOSID/FAKE/Gaza3/2f05c6acbf7fb886fbccdeead1f2a891.jpeg,0.088899,0,1
/mnt/h200_dataset/saad/datasets/images/ancestree/ReWIND/1_fake/FOSID/FAKE/Gaza3/4cffb5ba8b814d8ec104f845f5c2fa2d.png,0.07088,0,1
/mnt/h200_dataset/saad/datasets/images/ancestree/ReWIND/1_fake/FOSID/FAKE/Gaza3/72c13e00e76d3c97fbdb23960bc93392.jpeg,0.127707,0,1
/mnt/h200_dataset/saad/datasets/images/ancestree/ReWIND/1_fake/FOSID/FAKE/Gaza3/b2780fd642cce47bcc2e6700d37988df.jpeg,0.844409,1,1
/mnt/h200_dataset/saad/datasets/images/ancestree/ReWIND/1_fake/FOSID/FAKE/Gaza3/c9d367fda5671b887e37906f3432cd55.jpeg,0.098512,0,1
/mnt/h200_dataset/saad/datasets/images/ancestree/ReWIND/1_fake/FOSID/FAKE/Gaza3/d85c11fe86060c580c2e13563b52cbae.jpeg,0.199698,0,1
/mnt/h200_dataset/saad/datasets/images/ancestree/ReWIND/1_fake/FOSID/FAKE/Gaza3/5a0b8c0f235a491366daff519c5c3576.jpeg,0.069226,0,1
/mnt/h200_dataset/saad/datasets/images/ancestree/ReWIND/1_fake/FOSID/FAKE/Gaza3/f0eb39952ca632e853e6a035b4a8d3da.jpeg,0.100967,0,1
/mnt/h200_dataset/saad/datasets/images/ancestree/ReWIND/1_fake/FOSID/FAKE/Gaza3/e0a913abeee2556cd59dc2894fab7f6e.jpeg,0.641254,1,1
/mnt/h200_dataset/saad/datasets/images/ancestree/ReWIND/1_fake/FOSID/FAKE/Gaza3/cc631e90e286a4d609e27b37b6730543.jpeg,0.081301,0,1
/mnt/h200_dataset/saad/datasets/images/ancestree/ReWIND/1_fake/FOSID/FAKE/Gaza3/827aa41ed3645dacbd35bacaf4a895ab.jpeg,0.106041,0,1
/mnt/h200_dataset/saad/datasets/images/ancestree/ReWIND/1_fake/FOSID/FAKE/Gaza3/865d1fb3d156bd0c79cda3cb6b38f3ea.jpeg,0.503827,1,1
/mnt/h200_dataset/saad/datasets/images/ancestree/ReWIND/1_fake/FOSID/FAKE/Gaza3/b6b7ce817417881967a3f8b403135ab3.jpeg,0.084947,0,1
/mnt/h200_dataset/saad/datasets/images/ancestree/ReWIND/1_fake/FOSID/FAKE/Gaza3/0dec75ce62aeeb1d7ab9ec6aa7b64a06.jpeg,0.618982,1,1
/mnt/h200_dataset/saad/datasets/images/ancestree/ReWIND/1_fake/FOSID/FAKE/Gaza3/d861f37c0bf086363af57c345a71992f.jpeg,0.582877,1,1
/mnt/h200_dataset/saad/datasets/images/ancestree/ReWIND/1_fake/FOSID/FAKE/Gaza3/1cbd7585297e908d5c9767c52eb2b9f6.jpeg,0.158695,0,1
/mnt/h200_dataset/saad/datasets/images/ancestree/ReWIND/1_fake/FOSID/FAKE/Gaza3/b4f939816971a7c1b324015e0ff49472.jpeg,0.088583,0,1
/mnt/h200_dataset/saad/datasets/images/ancestree/ReWIND/1_fake/FOSID/FAKE/Gaza3/ddaa93bb28254d9560acfa9ac3317633.jpeg,0.663342,1,1
/mnt/h200_dataset/saad/datasets/images/ancestree/ReWIND/1_fake/FOSID/FAKE/Gaza3/f31e4a3326b3268c4252d7719a8c6a49.jpeg,0.149345,0,1
/mnt/h200_dataset/saad/datasets/images/ancestree/ReWIND/1_fake/FOSID/FAKE/Gaza3/649fee2a6212af221e9f6e4b8b846b31.jpeg,0.100967,0,1
/mnt/h200_dataset/saad/datasets/images/ancestree/ReWIND/1_fake/FOSID/FAKE/Gaza3/55e9afe6b291c44cce5c6dffbf9283ac.jpeg,0.102036,0,1
/mnt/h200_dataset/saad/datasets/images/ancestree/ReWIND/1_fake/FOSID/FAKE/Gaza3/e5a06d7a0a95207dcf3b1b123064d5af.jpeg,0.084568,0,1
/mnt/h200_dataset/saad/datasets/images/ancestree/ReWIND/1_fake/FOSID/FAKE/Gaza3/c742e2b69fc754c9364e90f5d946d9fd.jpeg,0.091626,0,1
/mnt/h200_dataset/saad/datasets/images/ancestree/ReWIND/1_fake/FOSID/FAKE/Gaza3/6aff9f392e42eddba66197d0006c2dc5.jpeg,0.170163,0,1
/mnt/h200_dataset/saad/datasets/images/ancestree/ReWIND/1_fake/FOSID/FAKE/Gaza3/34962fedb470003e0f8e987420d9d9d5.jpeg,0.102574,0,1
/mnt/h200_dataset/saad/datasets/images/ancestree/ReWIND/1_fake/FOSID/FAKE/Gaza3/95863ea57fe8534c6f85145f42eeab71.jpeg,0.094761,0,1
/mnt/h200_dataset/saad/datasets/images/ancestree/ReWIND/1_fake/FOSID/FAKE/Gaza3/7511b881bbe2473aff8c814ca181d529.jpeg,0.106041,0,1
/mnt/h200_dataset/saad/datasets/images/ancestree/ReWIND/1_fake/FOSID/FAKE/Gaza3/b836516dd805116f98ebedc2cefd1dad.jpeg,0.079997,0,1
/mnt/h200_dataset/saad/datasets/images/ancestree/ReWIND/1_fake/FOSID/FAKE/Gaza3/ea4e3700560bf5afae994d2af31fb3b0.jpeg,0.085709,0,1
/mnt/h200_dataset/saad/datasets/images/ancestree/ReWIND/1_fake/FOSID/FAKE/Gaza3/c23ff5a2efd5958912cb6d3512682b2e.jpeg,0.08472,0,1
/mnt/h200_dataset/saad/datasets/images/ancestree/ReWIND/1_fake/FOSID/FAKE/Gaza3/f94e35af74408d8c48302d092af50e0d.jpeg,0.092278,0,1
/mnt/h200_dataset/saad/datasets/images/ancestree/ReWIND/1_fake/FOSID/FAKE/Gaza3/5778dded6c828c22d8a7157b7f9c3681.jpeg,0.717061,1,1
/mnt/h200_dataset/saad/datasets/images/ancestree/ReWIND/1_fake/FOSID/FAKE/Gaza3/ed593e1aae795824096796cc1fbc91b1.jpeg,0.085251,0,1
/mnt/h200_dataset/saad/datasets/images/ancestree/ReWIND/1_fake/FOSID/FAKE/Gaza3/fd8a21974c53597e5b08f68862b37b5a.jpeg,0.081886,0,1
/mnt/h200_dataset/saad/datasets/images/ancestree/ReWIND/1_fake/FOSID/FAKE/Gaza3/fd355eb0e7da9e7e2d1a53df52c25507.jpeg,0.102574,0,1
/mnt/h200_dataset/saad/datasets/images/ancestree/ReWIND/1_fake/FOSID/FAKE/Gaza3/426f26d682af06c55722cf29e86bc86f.jpeg,0.085251,0,1
/mnt/h200_dataset/saad/datasets/images/ancestree/ReWIND/1_fake/FOSID/FAKE/Gaza3/f8a90274e4ae4d4cf9bc983b9291807e.jpeg,0.085175,0,1
/mnt/h200_dataset/saad/datasets/images/ancestree/ReWIND/1_fake/FOSID/FAKE/Gaza3/b6f2a18e22ccac0d7005c98d85d05e48.jpeg,0.092115,0,1
/mnt/h200_dataset/saad/datasets/images/ancestree/ReWIND/1_fake/FOSID/FAKE/Gaza3/a66d2e7aa079d17e84ae497f5a86474e.jpeg,0.081666,0,1
/mnt/h200_dataset/saad/datasets/images/ancestree/ReWIND/1_fake/FOSID/FAKE/Gaza3/dd6e97752e208df7c794effbe6c75bfe.jpeg,0.101857,0,1
/mnt/h200_dataset/saad/datasets/images/ancestree/ReWIND/1_fake/FOSID/FAKE/Gaza3/863e4f7120a2e8cffaedf56d73526e5f.jpeg,0.382314,0,1
/mnt/h200_dataset/saad/datasets/images/ancestree/ReWIND/1_fake/FOSID/FAKE/Gaza3/4c373b54f1f30c7f15ca7df878ba849b.jpeg,0.710277,1,1
/mnt/h200_dataset/saad/datasets/images/ancestree/ReWIND/1_fake/FOSID/FAKE/Gaza3/d0d386468e4284af4f536f6470a912d6.jpeg,0.642432,1,1
/mnt/h200_dataset/saad/datasets/images/ancestree/ReWIND/1_fake/FOSID/FAKE/Gaza3/fe9e9c71f0b45ff241095d0ee266c9c9.jpeg,0.655446,1,1
/mnt/h200_dataset/saad/datasets/images/ancestree/ReWIND/1_fake/FOSID/FAKE/Gaza3/a67895d1ff29567c20414a6c12bad0fd.jpeg,0.087642,0,1
/mnt/h200_dataset/saad/datasets/images/ancestree/ReWIND/1_fake/FOSID/FAKE/Gaza3/e2c11689e40e93d7ce571e5e7b0c83be.jpeg,0.680454,1,1
/mnt/h200_dataset/saad/datasets/images/ancestree/ReWIND/1_fake/FOSID/FAKE/Gaza3/366e15e35cf7edab0de53310fcbe89d2.jpeg,0.697145,1,1
/mnt/h200_dataset/saad/datasets/images/ancestree/ReWIND/1_fake/FOSID/FAKE/Gaza3/640d605da52ffaafd058137260df7f1c.jpeg,0.093099,0,1
/mnt/h200_dataset/saad/datasets/images/ancestree/ReWIND/1_fake/FOSID/FAKE/Gaza3/2528307497be73f7a1391826d445da56.jpeg,0.089933,0,1
/mnt/h200_dataset/saad/datasets/images/ancestree/ReWIND/1_fake/FOSID/FAKE/Gaza3/c3dfbb59eeb64d09928471c4a2dc078a.jpeg,0.089853,0,1
/mnt/h200_dataset/saad/datasets/images/ancestree/ReWIND/1_fake/FOSID/FAKE/Gaza3/27f404e7a66124bf426613c69aae8133.jpeg,0.073231,0,1
/mnt/h200_dataset/saad/datasets/images/ancestree/ReWIND/1_fake/FOSID/FAKE/Gaza3/2f2d1fdeb65fe9fac3cfdf3c40ace241.jpeg,0.106041,0,1
/mnt/h200_dataset/saad/datasets/images/ancestree/ReWIND/1_fake/FOSID/FAKE/Gaza3/d241cbd0814727192938303dd311feab.jpeg,0.128143,0,1
/mnt/h200_dataset/saad/datasets/images/ancestree/ReWIND/1_fake/FOSID/FAKE/Gaza3/c457e7068bdd8108b7c75714849df35b.jpeg,0.101679,0,1
/mnt/h200_dataset/saad/datasets/images/ancestree/ReWIND/1_fake/FOSID/FAKE/Gaza3/0718c51051df0011f868774418a0ec59.jpeg,0.08882,0,1
/mnt/h200_dataset/saad/datasets/images/ancestree/ReWIND/1_fake/FOSID/FAKE/Gaza3/14e366379f3cb3b534b2e224bb5d856e.jpeg,0.105856,0,1
/mnt/h200_dataset/saad/datasets/images/ancestree/ReWIND/1_fake/FOSID/FAKE/Gaza3/87e43441ec5d4556b68bacce6c359974.jpeg,0.076753,0,1
/mnt/h200_dataset/saad/datasets/images/ancestree/ReWIND/1_fake/FOSID/FAKE/Gaza3/34094c9e24d358898c0bd40955d0fe66.jpeg,0.093182,0,1
/mnt/h200_dataset/saad/datasets/images/ancestree/ReWIND/1_fake/FOSID/FAKE/Gaza3/708a856b21fc1b3221335c0e732090f6.jpeg,0.105671,0,1
/mnt/h200_dataset/saad/datasets/images/ancestree/ReWIND/1_fake/FOSID/FAKE/Gaza3/62b3692837d900c12fa11223b9f3577e.jpeg,0.131507,0,1
/mnt/h200_dataset/saad/datasets/images/ancestree/ReWIND/1_fake/FOSID/FAKE/Gaza3/4bc6cde2044414793a6990c6a317a1c0.jpeg,0.084493,0,1
/mnt/h200_dataset/saad/datasets/images/ancestree/ReWIND/1_fake/FOSID/FAKE/Gaza3/372d8ad20685e3c66c7f6a1f3e40345f.jpeg,0.697248,1,1
/mnt/h200_dataset/saad/datasets/images/ancestree/ReWIND/1_fake/FOSID/FAKE/Gaza3/80c0ef69e0ae71a0379c161ac0bf0bbe.jpeg,0.106505,0,1
/mnt/h200_dataset/saad/datasets/images/ancestree/ReWIND/1_fake/FOSID/FAKE/Gaza3/bf5220cb13f7e8be0ed49456a96b1270.jpeg,0.172033,0,1
/mnt/h200_dataset/saad/datasets/images/ancestree/ReWIND/1_fake/FOSID/FAKE/Gaza3/1f061c744e5239e81796735df86e083a.jpeg,0.087798,0,1
/mnt/h200_dataset/saad/datasets/images/ancestree/ReWIND/1_fake/FOSID/FAKE/Gaza3/09e5aa3c3fc0a60513aff3e2d932693a.jpeg,0.079282,0,1
/mnt/h200_dataset/saad/datasets/images/ancestree/ReWIND/1_fake/FOSID/FAKE/Gaza3/3d26043a6914de62610987f63c60bdfb.jpeg,0.142232,0,1
/mnt/h200_dataset/saad/datasets/images/ancestree/ReWIND/1_fake/FOSID/FAKE/Gaza3/80bd1a76a729fab43bfca428e8488ed7.jpeg,0.072966,0,1
/mnt/h200_dataset/saad/datasets/images/ancestree/ReWIND/1_fake/FOSID/FAKE/Gaza3/a05a1e22e2c4d0fd3a943edaa6fd4dad.jpeg,0.126138,0,1
/mnt/h200_dataset/saad/datasets/images/ancestree/ReWIND/1_fake/FOSID/FAKE/Gaza3/d6c773acdb6deec20ebdef55f9304075.jpeg,0.084493,0,1
/mnt/h200_dataset/saad/datasets/images/ancestree/ReWIND/1_fake/FOSID/FAKE/Gaza3/0aeca862c72a1d00ddee65cd40c93fe8.jpeg,0.089694,0,1
/mnt/h200_dataset/saad/datasets/images/ancestree/ReWIND/1_fake/FOSID/FAKE/Gaza3/269ac3660b53f7eb5a1c83796d50d517.jpeg,0.212477,0,1
/mnt/h200_dataset/saad/datasets/images/ancestree/ReWIND/1_fake/FOSID/FAKE/Gaza3/a20c42ad3a9320d2a264c0e884355716.jpeg,0.108472,0,1
/mnt/h200_dataset/saad/datasets/images/ancestree/ReWIND/1_fake/FOSID/FAKE/Gaza3/6323bb304975faceb2e5d133987867b5.jpeg,0.088033,0,1
/mnt/h200_dataset/saad/datasets/images/ancestree/ReWIND/1_fake/FOSID/FAKE/Gaza3/1b74a05b375003cad38feba9c85619ce.jpeg,0.097993,0,1
/mnt/h200_dataset/saad/datasets/images/ancestree/ReWIND/1_fake/FOSID/FAKE/Gaza3/ece05dca9f9d30dfa173fc639591d47b.jpeg,0.090816,0,1
/mnt/h200_dataset/saad/datasets/images/ancestree/ReWIND/1_fake/FOSID/FAKE/Gaza3/626df841e2586d4e89df458a94c639f8.jpeg,0.127979,0,1
/mnt/h200_dataset/saad/datasets/images/ancestree/ReWIND/1_fake/FOSID/FAKE/Gaza3/b0a23b8bfdb909ac6057c32c583b5107.jpeg,0.089058,0,1
/mnt/h200_dataset/saad/datasets/images/ancestree/ReWIND/1_fake/FOSID/FAKE/Gaza3/98f58f4939078135e5c53d5c85e4a032.jpeg,0.112113,0,1
/mnt/h200_dataset/saad/datasets/images/ancestree/ReWIND/1_fake/FOSID/FAKE/Gaza3/bf62319554996dd6bac283533320cbe5.jpeg,0.085404,0,1
/mnt/h200_dataset/saad/datasets/images/ancestree/ReWIND/1_fake/FOSID/FAKE/Gaza3/215c9e214134511559c9d2b49afb14e1.jpeg,0.119305,0,1
/mnt/h200_dataset/saad/datasets/images/ancestree/ReWIND/1_fake/FOSID/FAKE/Gaza3/575d1e7a05ae7131f20f4eb8a3a427f5.jpeg,0.085023,0,1
/mnt/h200_dataset/saad/datasets/images/ancestree/ReWIND/1_fake/FOSID/FAKE/Gaza3/42638ee9bee80144c37c5c9373a8ec00.jpeg,0.119768,0,1
/mnt/h200_dataset/saad/datasets/images/ancestree/ReWIND/1_fake/FOSID/FAKE/Gaza3/3eb05aef0a7e7970e7dcf84de018ddb3.jpeg,0.084871,0,1
/mnt/h200_dataset/saad/datasets/images/ancestree/ReWIND/1_fake/FOSID/FAKE/Gaza3/61302d3fc5c96f7815c2a1e411e65774.jpeg,0.110952,0,1
/mnt/h200_dataset/saad/datasets/images/ancestree/ReWIND/1_fake/FOSID/FAKE/Gaza3/ecf8625b09110bd94b3326d41544a0f9.jpeg,0.240596,0,1
/mnt/h200_dataset/saad/datasets/images/ancestree/ReWIND/1_fake/FOSID/FAKE/Gaza3/d4d231d7435affa9b65f1fedbce9f350.jpeg,0.094427,0,1
/mnt/h200_dataset/saad/datasets/images/ancestree/ReWIND/1_fake/FOSID/FAKE/Gaza3/a0d77aeae7cfd81dea7a7b84297479a2.jpeg,0.666062,1,1
/mnt/h200_dataset/saad/datasets/images/ancestree/ReWIND/1_fake/FOSID/FAKE/Gaza3/3b7b61e4decf2c882d4dd80ea4c807d8.jpeg,0.499071,0,1
/mnt/h200_dataset/saad/datasets/images/ancestree/ReWIND/1_fake/FOSID/FAKE/Gaza3/e75ce2b2db8a3ac74e371d17d5749337.jpeg,0.138055,0,1
/mnt/h200_dataset/saad/datasets/images/ancestree/ReWIND/1_fake/FOSID/FAKE/Gaza3/fab64ed45e5d5d165bc1617c36229b16.jpeg,0.104752,0,1
/mnt/h200_dataset/saad/datasets/images/ancestree/ReWIND/1_fake/FOSID/FAKE/Gaza3/4322d2c1c275cfbae6925100648ea47c.jpeg,0.221519,0,1
/mnt/h200_dataset/saad/datasets/images/ancestree/ReWIND/1_fake/FOSID/FAKE/Gaza3/751278158edd6dcb733670b0e2d51811.jpeg,0.088426,0,1
/mnt/h200_dataset/saad/datasets/images/ancestree/ReWIND/1_fake/FOSID/FAKE/Gaza3/dad25f2a36052602c6b2ebe1a3f85fa7.jpeg,0.105671,0,1
/mnt/h200_dataset/saad/datasets/images/ancestree/ReWIND/1_fake/FOSID/FAKE/Gaza3/d60bcefc3f4700375002e0a15cc7b0dc.jpeg,0.08733,0,1
/mnt/h200_dataset/saad/datasets/images/ancestree/ReWIND/1_fake/FOSID/FAKE/Gaza3/2acf5fd508c51bdfa78ea4cb8294ae48.jpeg,0.085327,0,1
/mnt/h200_dataset/saad/datasets/images/ancestree/ReWIND/1_fake/FOSID/FAKE/Gaza3/1aa7c7336bf8e3a707a81456634b123d.jpeg,0.198375,0,1
/mnt/h200_dataset/saad/datasets/images/ancestree/ReWIND/1_fake/FOSID/FAKE/Gaza3/fbb02c2656e08b7ac1a2290a9c0198a3.jpeg,0.100967,0,1
/mnt/h200_dataset/saad/datasets/images/ancestree/ReWIND/1_fake/FOSID/FAKE/Gaza3/f1aa87ba7dba8a560c6a68017b7cc06b.jpeg,0.100967,0,1
/mnt/h200_dataset/saad/datasets/images/ancestree/ReWIND/1_fake/FOSID/FAKE/Gaza3/936aac70f0727debd5aa1f9e22016dc8.jpeg,0.110952,0,1
/mnt/h200_dataset/saad/datasets/images/ancestree/ReWIND/1_fake/FOSID/FAKE/Gaza3/718471ae8f8902966de80942ab634a0c.jpeg,0.142172,0,1
/mnt/h200_dataset/saad/datasets/images/ancestree/ReWIND/1_fake/FOSID/FAKE/Gaza3/4ac4dbfe85a5da98061a942ea2bb6a51.jpeg,0.142232,0,1
/mnt/h200_dataset/saad/datasets/images/ancestree/ReWIND/1_fake/FOSID/FAKE/Gaza3/b5d0437b7d58d52b1792215ae2d8a67b.jpeg,0.113285,0,1
/mnt/h200_dataset/saad/datasets/images/ancestree/ReWIND/1_fake/FOSID/FAKE/Gaza3/c953fccfef8d2261bbc5c78ae9dbf4c2.jpeg,0.095602,0,1
/mnt/h200_dataset/saad/datasets/images/ancestree/ReWIND/1_fake/FOSID/FAKE/Gaza3/195b3cc35f8a9f7fb4d2ff5f55fbd0ca.jpeg,0.110375,0,1
/mnt/h200_dataset/saad/datasets/images/ancestree/ReWIND/1_fake/FOSID/FAKE/Gaza3/5cc539c2f27804b6c0848258812508ed.jpeg,0.074838,0,1
/mnt/h200_dataset/saad/datasets/images/ancestree/ReWIND/1_fake/FOSID/FAKE/Gaza3/4bd6f507de020b7a18b7dbc905d45f29.jpeg,0.098425,0,1
/mnt/h200_dataset/saad/datasets/images/ancestree/ReWIND/1_fake/FOSID/FAKE/Gaza3/571a3e975dae895fb33d4e8aa5819d7e.jpeg,0.178884,0,1
/mnt/h200_dataset/saad/datasets/images/ancestree/ReWIND/1_fake/FOSID/FAKE/Gaza3/bc1e8be3c1ad9e49ed22866f39a6ca2f.jpeg,0.095941,0,1
/mnt/h200_dataset/saad/datasets/images/ancestree/ReWIND/1_fake/FOSID/FAKE/Gaza3/48a9c9c52c04273bba23c50015054a04.jpeg,0.635505,1,1
/mnt/h200_dataset/saad/datasets/images/ancestree/ReWIND/1_fake/FOSID/FAKE/Gaza3/93c002e5f39111e076c195bbe58f15de.jpeg,0.098512,0,1
/mnt/h200_dataset/saad/datasets/images/ancestree/ReWIND/1_fake/FOSID/FAKE/Gaza3/e6cb9fd8fc2d8149a6533a89f4e272b7.jpeg,0.093099,0,1
/mnt/h200_dataset/saad/datasets/images/ancestree/ReWIND/1_fake/FOSID/FAKE/Gaza3/208e4154ffb70684fd6a782f50f3fcf0.jpeg,0.529309,1,1
/mnt/h200_dataset/saad/datasets/images/ancestree/ReWIND/1_fake/FOSID/FAKE/Gaza3/c7288e7a75365b4feff316ecdbfdf1a3.jpeg,0.100613,0,1
/mnt/h200_dataset/saad/datasets/images/ancestree/ReWIND/1_fake/FOSID/FAKE/Gaza3/7debddb0030378768b48ae05ab60af69.jpeg,0.149159,0,1
/mnt/h200_dataset/saad/datasets/images/ancestree/ReWIND/1_fake/FOSID/FAKE/Gaza3/1aef04889c0bc4e152a73345c677a49e.jpeg,0.08472,0,1
/mnt/h200_dataset/saad/datasets/images/ancestree/ReWIND/1_fake/FOSID/FAKE/Gaza3/e682c04b25f60416f9e2fe88cfa71653.jpeg,0.113285,0,1
/mnt/h200_dataset/saad/datasets/images/ancestree/ReWIND/1_fake/FOSID/FAKE/Gaza3/f2e71b148ebc1539ed6e9e85b37523d6.jpeg,0.109992,0,1
/mnt/h200_dataset/saad/datasets/images/ancestree/ReWIND/1_fake/FOSID/FAKE/Gaza3/e789cbc309f4df7f9c8f7c5a93bbf6a5.jpeg,0.089853,0,1
/mnt/h200_dataset/saad/datasets/images/ancestree/ReWIND/1_fake/FOSID/FAKE/Gaza3/abba5e3d72e06bbf9672778938cfc2c5.jpeg,0.206494,0,1
/mnt/h200_dataset/saad/datasets/images/ancestree/ReWIND/1_fake/FOSID/FAKE/Gaza3/06d99479f8b3e1809c0bbeeffc0fa743.jpeg,0.103477,0,1
/mnt/h200_dataset/saad/datasets/images/ancestree/ReWIND/1_fake/FOSID/FAKE/Gaza3/672dd084f6bc3238c112e27c732ce44c.jpeg,0.115162,0,1
/mnt/h200_dataset/saad/datasets/images/ancestree/ReWIND/0_real/RRDataset/REAL/real_000359/225.jpg,0.469323,0,0
/mnt/h200_dataset/saad/datasets/images/ancestree/ReWIND/0_real/RRDataset/REAL/real_000359/459.jpg,0.484353,0,0
/mnt/h200_dataset/saad/datasets/images/ancestree/ReWIND/0_real/RRDataset/REAL/real_000359/428.jpg,0.485523,0,0
/mnt/h200_dataset/saad/datasets/images/ancestree/ReWIND/0_real/RRDataset/REAL/real_000359/83.jpg,0.382084,0,0
/mnt/h200_dataset/saad/datasets/images/ancestree/ReWIND/0_real/RRDataset/REAL/real_000359/304.jpg,0.485981,0,0
/mnt/h200_dataset/saad/datasets/images/ancestree/ReWIND/0_real/RRDataset/REAL/real_000359/334.jpg,0.456652,0,0
/mnt/h200_dataset/saad/datasets/images/ancestree/ReWIND/0_real/RRDataset/REAL/real_000359/385.jpg,0.421671,0,0
/mnt/h200_dataset/saad/datasets/images/ancestree/ReWIND/0_real/RRDataset/REAL/real_000359/131.jpg,0.46176,0,0
/mnt/h200_dataset/saad/datasets/images/ancestree/ReWIND/0_real/RRDataset/REAL/real_000359/219.jpg,0.414662,0,0
/mnt/h200_dataset/saad/datasets/images/ancestree/ReWIND/0_real/RRDataset/REAL/real_000359/466.jpg,0.495751,0,0
/mnt/h200_dataset/saad/datasets/images/ancestree/ReWIND/0_real/RRDataset/REAL/real_000359/299.jpg,0.448109,0,0
/mnt/h200_dataset/saad/datasets/images/ancestree/ReWIND/0_real/RRDataset/REAL/real_000359/336.jpg,0.402539,0,0
/mnt/h200_dataset/saad/datasets/images/ancestree/ReWIND/0_real/RRDataset/REAL/real_000359/291.jpg,0.426471,0,0
/mnt/h200_dataset/saad/datasets/images/ancestree/ReWIND/0_real/RRDataset/REAL/real_000359/454.jpg,0.455607,0,0
/mnt/h200_dataset/saad/datasets/images/ancestree/ReWIND/0_real/RRDataset/REAL/real_000359/114.jpg,0.417628,0,0
/mnt/h200_dataset/saad/datasets/images/ancestree/ReWIND/0_real/RRDataset/REAL/real_000359/214.jpg,0.410845,0,0
/mnt/h200_dataset/saad/datasets/images/ancestree/ReWIND/0_real/RRDataset/REAL/real_000359/413.jpg,0.416826,0,0
/mnt/h200_dataset/saad/datasets/images/ancestree/ReWIND/0_real/RRDataset/REAL/real_000359/261.jpg,0.456425,0,0
/mnt/h200_dataset/saad/datasets/images/ancestree/ReWIND/0_real/RRDataset/REAL/real_000359/212.jpg,0.450042,0,0
/mnt/h200_dataset/saad/datasets/images/ancestree/ReWIND/0_real/RRDataset/REAL/real_000359/85.jpg,0.416708,0,0
/mnt/h200_dataset/saad/datasets/images/ancestree/ReWIND/0_real/RRDataset/REAL/real_000359/258.jpg,0.415373,0,0
/mnt/h200_dataset/saad/datasets/images/ancestree/ReWIND/0_real/RRDataset/REAL/real_000359/348.jpg,0.49477,0,0
/mnt/h200_dataset/saad/datasets/images/ancestree/ReWIND/0_real/RRDataset/REAL/real_000359/109.jpg,0.400339,0,0
/mnt/h200_dataset/saad/datasets/images/ancestree/ReWIND/0_real/RRDataset/REAL/real_000359/93.jpg,0.44461,0,0
/mnt/h200_dataset/saad/datasets/images/ancestree/ReWIND/0_real/RRDataset/REAL/real_000359/216.jpg,0.396594,0,0
/mnt/h200_dataset/saad/datasets/images/ancestree/ReWIND/0_real/RRDataset/REAL/real_000359/132.jpg,0.485653,0,0
/mnt/h200_dataset/saad/datasets/images/ancestree/ReWIND/0_real/RRDataset/REAL/real_000359/80.jpg,0.396594,0,0
/mnt/h200_dataset/saad/datasets/images/ancestree/ReWIND/0_real/RRDataset/REAL/real_000359/430.jpg,0.498519,0,0
/mnt/h200_dataset/saad/datasets/images/ancestree/ReWIND/0_real/RRDataset/REAL/real_000359/316.jpg,0.48022,0,0
/mnt/h200_dataset/saad/datasets/images/ancestree/ReWIND/0_real/RRDataset/REAL/real_000359/231.jpg,0.417806,0,0
/mnt/h200_dataset/saad/datasets/images/ancestree/ReWIND/0_real/RRDataset/REAL/real_000359/338.jpg,0.42477,0,0
/mnt/h200_dataset/saad/datasets/images/ancestree/ReWIND/0_real/RRDataset/REAL/real_000359/170.jpg,0.41049,0,0
/mnt/h200_dataset/saad/datasets/images/ancestree/ReWIND/0_real/RRDataset/REAL/real_000359/418.jpg,0.482079,0,0
/mnt/h200_dataset/saad/datasets/images/ancestree/ReWIND/0_real/RRDataset/REAL/real_000359/130.jpg,0.376394,0,0
/mnt/h200_dataset/saad/datasets/images/ancestree/ReWIND/0_real/RRDataset/REAL/real_000359/409.jpg,0.39225,0,0
/mnt/h200_dataset/saad/datasets/images/ancestree/ReWIND/0_real/RRDataset/REAL/real_000359/361.jpg,0.513958,1,0
/mnt/h200_dataset/saad/datasets/images/ancestree/ReWIND/0_real/RRDataset/REAL/real_000359/285.jpg,0.447853,0,0
/mnt/h200_dataset/saad/datasets/images/ancestree/ReWIND/0_real/RRDataset/REAL/real_000359/402.jpg,0.461077,0,0
/mnt/h200_dataset/saad/datasets/images/ancestree/ReWIND/0_real/RRDataset/REAL/real_000359/390.png,0.457031,0,0
/mnt/h200_dataset/saad/datasets/images/ancestree/ReWIND/0_real/RRDataset/REAL/real_000359/457.jpg,0.448683,0,0
/mnt/h200_dataset/saad/datasets/images/ancestree/ReWIND/0_real/RRDataset/REAL/real_000359/465.jpg,0.459667,0,0
/mnt/h200_dataset/saad/datasets/images/ancestree/ReWIND/0_real/RRDataset/REAL/real_000359/350.jpg,0.40539,0,0
/mnt/h200_dataset/saad/datasets/images/ancestree/ReWIND/0_real/RRDataset/REAL/real_000359/380.jpg,0.48762,0,0
/mnt/h200_dataset/saad/datasets/images/ancestree/ReWIND/0_real/RRDataset/REAL/real_000359/275.jpg,0.466025,0,0
/mnt/h200_dataset/saad/datasets/images/ancestree/ReWIND/0_real/RRDataset/REAL/real_000359/468.jpg,0.481233,0,0
/mnt/h200_dataset/saad/datasets/images/ancestree/ReWIND/0_real/RRDataset/REAL/real_000359/104.jpg,0.453368,0,0
/mnt/h200_dataset/saad/datasets/images/ancestree/ReWIND/0_real/RRDataset/REAL/real_000359/274.jpg,0.634147,1,0
/mnt/h200_dataset/saad/datasets/images/ancestree/ReWIND/0_real/RRDataset/REAL/real_000359/169.jpg,0.456758,0,0
/mnt/h200_dataset/saad/datasets/images/ancestree/ReWIND/0_real/RRDataset/REAL/real_000359/270.jpg,0.374733,0,0
/mnt/h200_dataset/saad/datasets/images/ancestree/ReWIND/0_real/RRDataset/REAL/real_000359/75.jpg,0.369713,0,0
/mnt/h200_dataset/saad/datasets/images/ancestree/ReWIND/0_real/RRDataset/REAL/real_000359/279.jpg,0.433322,0,0
/mnt/h200_dataset/saad/datasets/images/ancestree/ReWIND/0_real/RRDataset/REAL/real_000359/403.jpg,0.42185,0,0
/mnt/h200_dataset/saad/datasets/images/ancestree/ReWIND/0_real/RRDataset/REAL/real_000359/371.jpg,0.427785,0,0
/mnt/h200_dataset/saad/datasets/images/ancestree/ReWIND/0_real/RRDataset/REAL/real_000359/81.jpg,0.387777,0,0
/mnt/h200_dataset/saad/datasets/images/ancestree/ReWIND/0_real/RRDataset/REAL/real_000359/172.jpg,0.421641,0,0
/mnt/h200_dataset/saad/datasets/images/ancestree/ReWIND/0_real/RRDataset/REAL/real_000359/174.jpg,0.420808,0,0
/mnt/h200_dataset/saad/datasets/images/ancestree/ReWIND/0_real/RRDataset/REAL/real_000359/448.webp,0.472813,0,0
/mnt/h200_dataset/saad/datasets/images/ancestree/ReWIND/0_real/RRDataset/REAL/real_000359/347.webp,0.404243,0,0
/mnt/h200_dataset/saad/datasets/images/ancestree/ReWIND/0_real/RRDataset/REAL/real_000359/190.jpg,0.420867,0,0
/mnt/h200_dataset/saad/datasets/images/ancestree/ReWIND/0_real/RRDataset/REAL/real_000359/69.jpg,0.516169,1,0
/mnt/h200_dataset/saad/datasets/images/ancestree/ReWIND/0_real/RRDataset/REAL/real_000359/349.jpg,0.492226,0,0
/mnt/h200_dataset/saad/datasets/images/ancestree/ReWIND/0_real/RRDataset/REAL/real_000359/410.jpg,0.385432,0,0
/mnt/h200_dataset/saad/datasets/images/ancestree/ReWIND/0_real/RRDataset/REAL/real_000359/113.jpg,0.423547,0,0
/mnt/h200_dataset/saad/datasets/images/ancestree/ReWIND/0_real/RRDataset/REAL/real_000359/167.jpg,0.438199,0,0
/mnt/h200_dataset/saad/datasets/images/ancestree/ReWIND/0_real/RRDataset/REAL/real_000359/310.jpg,0.471299,0,0
/mnt/h200_dataset/saad/datasets/images/ancestree/ReWIND/0_real/RRDataset/REAL/real_000359/88.jpg,0.410579,0,0
/mnt/h200_dataset/saad/datasets/images/ancestree/ReWIND/0_real/RRDataset/REAL/real_000359/296.jpg,0.41837,0,0
/mnt/h200_dataset/saad/datasets/images/ancestree/ReWIND/0_real/RRDataset/REAL/real_000359/192.jpg,0.419856,0,0
/mnt/h200_dataset/saad/datasets/images/ancestree/ReWIND/0_real/RRDataset/REAL/real_000359/139.webp,0.449861,0,0
/mnt/h200_dataset/saad/datasets/images/ancestree/ReWIND/0_real/RRDataset/REAL/real_000359/71.jpg,0.416708,0,0
/mnt/h200_dataset/saad/datasets/images/ancestree/ReWIND/0_real/RRDataset/REAL/real_000359/272.jpg,0.37981,0,0
/mnt/h200_dataset/saad/datasets/images/ancestree/ReWIND/0_real/RRDataset/REAL/real_000359/187.jpg,0.416322,0,0
/mnt/h200_dataset/saad/datasets/images/ancestree/ReWIND/0_real/RRDataset/REAL/real_000359/125.jpg,0.398172,0,0
/mnt/h200_dataset/saad/datasets/images/ancestree/ReWIND/0_real/RRDataset/REAL/real_000359/364.webp,0.474882,0,0
/mnt/h200_dataset/saad/datasets/images/ancestree/ReWIND/0_real/RRDataset/REAL/real_000359/154.jpg,0.417568,0,0
/mnt/h200_dataset/saad/datasets/images/ancestree/ReWIND/0_real/RRDataset/REAL/real_000359/452.jpg,0.364834,0,0
/mnt/h200_dataset/saad/datasets/images/ancestree/ReWIND/0_real/RRDataset/REAL/real_000359/277.jpg,0.407216,0,0
/mnt/h200_dataset/saad/datasets/images/ancestree/ReWIND/0_real/RRDataset/REAL/real_000359/287.webp,0.415195,0,0
/mnt/h200_dataset/saad/datasets/images/ancestree/ReWIND/0_real/RRDataset/REAL/real_000359/307.jpg,0.461851,0,0
/mnt/h200_dataset/saad/datasets/images/ancestree/ReWIND/0_real/RRDataset/REAL/real_000359/171.jpg,0.402833,0,0
/mnt/h200_dataset/saad/datasets/images/ancestree/ReWIND/0_real/RRDataset/REAL/real_000359/191.jpg,0.422058,0,0
/mnt/h200_dataset/saad/datasets/images/ancestree/ReWIND/0_real/RRDataset/REAL/real_000359/458.jpg,0.364269,0,0
/mnt/h200_dataset/saad/datasets/images/ancestree/ReWIND/0_real/RRDataset/REAL/real_000359/425.png,0.505638,1,0
/mnt/h200_dataset/saad/datasets/images/ancestree/ReWIND/0_real/RRDataset/REAL/real_000359/249.jpg,0.409545,0,0
/mnt/h200_dataset/saad/datasets/images/ancestree/ReWIND/0_real/RRDataset/REAL/real_000359/260.jpg,0.435271,0,0
/mnt/h200_dataset/saad/datasets/images/ancestree/ReWIND/0_real/RRDataset/REAL/real_000359/138.jpg,0.498454,0,0
/mnt/h200_dataset/saad/datasets/images/ancestree/ReWIND/0_real/RRDataset/REAL/real_000359/384.jpg,0.458061,0,0
/mnt/h200_dataset/saad/datasets/images/ancestree/ReWIND/0_real/RRDataset/REAL/real_000359/108.jpg,0.399724,0,0
/mnt/h200_dataset/saad/datasets/images/ancestree/ReWIND/0_real/RRDataset/REAL/real_000359/115.jpg,0.44968,0,0
/mnt/h200_dataset/saad/datasets/images/ancestree/ReWIND/0_real/RRDataset/REAL/real_000359/443.jpg,0.385461,0,0
/mnt/h200_dataset/saad/datasets/images/ancestree/ReWIND/0_real/RRDataset/REAL/real_000359/351.jpg,0.412086,0,0
/mnt/h200_dataset/saad/datasets/images/ancestree/ReWIND/0_real/RRDataset/REAL/real_000359/173.jpg,0.402744,0,0
/mnt/h200_dataset/saad/datasets/images/ancestree/ReWIND/0_real/RRDataset/REAL/real_000359/325.jpg,0.443465,0,0
/mnt/h200_dataset/saad/datasets/images/ancestree/ReWIND/0_real/RRDataset/REAL/real_000359/317.jpg,0.410165,0,0
/mnt/h200_dataset/saad/datasets/images/ancestree/ReWIND/0_real/RRDataset/REAL/real_000359/330.jpg,0.394405,0,0
/mnt/h200_dataset/saad/datasets/images/ancestree/ReWIND/0_real/RRDataset/REAL/real_000359/399.jpg,0.511118,1,0
/mnt/h200_dataset/saad/datasets/images/ancestree/ReWIND/0_real/RRDataset/REAL/real_000359/289.jpg,0.459531,0,0
/mnt/h200_dataset/saad/datasets/images/ancestree/ReWIND/0_real/RRDataset/REAL/real_000359/226.jpg,0.402451,0,0
/mnt/h200_dataset/saad/datasets/images/ancestree/ReWIND/0_real/RRDataset/REAL/real_000359/119.jpg,0.452642,0,0
/mnt/h200_dataset/saad/datasets/images/ancestree/ReWIND/0_real/RRDataset/REAL/real_000359/445.jpg,0.466694,0,0
/mnt/h200_dataset/saad/datasets/images/ancestree/ReWIND/0_real/RRDataset/REAL/real_000359/450.webp,0.367668,0,0
/mnt/h200_dataset/saad/datasets/images/ancestree/ReWIND/0_real/RRDataset/REAL/real_000359/116.jpg,0.460259,0,0
/mnt/h200_dataset/saad/datasets/images/ancestree/ReWIND/0_real/RRDataset/REAL/real_000359/353.jpg,0.450103,0,0
/mnt/h200_dataset/saad/datasets/images/ancestree/ReWIND/0_real/RRDataset/REAL/real_000359/185.jpg,0.38145,0,0
/mnt/h200_dataset/saad/datasets/images/ancestree/ReWIND/0_real/RRDataset/REAL/real_000359/196.jpg,0.577406,1,0
/mnt/h200_dataset/saad/datasets/images/ancestree/ReWIND/0_real/RRDataset/REAL/real_000359/124.webp,0.492282,0,0
/mnt/h200_dataset/saad/datasets/images/ancestree/ReWIND/0_real/RRDataset/REAL/real_000359/417.jpg,0.452007,0,0
/mnt/h200_dataset/saad/datasets/images/ancestree/ReWIND/0_real/RRDataset/REAL/real_000359/136.jpg,0.422117,0,0
/mnt/h200_dataset/saad/datasets/images/ancestree/ReWIND/0_real/RRDataset/REAL/real_000359/326.jpg,0.481103,0,0
/mnt/h200_dataset/saad/datasets/images/ancestree/ReWIND/0_real/RRDataset/REAL/real_000359/232.jpg,0.399138,0,0
/mnt/h200_dataset/saad/datasets/images/ancestree/ReWIND/0_real/RRDataset/REAL/real_000359/164.jpg,0.468646,0,0
/mnt/h200_dataset/saad/datasets/images/ancestree/ReWIND/0_real/RRDataset/REAL/real_000359/327.webp,0.530632,1,0
/mnt/h200_dataset/saad/datasets/images/ancestree/ReWIND/0_real/RRDataset/REAL/real_000359/335.webp,0.512799,1,0
/mnt/h200_dataset/saad/datasets/images/ancestree/ReWIND/0_real/RRDataset/REAL/real_000359/305.jpg,0.490529,0,0
/mnt/h200_dataset/saad/datasets/images/ancestree/ReWIND/0_real/RRDataset/REAL/real_000359/264.webp,0.450677,0,0
/mnt/h200_dataset/saad/datasets/images/ancestree/ReWIND/0_real/RRDataset/REAL/real_000359/423.webp,0.430536,0,0
/mnt/h200_dataset/saad/datasets/images/ancestree/ReWIND/0_real/RRDataset/REAL/real_000359/74.jpg,0.405831,0,0
/mnt/h200_dataset/saad/datasets/images/ancestree/ReWIND/0_real/RRDataset/REAL/real_000359/378.jpg,0.412471,0,0
/mnt/h200_dataset/saad/datasets/images/ancestree/ReWIND/0_real/RRDataset/REAL/real_000359/313.jpg,0.45042,0,0
/mnt/h200_dataset/saad/datasets/images/ancestree/ReWIND/0_real/RRDataset/REAL/real_000359/268.jpg,0.370396,0,0
/mnt/h200_dataset/saad/datasets/images/ancestree/ReWIND/0_real/RRDataset/REAL/real_000359/404.jpg,0.390534,0,0
/mnt/h200_dataset/saad/datasets/images/ancestree/ReWIND/0_real/RRDataset/REAL/real_000359/244.jpg,0.438214,0,0
/mnt/h200_dataset/saad/datasets/images/ancestree/ReWIND/0_real/RRDataset/REAL/real_000359/421.jpg,0.536085,1,0
/mnt/h200_dataset/saad/datasets/images/ancestree/ReWIND/0_real/RRDataset/REAL/real_000359/363.jpg,0.448019,0,0
/mnt/h200_dataset/saad/datasets/images/ancestree/ReWIND/0_real/RRDataset/REAL/real_000359/382.jpg,0.357063,0,0
/mnt/h200_dataset/saad/datasets/images/ancestree/ReWIND/0_real/RRDataset/REAL/real_000359/195.jpg,0.420064,0,0
/mnt/h200_dataset/saad/datasets/images/ancestree/ReWIND/0_real/RRDataset/REAL/real_000359/278.jpg,0.474372,0,0
/mnt/h200_dataset/saad/datasets/images/ancestree/ReWIND/0_real/RRDataset/REAL/real_000359/160.jpg,0.487742,0,0
/mnt/h200_dataset/saad/datasets/images/ancestree/ReWIND/0_real/RRDataset/REAL/real_000359/128.jpg,0.413152,0,0
/mnt/h200_dataset/saad/datasets/images/ancestree/ReWIND/0_real/RRDataset/REAL/real_000359/247.jpg,0.395572,0,0
/mnt/h200_dataset/saad/datasets/images/ancestree/ReWIND/0_real/RRDataset/REAL/real_000359/267.jpg,0.370055,0,0
/mnt/h200_dataset/saad/datasets/images/ancestree/ReWIND/0_real/RRDataset/REAL/real_000359/84.jpg,0.495942,0,0
/mnt/h200_dataset/saad/datasets/images/ancestree/ReWIND/0_real/RRDataset/REAL/real_000359/220.jpg,0.42656,0,0
/mnt/h200_dataset/saad/datasets/images/ancestree/ReWIND/0_real/RRDataset/REAL/real_000359/227.jpg,0.396156,0,0
/mnt/h200_dataset/saad/datasets/images/ancestree/ReWIND/0_real/RRDataset/REAL/real_000359/77.png,0.483016,0,0
/mnt/h200_dataset/saad/datasets/images/ancestree/ReWIND/0_real/RRDataset/REAL/real_000359/189.jpg,0.405243,0,0
/mnt/h200_dataset/saad/datasets/images/ancestree/ReWIND/0_real/RRDataset/REAL/real_000359/65.jpg,0.407245,0,0
/mnt/h200_dataset/saad/datasets/images/ancestree/ReWIND/0_real/RRDataset/REAL/real_000359/217.jpg,0.388589,0,0
/mnt/h200_dataset/saad/datasets/images/ancestree/ReWIND/0_real/RRDataset/REAL/real_000359/342.jpg,0.491174,0,0
/mnt/h200_dataset/saad/datasets/images/ancestree/ReWIND/0_real/RRDataset/REAL/real_000359/269.jpg,0.373533,0,0
/mnt/h200_dataset/saad/datasets/images/ancestree/ReWIND/0_real/RRDataset/REAL/real_000359/357.jpg,0.40536,0,0
/mnt/h200_dataset/saad/datasets/images/ancestree/ReWIND/0_real/RRDataset/REAL/real_000359/159.jpg,0.47244,0,0
/mnt/h200_dataset/saad/datasets/images/ancestree/ReWIND/0_real/RRDataset/REAL/real_000359/368.jpg,0.422683,0,0
/mnt/h200_dataset/saad/datasets/images/ancestree/ReWIND/0_real/RRDataset/REAL/real_000359/354.jpg,0.383872,0,0
/mnt/h200_dataset/saad/datasets/images/ancestree/ReWIND/0_real/RRDataset/REAL/real_000359/324.jpg,0.45588,0,0
/mnt/h200_dataset/saad/datasets/images/ancestree/ReWIND/0_real/RRDataset/REAL/real_000359/141.jpg,0.459303,0,0
/mnt/h200_dataset/saad/datasets/images/ancestree/ReWIND/0_real/RRDataset/REAL/real_000359/243.jpg,0.483366,0,0
/mnt/h200_dataset/saad/datasets/images/ancestree/ReWIND/0_real/RRDataset/REAL/real_000359/426.webp,0.410845,0,0
/mnt/h200_dataset/saad/datasets/images/ancestree/ReWIND/0_real/RRDataset/REAL/real_000359/340.jpg,0.412086,0,0
/mnt/h200_dataset/saad/datasets/images/ancestree/ReWIND/0_real/RRDataset/REAL/real_000359/456.jpg,0.445545,0,0
/mnt/h200_dataset/saad/datasets/images/ancestree/ReWIND/0_real/RRDataset/REAL/real_000359/356.jpg,0.385953,0,0
/mnt/h200_dataset/saad/datasets/images/ancestree/ReWIND/0_real/RRDataset/REAL/real_000359/283.jpg,0.462488,0,0
/mnt/h200_dataset/saad/datasets/images/ancestree/ReWIND/0_real/RRDataset/REAL/real_000359/375.jpg,0.360827,0,0
/mnt/h200_dataset/saad/datasets/images/ancestree/ReWIND/0_real/RRDataset/REAL/real_000359/252.jpg,0.418875,0,0
/mnt/h200_dataset/saad/datasets/images/ancestree/ReWIND/0_real/RRDataset/REAL/real_000359/323.jpg,0.462625,0,0
/mnt/h200_dataset/saad/datasets/images/ancestree/ReWIND/0_real/RRDataset/REAL/real_000359/133.jpg,0.464082,0,0
/mnt/h200_dataset/saad/datasets/images/ancestree/ReWIND/0_real/RRDataset/REAL/real_000359/210.jpg,0.425217,0,0
/mnt/h200_dataset/saad/datasets/images/ancestree/ReWIND/0_real/RRDataset/REAL/real_000359/412.jpg,0.484121,0,0
/mnt/h200_dataset/saad/datasets/images/ancestree/ReWIND/0_real/RRDataset/REAL/real_000359/163.webp,0.409604,0,0
/mnt/h200_dataset/saad/datasets/images/ancestree/ReWIND/0_real/RRDataset/REAL/real_000359/265.jpg,0.447415,0,0
/mnt/h200_dataset/saad/datasets/images/ancestree/ReWIND/0_real/RRDataset/REAL/real_000359/414.jpg,0.485337,0,0
/mnt/h200_dataset/saad/datasets/images/ancestree/ReWIND/0_real/RRDataset/REAL/real_000359/177.jpg,0.465099,0,0
/mnt/h200_dataset/saad/datasets/images/ancestree/ReWIND/0_real/RRDataset/REAL/real_000359/290.jpg,0.420302,0,0
/mnt/h200_dataset/saad/datasets/images/ancestree/ReWIND/0_real/RRDataset/REAL/real_000359/240.webp,0.416263,0,0
/mnt/h200_dataset/saad/datasets/images/ancestree/ReWIND/0_real/RRDataset/REAL/real_000359/391.jpg,0.490258,0,0
/mnt/h200_dataset/saad/datasets/images/ancestree/ReWIND/0_real/RRDataset/REAL/real_000359/281.jpg,0.441748,0,0
/mnt/h200_dataset/saad/datasets/images/ancestree/ReWIND/0_real/RRDataset/REAL/real_000359/117.jpg,0.410845,0,0
/mnt/h200_dataset/saad/datasets/images/ancestree/ReWIND/0_real/RRDataset/REAL/real_000359/293.jpg,0.420183,0,0
/mnt/h200_dataset/saad/datasets/images/ancestree/ReWIND/0_real/RRDataset/REAL/real_000359/165.jpg,0.405802,0,0
/mnt/h200_dataset/saad/datasets/images/ancestree/ReWIND/0_real/RRDataset/REAL/real_000359/197.jpg,0.404566,0,0
/mnt/h200_dataset/saad/datasets/images/ancestree/ReWIND/0_real/RRDataset/REAL/real_000359/110.png,0.518912,1,0
/mnt/h200_dataset/saad/datasets/images/ancestree/ReWIND/0_real/RRDataset/REAL/real_000359/162.jpg,0.489465,0,0
/mnt/h200_dataset/saad/datasets/images/ancestree/ReWIND/0_real/RRDataset/REAL/real_000359/66.jpg,0.407245,0,0
/mnt/h200_dataset/saad/datasets/images/ancestree/ReWIND/0_real/RRDataset/REAL/real_000359/97.jpg,0.419351,0,0
/mnt/h200_dataset/saad/datasets/images/ancestree/ReWIND/0_real/RRDataset/REAL/real_000359/449.jpg,0.492066,0,0
/mnt/h200_dataset/saad/datasets/images/ancestree/ReWIND/0_real/RRDataset/REAL/real_000359/233.jpg,0.399841,0,0
/mnt/h200_dataset/saad/datasets/images/ancestree/ReWIND/0_real/RRDataset/REAL/real_000359/157.jpg,0.441402,0,0
/mnt/h200_dataset/saad/datasets/images/ancestree/ReWIND/0_real/RRDataset/REAL/real_000359/437.jpg,0.498005,0,0
/mnt/h200_dataset/saad/datasets/images/ancestree/ReWIND/0_real/RRDataset/REAL/real_000359/248.jpg,0.424561,0,0
/mnt/h200_dataset/saad/datasets/images/ancestree/ReWIND/0_real/RRDataset/REAL/real_000359/346.png,0.401717,0,0
/mnt/h200_dataset/saad/datasets/images/ancestree/ReWIND/0_real/RRDataset/REAL/real_000359/70.jpg,0.402451,0,0
/mnt/h200_dataset/saad/datasets/images/ancestree/ReWIND/0_real/RRDataset/REAL/real_000359/146.webp,0.449861,0,0
/mnt/h200_dataset/saad/datasets/images/ancestree/ReWIND/0_real/RRDataset/REAL/real_000359/107.jpg,0.481469,0,0
/mnt/h200_dataset/saad/datasets/images/ancestree/ReWIND/0_real/RRDataset/REAL/real_000359/250.jpg,0.423011,0,0
/mnt/h200_dataset/saad/datasets/images/ancestree/ReWIND/0_real/RRDataset/REAL/real_000359/236.jpg,0.371023,0,0
/mnt/h200_dataset/saad/datasets/images/ancestree/ReWIND/0_real/RRDataset/REAL/real_000359/441.jpg,0.411466,0,0
/mnt/h200_dataset/saad/datasets/images/ancestree/ReWIND/0_real/RRDataset/REAL/real_000359/396.jpg,0.495476,0,0
/mnt/h200_dataset/saad/datasets/images/ancestree/ReWIND/0_real/RRDataset/REAL/real_000359/306.jpg,0.436592,0,0
/mnt/h200_dataset/saad/datasets/images/ancestree/ReWIND/0_real/RRDataset/REAL/real_000359/352.webp,0.421344,0,0
/mnt/h200_dataset/saad/datasets/images/ancestree/ReWIND/0_real/RRDataset/REAL/real_000359/273.jpg,0.582313,1,0
/mnt/h200_dataset/saad/datasets/images/ancestree/ReWIND/0_real/RRDataset/REAL/real_000359/263.jpg,0.453322,0,0
/mnt/h200_dataset/saad/datasets/images/ancestree/ReWIND/0_real/RRDataset/REAL/real_000359/295.jpg,0.454154,0,0
/mnt/h200_dataset/saad/datasets/images/ancestree/ReWIND/0_real/RRDataset/REAL/real_000359/401.jpg,0.485428,0,0
/mnt/h200_dataset/saad/datasets/images/ancestree/ReWIND/0_real/RRDataset/REAL/real_000359/337.png,0.402451,0,0
/mnt/h200_dataset/saad/datasets/images/ancestree/ReWIND/0_real/RRDataset/REAL/real_000359/100.jpg,0.461745,0,0
/mnt/h200_dataset/saad/datasets/images/ancestree/ReWIND/0_real/RRDataset/REAL/real_000359/416.jpg,0.37222,0,0
/mnt/h200_dataset/saad/datasets/images/ancestree/ReWIND/0_real/RRDataset/REAL/real_000359/209.jpg,0.412086,0,0
/mnt/h200_dataset/saad/datasets/images/ancestree/ReWIND/0_real/RRDataset/REAL/real_000359/424.jpg,0.418014,0,0
/mnt/h200_dataset/saad/datasets/images/ancestree/ReWIND/0_real/RRDataset/REAL/real_000359/358.jpg,0.450949,0,0
/mnt/h200_dataset/saad/datasets/images/ancestree/ReWIND/0_real/RRDataset/REAL/real_000359/442.webp,0.457137,0,0
/mnt/h200_dataset/saad/datasets/images/ancestree/ReWIND/0_real/RRDataset/REAL/real_000359/408.jpg,0.408955,0,0
/mnt/h200_dataset/saad/datasets/images/ancestree/ReWIND/0_real/RRDataset/REAL/real_000359/292.jpg,0.461305,0,0
/mnt/h200_dataset/saad/datasets/images/ancestree/ReWIND/0_real/RRDataset/REAL/real_000359/176.jpg,0.361165,0,0
/mnt/h200_dataset/saad/datasets/images/ancestree/ReWIND/0_real/RRDataset/REAL/real_000359/395.jpg,0.45694,0,0
/mnt/h200_dataset/saad/datasets/images/ancestree/ReWIND/0_real/RRDataset/REAL/real_000359/435.jpg,0.447159,0,0
/mnt/h200_dataset/saad/datasets/images/ancestree/ReWIND/0_real/RRDataset/REAL/real_000359/309.jpg,0.423756,0,0
/mnt/h200_dataset/saad/datasets/images/ancestree/ReWIND/0_real/RRDataset/REAL/real_000359/181.jpg,0.418638,0,0
/mnt/h200_dataset/saad/datasets/images/ancestree/ReWIND/0_real/RRDataset/REAL/real_000359/319.jpg,0.455395,0,0
/mnt/h200_dataset/saad/datasets/images/ancestree/ReWIND/0_real/RRDataset/REAL/real_000359/432.jpg,0.462549,0,0
/mnt/h200_dataset/saad/datasets/images/ancestree/ReWIND/0_real/RRDataset/REAL/real_000359/256.jpg,0.445756,0,0
/mnt/h200_dataset/saad/datasets/images/ancestree/ReWIND/0_real/RRDataset/REAL/real_000359/92.jpg,0.447023,0,0
/mnt/h200_dataset/saad/datasets/images/ancestree/ReWIND/0_real/RRDataset/REAL/real_000359/411.jpg,0.407569,0,0
/mnt/h200_dataset/saad/datasets/images/ancestree/ReWIND/0_real/RRDataset/REAL/real_000359/374.jpg,0.479435,0,0
/mnt/h200_dataset/saad/datasets/images/ancestree/ReWIND/0_real/RRDataset/REAL/real_000359/149.jpg,0.478887,0,0
/mnt/h200_dataset/saad/datasets/images/ancestree/ReWIND/0_real/RRDataset/REAL/real_000359/366.jpg,0.486046,0,0
/mnt/h200_dataset/saad/datasets/images/ancestree/ReWIND/0_real/RRDataset/REAL/real_000359/397.webp,0.502688,1,0
/mnt/h200_dataset/saad/datasets/images/ancestree/ReWIND/0_real/RRDataset/REAL/real_000359/422.jpg,0.482208,0,0
/mnt/h200_dataset/saad/datasets/images/ancestree/ReWIND/0_real/RRDataset/REAL/real_000359/379.webp,0.48278,0,0
/mnt/h200_dataset/saad/datasets/images/ancestree/ReWIND/0_real/RRDataset/REAL/real_000359/200.jpg,0.424561,0,0
/mnt/h200_dataset/saad/datasets/images/ancestree/ReWIND/0_real/RRDataset/REAL/real_000359/447.jpg,0.496028,0,0
/mnt/h200_dataset/saad/datasets/images/ancestree/ReWIND/0_real/RRDataset/REAL/real_000359/467.jpg,0.474806,0,0
/mnt/h200_dataset/saad/datasets/images/ancestree/ReWIND/0_real/RRDataset/REAL/real_000359/315.jpg,0.442832,0,0
/mnt/h200_dataset/saad/datasets/images/ancestree/ReWIND/0_real/RRDataset/REAL/real_000359/67.jpg,0.445138,0,0
/mnt/h200_dataset/saad/datasets/images/ancestree/ReWIND/0_real/RRDataset/REAL/real_000359/112.jpg,0.362856,0,0
/mnt/h200_dataset/saad/datasets/images/ancestree/ReWIND/0_real/RRDataset/REAL/real_000359/135.jpg,0.44229,0,0
/mnt/h200_dataset/saad/datasets/images/ancestree/ReWIND/0_real/RRDataset/REAL/real_000359/204.jpg,0.410815,0,0
/mnt/h200_dataset/saad/datasets/images/ancestree/ReWIND/0_real/RRDataset/REAL/real_000359/194.jpg,0.488184,0,0
/mnt/h200_dataset/saad/datasets/images/ancestree/ReWIND/0_real/RRDataset/REAL/real_000359/339.jpg,0.41185,0,0
/mnt/h200_dataset/saad/datasets/images/ancestree/ReWIND/0_real/RRDataset/REAL/real_000359/137.jpg,0.367781,0,0
/mnt/h200_dataset/saad/datasets/images/ancestree/ReWIND/0_real/RRDataset/REAL/real_000359/73.jpg,0.366306,0,0
/mnt/h200_dataset/saad/datasets/images/ancestree/ReWIND/0_real/RRDataset/REAL/real_000359/332.jpg,0.458743,0,0
/mnt/h200_dataset/saad/datasets/images/ancestree/ReWIND/0_real/RRDataset/REAL/real_000359/156.jpg,0.422088,0,0
/mnt/h200_dataset/saad/datasets/images/ancestree/ReWIND/0_real/RRDataset/REAL/real_000359/123.jpg,0.477189,0,0
/mnt/h200_dataset/saad/datasets/images/ancestree/ReWIND/0_real/RRDataset/REAL/real_000359/201.jpg,0.421582,0,0
/mnt/h200_dataset/saad/datasets/images/ancestree/ReWIND/0_real/RRDataset/REAL/real_000359/254.jpg,0.423756,0,0
/mnt/h200_dataset/saad/datasets/images/ancestree/ReWIND/0_real/RRDataset/REAL/real_000359/301.jpg,0.441191,0,0
/mnt/h200_dataset/saad/datasets/images/ancestree/ReWIND/0_real/RRDataset/REAL/real_000359/377.jpg,0.386792,0,0
/mnt/h200_dataset/saad/datasets/images/ancestree/ReWIND/0_real/RRDataset/REAL/real_000359/394.jpg,0.502915,1,0
/mnt/h200_dataset/saad/datasets/images/ancestree/ReWIND/0_real/RRDataset/REAL/real_000359/257.jpg,0.464112,0,0
/mnt/h200_dataset/saad/datasets/images/ancestree/ReWIND/0_real/RRDataset/REAL/real_000359/79.jpg,0.447445,0,0
/mnt/h200_dataset/saad/datasets/images/ancestree/ReWIND/0_real/RRDataset/REAL/real_000359/298.jpg,0.476846,0,0
/mnt/h200_dataset/saad/datasets/images/ancestree/ReWIND/0_real/RRDataset/REAL/real_000359/188.jpg,0.401482,0,0
/mnt/h200_dataset/saad/datasets/images/ancestree/ReWIND/0_real/RRDataset/REAL/real_000359/451.jpg,0.487818,0,0
/mnt/h200_dataset/saad/datasets/images/ancestree/ReWIND/0_real/RRDataset/REAL/real_000359/211.jpg,0.483283,0,0
/mnt/h200_dataset/saad/datasets/images/ancestree/ReWIND/0_real/RRDataset/REAL/real_000359/444.jpg,0.497749,0,0
/mnt/h200_dataset/saad/datasets/images/ancestree/ReWIND/0_real/RRDataset/REAL/real_000359/152.jpg,0.444278,0,0
/mnt/h200_dataset/saad/datasets/images/ancestree/ReWIND/0_real/RRDataset/REAL/real_000359/145.jpg,0.462883,0,0
/mnt/h200_dataset/saad/datasets/images/ancestree/ReWIND/0_real/RRDataset/REAL/real_000359/446.jpg,0.478582,0,0
/mnt/h200_dataset/saad/datasets/images/ancestree/ReWIND/0_real/RRDataset/REAL/real_000359/464.jpg,0.434971,0,0
/mnt/h200_dataset/saad/datasets/images/ancestree/ReWIND/0_real/RRDataset/REAL/real_000359/184.jpg,0.409782,0,0
/mnt/h200_dataset/saad/datasets/images/ancestree/ReWIND/0_real/RRDataset/REAL/real_000359/101.jpg,0.346707,0,0
/mnt/h200_dataset/saad/datasets/images/ancestree/ReWIND/0_real/RRDataset/REAL/real_000359/436.jpg,0.446872,0,0
/mnt/h200_dataset/saad/datasets/images/ancestree/ReWIND/0_real/RRDataset/REAL/real_000359/329.webp,0.513207,1,0
/mnt/h200_dataset/saad/datasets/images/ancestree/ReWIND/0_real/RRDataset/REAL/real_000359/429.jpg,0.464112,0,0
/mnt/h200_dataset/saad/datasets/images/ancestree/ReWIND/0_real/RRDataset/REAL/real_000359/182.jpg,0.472782,0,0
/mnt/h200_dataset/saad/datasets/images/ancestree/ReWIND/0_real/RRDataset/REAL/real_000359/91.webp,0.457909,0,0
/mnt/h200_dataset/saad/datasets/images/ancestree/ReWIND/0_real/RRDataset/REAL/real_000359/367.jpg,0.428682,0,0
/mnt/h200_dataset/saad/datasets/images/ancestree/ReWIND/0_real/RRDataset/REAL/real_000359/365.jpg,0.461578,0,0
/mnt/h200_dataset/saad/datasets/images/ancestree/ReWIND/0_real/RRDataset/REAL/real_000359/419.webp,0.502644,1,0
/mnt/h200_dataset/saad/datasets/images/ancestree/ReWIND/0_real/RRDataset/REAL/real_000359/372.png,0.482787,0,0
/mnt/h200_dataset/saad/datasets/images/ancestree/ReWIND/0_real/RRDataset/REAL/real_000359/461.jpg,0.488211,0,0
/mnt/h200_dataset/saad/datasets/images/ancestree/ReWIND/0_real/RRDataset/REAL/real_000359/203.jpg,0.426531,0,0
/mnt/h200_dataset/saad/datasets/images/ancestree/ReWIND/0_real/RRDataset/REAL/real_000359/331.jpg,0.506999,1,0
/mnt/h200_dataset/saad/datasets/images/ancestree/ReWIND/0_real/RRDataset/REAL/real_000359/src.jpg,0.420213,0,0
/mnt/h200_dataset/saad/datasets/images/ancestree/ReWIND/0_real/RRDataset/REAL/real_000359/215.jpg,0.480578,0,0
/mnt/h200_dataset/saad/datasets/images/ancestree/ReWIND/0_real/RRDataset/REAL/real_000359/230.jpg,0.3975,0,0
/mnt/h200_dataset/saad/datasets/images/ancestree/ReWIND/0_real/RRDataset/REAL/real_000359/153.jpg,0.426501,0,0
/mnt/h200_dataset/saad/datasets/images/ancestree/ReWIND/0_real/RRDataset/REAL/real_000359/440.jpg,0.437523,0,0
/mnt/h200_dataset/saad/datasets/images/ancestree/ReWIND/0_real/RRDataset/REAL/real_000359/431.jpg,0.496816,0,0
/mnt/h200_dataset/saad/datasets/images/ancestree/ReWIND/0_real/RRDataset/REAL/real_000359/178.jpg,0.438064,0,0
/mnt/h200_dataset/saad/datasets/images/ancestree/ReWIND/0_real/RRDataset/REAL/real_000359/400.jpg,0.414129,0,0
/mnt/h200_dataset/saad/datasets/images/ancestree/ReWIND/0_real/RRDataset/REAL/real_000359/134.jpg,0.453761,0,0
/mnt/h200_dataset/saad/datasets/images/ancestree/ReWIND/0_real/RRDataset/REAL/real_000359/242.jpg,0.448124,0,0
/mnt/h200_dataset/saad/datasets/images/ancestree/ReWIND/0_real/RRDataset/REAL/real_000359/175.jpg,0.4081,0,0
/mnt/h200_dataset/saad/datasets/images/ancestree/ReWIND/0_real/RRDataset/REAL/real_000359/288.webp,0.488886,0,0
/mnt/h200_dataset/saad/datasets/images/ancestree/ReWIND/0_real/RRDataset/REAL/real_000359/439.jpg,0.450359,0,0
/mnt/h200_dataset/saad/datasets/images/ancestree/ReWIND/0_real/RRDataset/REAL/real_000359/398.jpg,0.416826,0,0
/mnt/h200_dataset/saad/datasets/images/ancestree/ReWIND/0_real/RRDataset/REAL/real_000359/328.jpg,0.403596,0,0
/mnt/h200_dataset/saad/datasets/images/ancestree/ReWIND/0_real/RRDataset/REAL/real_000359/302.jpg,0.446389,0,0
/mnt/h200_dataset/saad/datasets/images/ancestree/ReWIND/0_real/RRDataset/REAL/real_000359/420.jpg,0.408631,0,0
/mnt/h200_dataset/saad/datasets/images/ancestree/ReWIND/0_real/RRDataset/REAL/real_000359/333.jpg,0.418489,0,0
/mnt/h200_dataset/saad/datasets/images/ancestree/ReWIND/0_real/RRDataset/REAL/real_000359/453.jpg,0.542379,1,0
/mnt/h200_dataset/saad/datasets/images/ancestree/ReWIND/0_real/RRDataset/REAL/real_000359/99.jpg,0.467666,0,0
/mnt/h200_dataset/saad/datasets/images/ancestree/ReWIND/0_real/RRDataset/REAL/real_000359/376.jpg,0.451992,0,0
/mnt/h200_dataset/saad/datasets/images/ancestree/ReWIND/0_real/RRDataset/REAL/real_000359/407.jpg,0.457425,0,0
/mnt/h200_dataset/saad/datasets/images/ancestree/ReWIND/0_real/RRDataset/REAL/real_000359/415.webp,0.490998,0,0
/mnt/h200_dataset/saad/datasets/images/ancestree/ReWIND/0_real/RRDataset/REAL/real_000359/393.jpg,0.392308,0,0
/mnt/h200_dataset/saad/datasets/images/ancestree/ReWIND/0_real/RRDataset/REAL/real_000359/308.jpg,0.465949,0,0
/mnt/h200_dataset/saad/datasets/images/ancestree/ReWIND/0_real/RRDataset/REAL/real_000359/105.jpg,0.404184,0,0
/mnt/h200_dataset/saad/datasets/images/ancestree/ReWIND/0_real/RRDataset/REAL/real_000359/463.jpg,0.462731,0,0
/mnt/h200_dataset/saad/datasets/images/ancestree/ReWIND/0_real/RRDataset/REAL/real_000359/370.jpg,0.42471,0,0
/mnt/h200_dataset/saad/datasets/images/ancestree/ReWIND/0_real/RRDataset/REAL/real_000359/345.webp,0.399372,0,0
/mnt/h200_dataset/saad/datasets/images/ancestree/ReWIND/0_real/RRDataset/REAL/real_000359/82.jpg,0.36977,0,0
/mnt/h200_dataset/saad/datasets/images/ancestree/ReWIND/0_real/RRDataset/REAL/real_000359/343.jpg,0.398377,0,0
/mnt/h200_dataset/saad/datasets/images/ancestree/ReWIND/0_real/RRDataset/REAL/real_000359/193.jpg,0.49421,0,0
/mnt/h200_dataset/saad/datasets/images/ancestree/ReWIND/0_real/RRDataset/REAL/real_000359/455.jpg,0.450888,0,0
/mnt/h200_dataset/saad/datasets/images/ancestree/ReWIND/0_real/RRDataset/REAL/real_000359/460.png,0.480745,0,0
/mnt/h200_dataset/saad/datasets/images/ancestree/ReWIND/0_real/RRDataset/REAL/real_000359/213.jpg,0.396243,0,0
/mnt/h200_dataset/saad/datasets/images/ancestree/ReWIND/0_real/RRDataset/REAL/real_000359/386.jpg,0.434851,0,0
/mnt/h200_dataset/saad/datasets/images/ancestree/ReWIND/0_real/RRDataset/REAL/real_000359/286.jpg,0.414691,0,0
/mnt/h200_dataset/saad/datasets/images/ancestree/ReWIND/0_real/RRDataset/REAL/real_000359/68.jpg,0.507444,1,0
/mnt/h200_dataset/saad/datasets/images/ancestree/ReWIND/0_real/RRDataset/REAL/real_000359/76.jpg,0.399255,0,0
/mnt/h200_dataset/saad/datasets/images/ancestree/ReWIND/0_real/RRDataset/REAL/real_000359/147.jpg,0.448592,0,0
/mnt/h200_dataset/saad/datasets/images/ancestree/ReWIND/0_real/RRDataset/REAL/real_000359/121.jpg,0.502915,1,0
/mnt/h200_dataset/saad/datasets/images/ancestree/ReWIND/0_real/RRDataset/REAL/real_000359/284.jpg,0.454972,0,0
/mnt/h200_dataset/saad/datasets/images/ancestree/ReWIND/0_real/RRDataset/REAL/real_000359/383.jpg,0.466101,0,0
/mnt/h200_dataset/saad/datasets/images/ancestree/ReWIND/0_real/RRDataset/REAL/real_000359/314.jpg,0.482048,0,0
/mnt/h200_dataset/saad/datasets/images/ancestree/ReWIND/0_real/RRDataset/REAL/real_000359/161.jpg,0.477288,0,0
/mnt/h200_dataset/saad/datasets/images/ancestree/ReWIND/0_real/RRDataset/REAL/real_000359/341.jpg,0.402451,0,0
/mnt/h200_dataset/saad/datasets/images/ancestree/ReWIND/0_real/RRDataset/REAL/real_000359/122.jpg,0.368463,0,0
/mnt/h200_dataset/saad/datasets/images/ancestree/ReWIND/0_real/RRDataset/REAL/real_000359/294.jpg,0.466815,0,0
/mnt/h200_dataset/saad/datasets/images/ancestree/ReWIND/0_real/RRDataset/REAL/real_000359/95.jpg,0.410195,0,0
/mnt/h200_dataset/saad/datasets/images/ancestree/ReWIND/0_real/RRDataset/REAL/real_000359/237.jpg,0.424084,0,0
/mnt/h200_dataset/saad/datasets/images/ancestree/ReWIND/0_real/RRDataset/REAL/real_000359/102.jpg,0.477234,0,0
/mnt/h200_dataset/saad/datasets/images/ancestree/ReWIND/0_real/RRDataset/REAL/real_000359/392.jpg,0.455093,0,0
/mnt/h200_dataset/saad/datasets/images/ancestree/ReWIND/0_real/RRDataset/REAL/real_000359/388.jpg,0.439672,0,0
/mnt/h200_dataset/saad/datasets/images/ancestree/ReWIND/0_real/RRDataset/REAL/real_000359/140.jpg,0.385057,0,0
/mnt/h200_dataset/saad/datasets/images/ancestree/ReWIND/0_real/RRDataset/REAL/real_000359/129.jpg,0.43859,0,0
/mnt/h200_dataset/saad/datasets/images/ancestree/ReWIND/0_real/RRDataset/REAL/real_000359/438.jpg,0.495152,0,0
/mnt/h200_dataset/saad/datasets/images/ancestree/ReWIND/0_real/RRDataset/REAL/real_000359/126.jpg,0.43871,0,0
/mnt/h200_dataset/saad/datasets/images/ancestree/ReWIND/0_real/RRDataset/REAL/real_000359/158.jpg,0.473726,0,0
/mnt/h200_dataset/saad/datasets/images/ancestree/ReWIND/0_real/RRDataset/REAL/real_000359/300.jpg,0.477958,0,0
/mnt/h200_dataset/saad/datasets/images/ancestree/ReWIND/0_real/RRDataset/REAL/real_000359/106.jpg,0.36608,0,0
/mnt/h200_dataset/saad/datasets/images/ancestree/ReWIND/0_real/RRDataset/REAL/real_000359/202.jpg,0.427188,0,0
/mnt/h200_dataset/saad/datasets/images/ancestree/ReWIND/0_real/RRDataset/REAL/real_000359/312.jpg,0.422534,0,0
/mnt/h200_dataset/saad/datasets/images/ancestree/ReWIND/0_real/RRDataset/REAL/real_000359/259.jpg,0.446434,0,0
/mnt/h200_dataset/saad/datasets/images/ancestree/ReWIND/0_real/RRDataset/REAL/real_000359/405.jpg,0.414928,0,0
/mnt/h200_dataset/saad/datasets/images/ancestree/ReWIND/0_real/RRDataset/REAL/real_000359/78.png,0.444444,0,0
/mnt/h200_dataset/saad/datasets/images/ancestree/ReWIND/0_real/RRDataset/REAL/real_000359/311.jpg,0.483321,0,0
/mnt/h200_dataset/saad/datasets/images/ancestree/ReWIND/0_real/RRDataset/REAL/real_000359/387.jpg,0.447913,0,0
/mnt/h200_dataset/saad/datasets/images/ancestree/ReWIND/0_real/RRDataset/REAL/real_000359/241.webp,0.415907,0,0
/mnt/h200_dataset/saad/datasets/images/ancestree/ReWIND/0_real/RRDataset/REAL/real_000359/255.jpg,0.45479,0,0
/mnt/h200_dataset/saad/datasets/images/ancestree/ReWIND/0_real/RRDataset/REAL/real_000359/166.jpg,0.426889,0,0
/mnt/h200_dataset/saad/datasets/images/ancestree/ReWIND/0_real/RRDataset/REAL/real_000359/222.jpg,0.488371,0,0
/mnt/h200_dataset/saad/datasets/images/ancestree/ReWIND/0_real/RRDataset/REAL/real_000359/251.jpg,0.445605,0,0
/mnt/h200_dataset/saad/datasets/images/ancestree/ReWIND/0_real/RRDataset/REAL/real_000359/183.jpg,0.408395,0,0
/mnt/h200_dataset/saad/datasets/images/ancestree/ReWIND/0_real/RRDataset/REAL/real_000359/320.jpg,0.375878,0,0
/mnt/h200_dataset/saad/datasets/images/ancestree/ReWIND/0_real/RRDataset/REAL/real_000359/89.jpg,0.374848,0,0
/mnt/h200_dataset/saad/datasets/images/ancestree/ReWIND/0_real/RRDataset/REAL/real_000359/321.jpg,0.384739,0,0
/mnt/h200_dataset/saad/datasets/images/ancestree/ReWIND/0_real/RRDataset/REAL/real_000359/362.jpg,0.469353,0,0
/mnt/h200_dataset/saad/datasets/images/ancestree/ReWIND/0_real/RRDataset/REAL/real_000359/239.jpg,0.411022,0,0
/mnt/h200_dataset/saad/datasets/images/ancestree/ReWIND/0_real/RRDataset/REAL/real_000359/318.jpg,0.412678,0,0
/mnt/h200_dataset/saad/datasets/images/ancestree/ReWIND/0_real/RRDataset/REAL/real_000359/143.jpg,0.448306,0,0
/mnt/h200_dataset/saad/datasets/images/ancestree/ReWIND/0_real/RRDataset/REAL/real_000359/434.jpg,0.48616,0,0
/mnt/h200_dataset/saad/datasets/images/ancestree/ReWIND/0_real/RRDataset/REAL/real_000359/433.jpg,0.453368,0,0
/mnt/h200_dataset/saad/datasets/images/ancestree/ReWIND/0_real/RRDataset/REAL/real_000359/322.jpg,0.451372,0,0
/mnt/h200_dataset/saad/datasets/images/ancestree/ReWIND/0_real/RRDataset/REAL/real_000359/199.png,0.387053,0,0
/mnt/h200_dataset/saad/datasets/images/ancestree/ReWIND/0_real/RRDataset/REAL/real_000359/94.webp,0.447868,0,0
/mnt/h200_dataset/saad/datasets/images/ancestree/ReWIND/0_real/RRDataset/REAL/real_000359/297.jpg,0.41745,0,0
/mnt/h200_dataset/saad/datasets/images/ancestree/ReWIND/0_real/RRDataset/REAL/real_000359/381.jpg,0.421522,0,0
/mnt/h200_dataset/saad/datasets/images/ancestree/ReWIND/0_real/RRDataset/REAL/real_000359/90.jpg,0.420629,0,0
/mnt/h200_dataset/saad/datasets/images/ancestree/ReWIND/0_real/RRDataset/REAL/real_000359/360.jpg,0.367951,0,0
/mnt/h200_dataset/saad/datasets/images/ancestree/ReWIND/0_real/RRDataset/REAL/real_000359/205.jpg,0.454033,0,0
/mnt/h200_dataset/saad/datasets/images/ancestree/ReWIND/0_real/RRDataset/REAL/real_000359/198.jpg,0.39987,0,0
/mnt/h200_dataset/saad/datasets/images/ancestree/ReWIND/0_real/RRDataset/REAL/real_000359/389.jpg,0.365513,0,0
/mnt/h200_dataset/saad/datasets/images/ancestree/ReWIND/0_real/RRDataset/REAL/real_000359/276.jpg,0.483321,0,0
/mnt/h200_dataset/saad/datasets/images/ancestree/ReWIND/0_real/RRDataset/REAL/real_000359/280.jpg,0.41647,0,0
/mnt/h200_dataset/saad/datasets/images/ancestree/ReWIND/0_real/RRDataset/REAL/real_000359/271.jpg,0.379005,0,0
/mnt/h200_dataset/saad/datasets/images/ancestree/ReWIND/0_real/RRDataset/REAL/real_000359/282.jpg,0.473589,0,0
/mnt/h200_dataset/saad/datasets/images/ancestree/ReWIND/0_real/RRDataset/REAL/real_007188/15.jpg,0.393036,0,0
/mnt/h200_dataset/saad/datasets/images/ancestree/ReWIND/0_real/RRDataset/REAL/real_007188/22.jpg,0.42474,0,0
/mnt/h200_dataset/saad/datasets/images/ancestree/ReWIND/0_real/RRDataset/REAL/real_007188/21.jpg,0.427188,0,0
/mnt/h200_dataset/saad/datasets/images/ancestree/ReWIND/0_real/RRDataset/REAL/real_007188/14.jpg,0.416826,0,0
/mnt/h200_dataset/saad/datasets/images/ancestree/ReWIND/0_real/RRDataset/REAL/real_007188/17.jpg,0.530639,1,0
/mnt/h200_dataset/saad/datasets/images/ancestree/ReWIND/0_real/RRDataset/REAL/real_007188/10.jpg,0.494921,0,0
/mnt/h200_dataset/saad/datasets/images/ancestree/ReWIND/0_real/RRDataset/REAL/real_007188/11.jpg,0.486282,0,0
/mnt/h200_dataset/saad/datasets/images/ancestree/ReWIND/0_real/RRDataset/REAL/real_007188/13.webp,0.423518,0,0
/mnt/h200_dataset/saad/datasets/images/ancestree/ReWIND/0_real/RRDataset/REAL/real_007188/src.jpg,0.515608,1,0
/mnt/h200_dataset/saad/datasets/images/ancestree/ReWIND/0_real/RRDataset/REAL/real_007188/9.jpg,0.442125,0,0
/mnt/h200_dataset/saad/datasets/images/ancestree/ReWIND/0_real/RRDataset/REAL/real_009902/72.jpg,0.905071,1,0
/mnt/h200_dataset/saad/datasets/images/ancestree/ReWIND/0_real/RRDataset/REAL/real_009902/46.jpg,0.916783,1,0
/mnt/h200_dataset/saad/datasets/images/ancestree/ReWIND/0_real/RRDataset/REAL/real_009902/61.jpg,0.910466,1,0
/mnt/h200_dataset/saad/datasets/images/ancestree/ReWIND/0_real/RRDataset/REAL/real_009902/14.webp,0.910784,1,0
/mnt/h200_dataset/saad/datasets/images/ancestree/ReWIND/0_real/RRDataset/REAL/real_009902/75.jpg,0.911888,1,0
/mnt/h200_dataset/saad/datasets/images/ancestree/ReWIND/0_real/RRDataset/REAL/real_009902/18.jpg,0.914825,1,0
/mnt/h200_dataset/saad/datasets/images/ancestree/ReWIND/0_real/RRDataset/REAL/real_009902/53.jpg,0.910386,1,0
/mnt/h200_dataset/saad/datasets/images/ancestree/ReWIND/0_real/RRDataset/REAL/real_009902/64.jpg,0.916035,1,0
/mnt/h200_dataset/saad/datasets/images/ancestree/ReWIND/0_real/RRDataset/REAL/real_009902/47.jpg,0.899916,1,0
/mnt/h200_dataset/saad/datasets/images/ancestree/ReWIND/0_real/RRDataset/REAL/real_009902/35.jpg,0.91528,1,0
/mnt/h200_dataset/saad/datasets/images/ancestree/ReWIND/0_real/RRDataset/REAL/real_009902/38.jpg,0.893309,1,0
/mnt/h200_dataset/saad/datasets/images/ancestree/ReWIND/0_real/RRDataset/REAL/real_009902/24.webp,0.909987,1,0
/mnt/h200_dataset/saad/datasets/images/ancestree/ReWIND/0_real/RRDataset/REAL/real_009902/7.jpg,0.917451,1,0
/mnt/h200_dataset/saad/datasets/images/ancestree/ReWIND/0_real/RRDataset/REAL/real_009902/63.webp,0.914291,1,0
/mnt/h200_dataset/saad/datasets/images/ancestree/ReWIND/0_real/RRDataset/REAL/real_009902/74.jpg,0.915734,1,0
/mnt/h200_dataset/saad/datasets/images/ancestree/ReWIND/0_real/RRDataset/REAL/real_009902/26.jpg,0.918261,1,0
/mnt/h200_dataset/saad/datasets/images/ancestree/ReWIND/0_real/RRDataset/REAL/real_009902/32.jpg,0.91957,1,0
/mnt/h200_dataset/saad/datasets/images/ancestree/ReWIND/0_real/RRDataset/REAL/real_009902/28.jpg,0.921003,1,0
/mnt/h200_dataset/saad/datasets/images/ancestree/ReWIND/0_real/RRDataset/REAL/real_009902/65.jpg,0.910466,1,0
/mnt/h200_dataset/saad/datasets/images/ancestree/ReWIND/0_real/RRDataset/REAL/real_009902/60.jpg,0.913291,1,0
/mnt/h200_dataset/saad/datasets/images/ancestree/ReWIND/0_real/RRDataset/REAL/real_009902/56.jpg,0.918699,1,0
/mnt/h200_dataset/saad/datasets/images/ancestree/ReWIND/0_real/RRDataset/REAL/real_009902/54.png,0.92029,1,0
/mnt/h200_dataset/saad/datasets/images/ancestree/ReWIND/0_real/RRDataset/REAL/real_009902/30.webp,0.919859,1,0
/mnt/h200_dataset/saad/datasets/images/ancestree/ReWIND/0_real/RRDataset/REAL/real_009902/17.jpg,0.914977,1,0
/mnt/h200_dataset/saad/datasets/images/ancestree/ReWIND/0_real/RRDataset/REAL/real_009902/10.jpg,0.914825,1,0
/mnt/h200_dataset/saad/datasets/images/ancestree/ReWIND/0_real/RRDataset/REAL/real_009902/70.jpg,0.91528,1,0
/mnt/h200_dataset/saad/datasets/images/ancestree/ReWIND/0_real/RRDataset/REAL/real_009902/19.jpg,0.910784,1,0
/mnt/h200_dataset/saad/datasets/images/ancestree/ReWIND/0_real/RRDataset/REAL/real_009902/22.webp,0.919859,1,0
/mnt/h200_dataset/saad/datasets/images/ancestree/ReWIND/0_real/RRDataset/REAL/real_009902/67.png,0.860838,1,0
/mnt/h200_dataset/saad/datasets/images/ancestree/ReWIND/0_real/RRDataset/REAL/real_009902/41.jpg,0.882124,1,0
/mnt/h200_dataset/saad/datasets/images/ancestree/ReWIND/0_real/RRDataset/REAL/real_009902/57.jpg,0.912124,1,0
/mnt/h200_dataset/saad/datasets/images/ancestree/ReWIND/0_real/RRDataset/REAL/real_009902/27.webp,0.920003,1,0
/mnt/h200_dataset/saad/datasets/images/ancestree/ReWIND/0_real/RRDataset/REAL/real_009902/59.webp,0.92029,1,0
/mnt/h200_dataset/saad/datasets/images/ancestree/ReWIND/0_real/RRDataset/REAL/real_009902/73.jpg,0.884139,1,0
/mnt/h200_dataset/saad/datasets/images/ancestree/ReWIND/0_real/RRDataset/REAL/real_009902/16.webp,0.90813,1,0
/mnt/h200_dataset/saad/datasets/images/ancestree/ReWIND/0_real/RRDataset/REAL/real_009902/34.jpg,0.922831,1,0
/mnt/h200_dataset/saad/datasets/images/ancestree/ReWIND/0_real/RRDataset/REAL/real_009902/13.webp,0.911495,1,0
/mnt/h200_dataset/saad/datasets/images/ancestree/ReWIND/0_real/RRDataset/REAL/real_009902/58.jpg,0.908699,1,0
/mnt/h200_dataset/saad/datasets/images/ancestree/ReWIND/0_real/RRDataset/REAL/real_009902/src.jpg,0.904144,1,0
/mnt/h200_dataset/saad/datasets/images/ancestree/ReWIND/0_real/RRDataset/REAL/real_009902/69.webp,0.913754,1,0
/mnt/h200_dataset/saad/datasets/images/ancestree/ReWIND/0_real/RRDataset/REAL/real_009902/9.jpg,0.902867,1,0
/mnt/h200_dataset/saad/datasets/images/ancestree/ReWIND/0_real/RRDataset/REAL/real_009902/42.jpg,0.92297,1,0
/mnt/h200_dataset/saad/datasets/images/ancestree/ReWIND/0_real/RRDataset/REAL/real_009902/43.jpg,0.918261,1,0
/mnt/h200_dataset/saad/datasets/images/ancestree/ReWIND/0_real/RRDataset/REAL/real_009902/20.webp,0.914061,1,0
/mnt/h200_dataset/saad/datasets/images/ancestree/ReWIND/0_real/RRDataset/REAL/real_009902/29.jpg,0.920146,1,0
/mnt/h200_dataset/saad/datasets/images/ancestree/ReWIND/0_real/RRDataset/REAL/real_009902/33.jpg,0.906901,1,0
/mnt/h200_dataset/saad/datasets/images/ancestree/ReWIND/0_real/RRDataset/REAL/real_009902/15.webp,0.897785,1,0
/mnt/h200_dataset/saad/datasets/images/ancestree/ReWIND/0_real/RRDataset/REAL/real_009902/68.jpg,0.908049,1,0
/mnt/h200_dataset/saad/datasets/images/ancestree/ReWIND/0_real/RRDataset/REAL/real_009902/76.jpg,0.907394,1,0
/mnt/h200_dataset/saad/datasets/images/ancestree/ReWIND/0_real/RRDataset/REAL/real_009902/23.jpg,0.920146,1,0
/mnt/h200_dataset/saad/datasets/images/ancestree/ReWIND/0_real/RRDataset/REAL/real_009902/37.jpg,0.916335,1,0
/mnt/h200_dataset/saad/datasets/images/ancestree/ReWIND/0_real/RRDataset/REAL/real_009902/39.jpg,0.901575,1,0
/mnt/h200_dataset/saad/datasets/images/ancestree/ReWIND/0_real/RRDataset/REAL/real_009902/62.jpg,0.922412,1,0
/mnt/h200_dataset/saad/datasets/images/ancestree/ReWIND/0_real/RRDataset/REAL/real_009902/52.jpg,0.909023,1,0
/mnt/h200_dataset/saad/datasets/images/ancestree/ReWIND/0_real/RRDataset/REAL/real_009902/48.png,0.815967,1,0
/mnt/h200_dataset/saad/datasets/images/ancestree/ReWIND/0_real/RRDataset/REAL/real_009902/5.webp,0.911416,1,0
/mnt/h200_dataset/saad/datasets/images/ancestree/ReWIND/0_real/RRDataset/REAL/real_009902/12.jpg,0.921711,1,0
/mnt/h200_dataset/saad/datasets/images/ancestree/ReWIND/0_real/RRDataset/REAL/real_000028/709.jpg,0.31059,0,0
/mnt/h200_dataset/saad/datasets/images/ancestree/ReWIND/0_real/RRDataset/REAL/real_000028/741.jpg,0.810929,1,0
/mnt/h200_dataset/saad/datasets/images/ancestree/ReWIND/0_real/RRDataset/REAL/real_000028/708.jpg,0.771155,1,0
/mnt/h200_dataset/saad/datasets/images/ancestree/ReWIND/0_real/RRDataset/REAL/real_000028/701.jpg,0.764364,1,0
/mnt/h200_dataset/saad/datasets/images/ancestree/ReWIND/0_real/RRDataset/REAL/real_000028/719.webp,0.757794,1,0
/mnt/h200_dataset/saad/datasets/images/ancestree/ReWIND/0_real/RRDataset/REAL/real_000028/733.jpg,0.811527,1,0
/mnt/h200_dataset/saad/datasets/images/ancestree/ReWIND/0_real/RRDataset/REAL/real_000028/727.jpg,0.357455,0,0
/mnt/h200_dataset/saad/datasets/images/ancestree/ReWIND/0_real/RRDataset/REAL/real_000028/714.jpg,0.26341,0,0
/mnt/h200_dataset/saad/datasets/images/ancestree/ReWIND/0_real/RRDataset/REAL/real_000028/702.jpg,0.459091,0,0
/mnt/h200_dataset/saad/datasets/images/ancestree/ReWIND/0_real/RRDataset/REAL/real_000028/715.jpg,0.635505,1,0
/mnt/h200_dataset/saad/datasets/images/ancestree/ReWIND/0_real/RRDataset/REAL/real_000028/743.webp,0.450178,0,0
/mnt/h200_dataset/saad/datasets/images/ancestree/ReWIND/0_real/RRDataset/REAL/real_000028/704.jpg,0.404066,0,0
/mnt/h200_dataset/saad/datasets/images/ancestree/ReWIND/0_real/RRDataset/REAL/real_000028/734.jpg,0.345105,0,0
/mnt/h200_dataset/saad/datasets/images/ancestree/ReWIND/0_real/RRDataset/REAL/real_000028/692.jpg,0.726523,1,0
/mnt/h200_dataset/saad/datasets/images/ancestree/ReWIND/0_real/RRDataset/REAL/real_000028/722.jpg,0.233794,0,0
/mnt/h200_dataset/saad/datasets/images/ancestree/ReWIND/0_real/RRDataset/REAL/real_000028/700.jpg,0.808521,1,0
/mnt/h200_dataset/saad/datasets/images/ancestree/ReWIND/0_real/RRDataset/REAL/real_000028/725.jpg,0.433232,0,0
/mnt/h200_dataset/saad/datasets/images/ancestree/ReWIND/0_real/RRDataset/REAL/real_000028/712.jpg,0.295332,0,0
/mnt/h200_dataset/saad/datasets/images/ancestree/ReWIND/0_real/RRDataset/REAL/real_000028/740.jpg,0.802168,1,0
/mnt/h200_dataset/saad/datasets/images/ancestree/ReWIND/0_real/RRDataset/REAL/real_000028/699.jpg,0.572932,1,0
/mnt/h200_dataset/saad/datasets/images/ancestree/ReWIND/0_real/RRDataset/REAL/real_000028/707.webp,0.743168,1,0
/mnt/h200_dataset/saad/datasets/images/ancestree/ReWIND/0_real/RRDataset/REAL/real_000028/731.jpg,0.47677,0,0
/mnt/h200_dataset/saad/datasets/images/ancestree/ReWIND/0_real/RRDataset/REAL/real_000028/737.jpg,0.644673,1,0
/mnt/h200_dataset/saad/datasets/images/ancestree/ReWIND/0_real/RRDataset/REAL/real_000028/703.jpg,0.743913,1,0
/mnt/h200_dataset/saad/datasets/images/ancestree/ReWIND/0_real/RRDataset/REAL/real_000028/744.png,0.447838,0,0
/mnt/h200_dataset/saad/datasets/images/ancestree/ReWIND/0_real/RRDataset/REAL/real_000028/732.jpg,0.458288,0,0
/mnt/h200_dataset/saad/datasets/images/ancestree/ReWIND/0_real/RRDataset/REAL/real_000028/711.jpg,0.447234,0,0
/mnt/h200_dataset/saad/datasets/images/ancestree/ReWIND/0_real/RRDataset/REAL/real_000028/746.jpg,0.518843,1,0
/mnt/h200_dataset/saad/datasets/images/ancestree/ReWIND/0_real/RRDataset/REAL/real_000028/729.jpg,0.762778,1,0
/mnt/h200_dataset/saad/datasets/images/ancestree/ReWIND/0_real/RRDataset/REAL/real_000028/717.png,0.808143,1,0
/mnt/h200_dataset/saad/datasets/images/ancestree/ReWIND/0_real/RRDataset/REAL/real_000028/745.webp,0.389111,0,0
/mnt/h200_dataset/saad/datasets/images/ancestree/ReWIND/0_real/RRDataset/REAL/real_000028/721.jpg,0.555902,1,0
/mnt/h200_dataset/saad/datasets/images/ancestree/ReWIND/0_real/RRDataset/REAL/real_000028/739.jpg,0.308086,0,0
/mnt/h200_dataset/saad/datasets/images/ancestree/ReWIND/0_real/RRDataset/REAL/real_000028/730.jpg,0.351033,0,0
/mnt/h200_dataset/saad/datasets/images/ancestree/ReWIND/0_real/RRDataset/REAL/real_000028/710.jpg,0.660501,1,0
/mnt/h200_dataset/saad/datasets/images/ancestree/ReWIND/0_real/RRDataset/REAL/real_000028/src.jpg,0.561019,1,0
/mnt/h200_dataset/saad/datasets/images/ancestree/ReWIND/0_real/RRDataset/REAL/real_000028/726.webp,0.820613,1,0
/mnt/h200_dataset/saad/datasets/images/ancestree/ReWIND/0_real/RRDataset/REAL/real_000028/716.jpg,0.636692,1,0
/mnt/h200_dataset/saad/datasets/images/ancestree/ReWIND/0_real/RRDataset/REAL/real_000028/723.jpg,0.760117,1,0
/mnt/h200_dataset/saad/datasets/images/ancestree/ReWIND/0_real/RRDataset/REAL/real_000028/718.jpg,0.326379,0,0
/mnt/h200_dataset/saad/datasets/images/ancestree/ReWIND/0_real/RRDataset/REAL/real_000028/705.jpg,0.33112,0,0
/mnt/h200_dataset/saad/datasets/images/ancestree/ReWIND/0_real/RRDataset/REAL/real_000028/713.jpg,0.389343,0,0
/mnt/h200_dataset/saad/datasets/images/ancestree/ReWIND/0_real/RRDataset/REAL/real_000028/696.jpg,0.458137,0,0
/mnt/h200_dataset/saad/datasets/images/ancestree/ReWIND/0_real/RRDataset/REAL/real_000028/695.jpg,0.680719,1,0
/mnt/h200_dataset/saad/datasets/images/ancestree/ReWIND/0_real/RRDataset/REAL/real_000028/736.jpg,0.630116,1,0
/mnt/h200_dataset/saad/datasets/images/ancestree/ReWIND/0_real/RRDataset/REAL/real_000028/698.jpg,0.639286,1,0
/mnt/h200_dataset/saad/datasets/images/ancestree/ReWIND/0_real/RRDataset/REAL/real_000028/724.jpg,0.438905,0,0
/mnt/h200_dataset/saad/datasets/images/ancestree/ReWIND/0_real/RRDataset/REAL/real_000469/131.jpg,0.453443,0,0
/mnt/h200_dataset/saad/datasets/images/ancestree/ReWIND/0_real/RRDataset/REAL/real_000469/114.jpg,0.21767,0,0
/mnt/h200_dataset/saad/datasets/images/ancestree/ReWIND/0_real/RRDataset/REAL/real_000469/109.jpg,0.381508,0,0
/mnt/h200_dataset/saad/datasets/images/ancestree/ReWIND/0_real/RRDataset/REAL/real_000469/132.jpg,0.381508,0,0
/mnt/h200_dataset/saad/datasets/images/ancestree/ReWIND/0_real/RRDataset/REAL/real_000469/167.jpg,0.225929,0,0
/mnt/h200_dataset/saad/datasets/images/ancestree/ReWIND/0_real/RRDataset/REAL/real_000469/108.jpg,0.194368,0,0
/mnt/h200_dataset/saad/datasets/images/ancestree/ReWIND/0_real/RRDataset/REAL/real_000469/115.jpg,0.428084,0,0
/mnt/h200_dataset/saad/datasets/images/ancestree/ReWIND/0_real/RRDataset/REAL/real_000469/173.jpg,0.401541,0,0
/mnt/h200_dataset/saad/datasets/images/ancestree/ReWIND/0_real/RRDataset/REAL/real_000469/180.jpg,0.381508,0,0
/mnt/h200_dataset/saad/datasets/images/ancestree/ReWIND/0_real/RRDataset/REAL/real_000469/177.jpg,0.346541,0,0
/mnt/h200_dataset/saad/datasets/images/ancestree/ReWIND/0_real/RRDataset/REAL/real_000469/107.jpg,0.319705,0,0
/mnt/h200_dataset/saad/datasets/images/ancestree/ReWIND/0_real/RRDataset/REAL/real_000469/181.jpg,0.257392,0,0
/mnt/h200_dataset/saad/datasets/images/ancestree/ReWIND/0_real/RRDataset/REAL/real_000469/src.jpg,0.266548,0,0
/mnt/h200_dataset/saad/datasets/images/ancestree/ReWIND/0_real/RRDataset/REAL/real_000469/105.jpg,0.20947,0,0
/mnt/h200_dataset/saad/datasets/images/ancestree/ReWIND/0_real/RRDataset/REAL/real_000469/106.jpg,0.26341,0,0
/mnt/h200_dataset/saad/datasets/images/ancestree/ReWIND/0_real/RRDataset/REAL/real_009767/402.jpg,0.839142,1,0
/mnt/h200_dataset/saad/datasets/images/ancestree/ReWIND/0_real/RRDataset/REAL/real_009767/403.jpg,0.836354,1,0
/mnt/h200_dataset/saad/datasets/images/ancestree/ReWIND/0_real/RRDataset/REAL/real_009767/399.jpg,0.833528,1,0
/mnt/h200_dataset/saad/datasets/images/ancestree/ReWIND/0_real/RRDataset/REAL/real_009767/391.webp,0.825238,1,0
/mnt/h200_dataset/saad/datasets/images/ancestree/ReWIND/0_real/RRDataset/REAL/real_009767/390.jpg,0.820685,1,0
/mnt/h200_dataset/saad/datasets/images/ancestree/ReWIND/0_real/RRDataset/REAL/real_009767/401.jpg,0.855006,1,0
/mnt/h200_dataset/saad/datasets/images/ancestree/ReWIND/0_real/RRDataset/REAL/real_009767/397.webp,0.81457,1,0
/mnt/h200_dataset/saad/datasets/images/ancestree/ReWIND/0_real/RRDataset/REAL/real_009767/394.jpg,0.824037,1,0
/mnt/h200_dataset/saad/datasets/images/ancestree/ReWIND/0_real/RRDataset/REAL/real_009767/src.jpg,0.801548,1,0
/mnt/h200_dataset/saad/datasets/images/ancestree/ReWIND/0_real/RRDataset/REAL/real_009767/400.jpg,0.77806,1,0
/mnt/h200_dataset/saad/datasets/images/ancestree/ReWIND/0_real/RRDataset/REAL/real_009767/393.jpg,0.849784,1,0
/mnt/h200_dataset/saad/datasets/images/ancestree/ReWIND/0_real/RRDataset/REAL/real_009767/392.jpg,0.82887,1,0
/mnt/h200_dataset/saad/datasets/images/ancestree/ReWIND/0_real/RRDataset/REAL/real_009767/389.jpg,0.870927,1,0
/mnt/h200_dataset/saad/datasets/images/ancestree/ReWIND/0_real/RRDataset/REAL/real_008201/593.jpg,0.620305,1,0
/mnt/h200_dataset/saad/datasets/images/ancestree/ReWIND/0_real/RRDataset/REAL/real_008201/596.jpg,0.684159,1,0
/mnt/h200_dataset/saad/datasets/images/ancestree/ReWIND/0_real/RRDataset/REAL/real_008201/613.jpg,0.61783,1,0
/mnt/h200_dataset/saad/datasets/images/ancestree/ReWIND/0_real/RRDataset/REAL/real_008201/588.jpg,0.715821,1,0
/mnt/h200_dataset/saad/datasets/images/ancestree/ReWIND/0_real/RRDataset/REAL/real_008201/605.jpg,0.693577,1,0
/mnt/h200_dataset/saad/datasets/images/ancestree/ReWIND/0_real/RRDataset/REAL/real_008201/597.jpg,0.650745,1,0
/mnt/h200_dataset/saad/datasets/images/ancestree/ReWIND/0_real/RRDataset/REAL/real_008201/581.jpg,0.710427,1,0
/mnt/h200_dataset/saad/datasets/images/ancestree/ReWIND/0_real/RRDataset/REAL/real_008201/608.jpg,0.759939,1,0
/mnt/h200_dataset/saad/datasets/images/ancestree/ReWIND/0_real/RRDataset/REAL/real_008201/603.webp,0.648188,1,0
/mnt/h200_dataset/saad/datasets/images/ancestree/ReWIND/0_real/RRDataset/REAL/real_008201/583.webp,0.544075,1,0
/mnt/h200_dataset/saad/datasets/images/ancestree/ReWIND/0_real/RRDataset/REAL/real_008201/601.jpg,0.751101,1,0
/mnt/h200_dataset/saad/datasets/images/ancestree/ReWIND/0_real/RRDataset/REAL/real_008201/598.webp,0.728362,1,0
/mnt/h200_dataset/saad/datasets/images/ancestree/ReWIND/0_real/RRDataset/REAL/real_008201/589.jpg,0.678913,1,0
/mnt/h200_dataset/saad/datasets/images/ancestree/ReWIND/0_real/RRDataset/REAL/real_008201/595.jpg,0.682468,1,0
/mnt/h200_dataset/saad/datasets/images/ancestree/ReWIND/0_real/RRDataset/REAL/real_008201/610.jpg,0.680295,1,0
/mnt/h200_dataset/saad/datasets/images/ancestree/ReWIND/0_real/RRDataset/REAL/real_008201/614.jpg,0.550456,1,0
/mnt/h200_dataset/saad/datasets/images/ancestree/ReWIND/0_real/RRDataset/REAL/real_008201/576.jpg,0.420629,0,0
/mnt/h200_dataset/saad/datasets/images/ancestree/ReWIND/0_real/RRDataset/REAL/real_008201/579.webp,0.547993,1,0
/mnt/h200_dataset/saad/datasets/images/ancestree/ReWIND/0_real/RRDataset/REAL/real_008201/582.jpg,0.709623,1,0
/mnt/h200_dataset/saad/datasets/images/ancestree/ReWIND/0_real/RRDataset/REAL/real_008201/577.jpg,0.713232,1,0
/mnt/h200_dataset/saad/datasets/images/ancestree/ReWIND/0_real/RRDataset/REAL/real_008201/612.png,0.612513,1,0
/mnt/h200_dataset/saad/datasets/images/ancestree/ReWIND/0_real/RRDataset/REAL/real_008201/580.jpg,0.584775,1,0
/mnt/h200_dataset/saad/datasets/images/ancestree/ReWIND/0_real/RRDataset/REAL/real_008201/578.jpg,0.582847,1,0
/mnt/h200_dataset/saad/datasets/images/ancestree/ReWIND/0_real/RRDataset/REAL/real_008201/606.jpg,0.645846,1,0
/mnt/h200_dataset/saad/datasets/images/ancestree/ReWIND/0_real/RRDataset/REAL/real_008201/604.jpg,0.692954,1,0
/mnt/h200_dataset/saad/datasets/images/ancestree/ReWIND/0_real/RRDataset/REAL/real_008201/609.png,0.66356,1,0
/mnt/h200_dataset/saad/datasets/images/ancestree/ReWIND/0_real/RRDataset/REAL/real_008201/594.webp,0.669691,1,0
/mnt/h200_dataset/saad/datasets/images/ancestree/ReWIND/0_real/RRDataset/REAL/real_008201/611.jpg,0.644784,1,0
/mnt/h200_dataset/saad/datasets/images/ancestree/ReWIND/0_real/RRDataset/REAL/real_008201/590.jpg,0.645455,1,0
/mnt/h200_dataset/saad/datasets/images/ancestree/ReWIND/0_real/RRDataset/REAL/real_008201/607.jpg,0.642489,1,0
/mnt/h200_dataset/saad/datasets/images/ancestree/ReWIND/0_real/RRDataset/REAL/real_008201/599.jpg,0.663996,1,0
/mnt/h200_dataset/saad/datasets/images/ancestree/ReWIND/0_real/RRDataset/REAL/real_008201/584.jpg,0.574335,1,0
/mnt/h200_dataset/saad/datasets/images/ancestree/ReWIND/0_real/RRDataset/REAL/real_000190/758.jpg,0.676246,1,0
/mnt/h200_dataset/saad/datasets/images/ancestree/ReWIND/0_real/RRDataset/REAL/real_000190/754.jpg,0.316686,0,0
/mnt/h200_dataset/saad/datasets/images/ancestree/ReWIND/0_real/RRDataset/REAL/real_000190/760.webp,0.663505,1,0
/mnt/h200_dataset/saad/datasets/images/ancestree/ReWIND/0_real/RRDataset/REAL/real_000190/752.jpg,0.789396,1,0
/mnt/h200_dataset/saad/datasets/images/ancestree/ReWIND/0_real/RRDataset/REAL/real_000190/757.jpg,0.781664,1,0
/mnt/h200_dataset/saad/datasets/images/ancestree/ReWIND/0_real/RRDataset/REAL/real_000190/755.jpg,0.75037,1,0
/mnt/h200_dataset/saad/datasets/images/ancestree/ReWIND/0_real/RRDataset/REAL/real_000190/src.jpg,0.827898,1,0
/mnt/h200_dataset/saad/datasets/images/ancestree/ReWIND/0_real/RRDataset/REAL/real_000190/756.jpg,0.742328,1,0
/mnt/h200_dataset/saad/datasets/images/ancestree/ReWIND/0_real/RRDataset/REAL/real_000190/753.jpg,0.68437,1,0
/mnt/h200_dataset/saad/datasets/images/ancestree/ReWIND/0_real/RRDataset/REAL/real_000190/761.jpg,0.842539,1,0
/mnt/h200_dataset/saad/datasets/images/ancestree/ReWIND/0_real/RRDataset/REAL/real_000190/762.jpg,0.300951,0,0
/mnt/h200_dataset/saad/datasets/images/ancestree/ReWIND/0_real/RRDataset/REAL/real_000190/763.jpg,0.341857,0,0
/mnt/h200_dataset/saad/datasets/images/ancestree/ReWIND/0_real/RRDataset/REAL/real_000190/759.jpg,0.717655,1,0
/mnt/h200_dataset/saad/datasets/images/ancestree/ReWIND/0_real/RRDataset/REAL/real_000324/428.jpg,0.411288,0,0
/mnt/h200_dataset/saad/datasets/images/ancestree/ReWIND/0_real/RRDataset/REAL/real_000324/413.jpg,0.545104,1,0
/mnt/h200_dataset/saad/datasets/images/ancestree/ReWIND/0_real/RRDataset/REAL/real_000324/418.jpg,0.560162,1,0
/mnt/h200_dataset/saad/datasets/images/ancestree/ReWIND/0_real/RRDataset/REAL/real_000324/409.jpg,0.536434,1,0
/mnt/h200_dataset/saad/datasets/images/ancestree/ReWIND/0_real/RRDataset/REAL/real_000324/410.jpg,0.552057,1,0
/mnt/h200_dataset/saad/datasets/images/ancestree/ReWIND/0_real/RRDataset/REAL/real_000324/417.jpg,0.475994,0,0
/mnt/h200_dataset/saad/datasets/images/ancestree/ReWIND/0_real/RRDataset/REAL/real_000324/425.jpg,0.536799,1,0
/mnt/h200_dataset/saad/datasets/images/ancestree/ReWIND/0_real/RRDataset/REAL/real_000324/426.jpg,0.508357,1,0
/mnt/h200_dataset/saad/datasets/images/ancestree/ReWIND/0_real/RRDataset/REAL/real_000324/421.jpg,0.50069,1,0
/mnt/h200_dataset/saad/datasets/images/ancestree/ReWIND/0_real/RRDataset/REAL/real_000324/412.jpg,0.549384,1,0
/mnt/h200_dataset/saad/datasets/images/ancestree/ReWIND/0_real/RRDataset/REAL/real_000324/427.jpg,0.469049,0,0
/mnt/h200_dataset/saad/datasets/images/ancestree/ReWIND/0_real/RRDataset/REAL/real_000324/414.jpg,0.538149,1,0
/mnt/h200_dataset/saad/datasets/images/ancestree/ReWIND/0_real/RRDataset/REAL/real_000324/437.jpg,0.502929,1,0
/mnt/h200_dataset/saad/datasets/images/ancestree/ReWIND/0_real/RRDataset/REAL/real_000324/416.jpg,0.531141,1,0
/mnt/h200_dataset/saad/datasets/images/ancestree/ReWIND/0_real/RRDataset/REAL/real_000324/424.jpg,0.508357,1,0
/mnt/h200_dataset/saad/datasets/images/ancestree/ReWIND/0_real/RRDataset/REAL/real_000324/408.jpg,0.413418,0,0
/mnt/h200_dataset/saad/datasets/images/ancestree/ReWIND/0_real/RRDataset/REAL/real_000324/435.jpg,0.549082,1,0
/mnt/h200_dataset/saad/datasets/images/ancestree/ReWIND/0_real/RRDataset/REAL/real_000324/432.jpg,0.489812,0,0
/mnt/h200_dataset/saad/datasets/images/ancestree/ReWIND/0_real/RRDataset/REAL/real_000324/411.jpg,0.445349,0,0
/mnt/h200_dataset/saad/datasets/images/ancestree/ReWIND/0_real/RRDataset/REAL/real_000324/422.jpg,0.420243,0,0
/mnt/h200_dataset/saad/datasets/images/ancestree/ReWIND/0_real/RRDataset/REAL/real_000324/415.jpg,0.543393,1,0
/mnt/h200_dataset/saad/datasets/images/ancestree/ReWIND/0_real/RRDataset/REAL/real_000324/436.jpg,0.530442,1,0
/mnt/h200_dataset/saad/datasets/images/ancestree/ReWIND/0_real/RRDataset/REAL/real_000324/429.jpg,0.528997,1,0
/mnt/h200_dataset/saad/datasets/images/ancestree/ReWIND/0_real/RRDataset/REAL/real_000324/src.jpg,0.519361,1,0
/mnt/h200_dataset/saad/datasets/images/ancestree/ReWIND/0_real/RRDataset/REAL/real_000324/431.jpg,0.499572,0,0
/mnt/h200_dataset/saad/datasets/images/ancestree/ReWIND/0_real/RRDataset/REAL/real_000324/439.jpg,0.509383,1,0
/mnt/h200_dataset/saad/datasets/images/ancestree/ReWIND/0_real/RRDataset/REAL/real_000324/420.jpg,0.522804,1,0
/mnt/h200_dataset/saad/datasets/images/ancestree/ReWIND/0_real/RRDataset/REAL/real_000324/419.jpg,0.469361,0,0
/mnt/h200_dataset/saad/datasets/images/ancestree/ReWIND/0_real/RRDataset/REAL/real_000324/438.jpg,0.420362,0,0
/mnt/h200_dataset/saad/datasets/images/ancestree/ReWIND/0_real/RRDataset/REAL/real_000324/405.jpg,0.448155,0,0
/mnt/h200_dataset/saad/datasets/images/ancestree/ReWIND/0_real/RRDataset/REAL/real_000324/423.jpg,0.536799,1,0
/mnt/h200_dataset/saad/datasets/images/ancestree/ReWIND/0_real/RRDataset/REAL/real_000324/406.jpg,0.470516,0,0
/mnt/h200_dataset/saad/datasets/images/ancestree/ReWIND/0_real/RRDataset/REAL/real_000324/433.jpg,0.450375,0,0
/mnt/h200_dataset/saad/datasets/images/ancestree/ReWIND/0_real/RRDataset/REAL/real_009752/640.jpg,0.388299,0,0
/mnt/h200_dataset/saad/datasets/images/ancestree/ReWIND/0_real/RRDataset/REAL/real_009752/586.jpg,0.684739,1,0
/mnt/h200_dataset/saad/datasets/images/ancestree/ReWIND/0_real/RRDataset/REAL/real_009752/593.jpg,0.209066,0,0
/mnt/h200_dataset/saad/datasets/images/ancestree/ReWIND/0_real/RRDataset/REAL/real_009752/541.jpg,0.507055,1,0
/mnt/h200_dataset/saad/datasets/images/ancestree/ReWIND/0_real/RRDataset/REAL/real_009752/561.webp,0.255065,0,0
/mnt/h200_dataset/saad/datasets/images/ancestree/ReWIND/0_real/RRDataset/REAL/real_009752/596.jpg,0.505604,1,0
/mnt/h200_dataset/saad/datasets/images/ancestree/ReWIND/0_real/RRDataset/REAL/real_009752/616.jpg,0.542273,1,0
/mnt/h200_dataset/saad/datasets/images/ancestree/ReWIND/0_real/RRDataset/REAL/real_009752/517.jpg,0.68784,1,0
/mnt/h200_dataset/saad/datasets/images/ancestree/ReWIND/0_real/RRDataset/REAL/real_009752/572.jpg,0.131452,0,0
/mnt/h200_dataset/saad/datasets/images/ancestree/ReWIND/0_real/RRDataset/REAL/real_009752/481.jpg,0.733833,1,0
/mnt/h200_dataset/saad/datasets/images/ancestree/ReWIND/0_real/RRDataset/REAL/real_009752/524.webp,0.63861,1,0
/mnt/h200_dataset/saad/datasets/images/ancestree/ReWIND/0_real/RRDataset/REAL/real_009752/642.jpg,0.434941,0,0
/mnt/h200_dataset/saad/datasets/images/ancestree/ReWIND/0_real/RRDataset/REAL/real_009752/647.jpg,0.111145,0,0
/mnt/h200_dataset/saad/datasets/images/ancestree/ReWIND/0_real/RRDataset/REAL/real_009752/643.jpg,0.208501,0,0
/mnt/h200_dataset/saad/datasets/images/ancestree/ReWIND/0_real/RRDataset/REAL/real_009752/457.jpg,0.687158,1,0
/mnt/h200_dataset/saad/datasets/images/ancestree/ReWIND/0_real/RRDataset/REAL/real_009752/613.jpg,0.6705,1,0
/mnt/h200_dataset/saad/datasets/images/ancestree/ReWIND/0_real/RRDataset/REAL/real_009752/575.jpg,0.693836,1,0
/mnt/h200_dataset/saad/datasets/images/ancestree/ReWIND/0_real/RRDataset/REAL/real_009752/515.jpg,0.445047,0,0
/mnt/h200_dataset/saad/datasets/images/ancestree/ReWIND/0_real/RRDataset/REAL/real_009752/560.webp,0.126192,0,0
/mnt/h200_dataset/saad/datasets/images/ancestree/ReWIND/0_real/RRDataset/REAL/real_009752/449.webp,0.618752,1,0
/mnt/h200_dataset/saad/datasets/images/ancestree/ReWIND/0_real/RRDataset/REAL/real_009752/631.jpg,0.647631,1,0
/mnt/h200_dataset/saad/datasets/images/ancestree/ReWIND/0_real/RRDataset/REAL/real_009752/627.jpg,0.693836,1,0
/mnt/h200_dataset/saad/datasets/images/ancestree/ReWIND/0_real/RRDataset/REAL/real_009752/555.jpg,0.537102,1,0
/mnt/h200_dataset/saad/datasets/images/ancestree/ReWIND/0_real/RRDataset/REAL/real_009752/448.webp,0.712282,1,0
/mnt/h200_dataset/saad/datasets/images/ancestree/ReWIND/0_real/RRDataset/REAL/real_009752/525.jpg,0.634034,1,0
/mnt/h200_dataset/saad/datasets/images/ancestree/ReWIND/0_real/RRDataset/REAL/real_009752/557.jpg,0.648522,1,0
/mnt/h200_dataset/saad/datasets/images/ancestree/ReWIND/0_real/RRDataset/REAL/real_009752/630.jpg,0.694355,1,0
/mnt/h200_dataset/saad/datasets/images/ancestree/ReWIND/0_real/RRDataset/REAL/real_009752/488.jpg,0.397178,0,0
/mnt/h200_dataset/saad/datasets/images/ancestree/ReWIND/0_real/RRDataset/REAL/real_009752/474.jpg,0.494852,0,0
/mnt/h200_dataset/saad/datasets/images/ancestree/ReWIND/0_real/RRDataset/REAL/real_009752/619.jpg,0.625552,1,0
/mnt/h200_dataset/saad/datasets/images/ancestree/ReWIND/0_real/RRDataset/REAL/real_009752/452.jpg,0.108566,0,0
/mnt/h200_dataset/saad/datasets/images/ancestree/ReWIND/0_real/RRDataset/REAL/real_009752/628.jpg,0.700536,1,0
/mnt/h200_dataset/saad/datasets/images/ancestree/ReWIND/0_real/RRDataset/REAL/real_009752/489.jpg,0.348922,0,0
/mnt/h200_dataset/saad/datasets/images/ancestree/ReWIND/0_real/RRDataset/REAL/real_009752/468.png,0.911888,1,0
/mnt/h200_dataset/saad/datasets/images/ancestree/ReWIND/0_real/RRDataset/REAL/real_009752/538.jpg,0.427158,0,0
/mnt/h200_dataset/saad/datasets/images/ancestree/ReWIND/0_real/RRDataset/REAL/real_009752/554.jpg,0.564879,1,0
/mnt/h200_dataset/saad/datasets/images/ancestree/ReWIND/0_real/RRDataset/REAL/real_009752/458.jpg,0.156298,0,0
/mnt/h200_dataset/saad/datasets/images/ancestree/ReWIND/0_real/RRDataset/REAL/real_009752/503.jpg,0.709271,1,0
/mnt/h200_dataset/saad/datasets/images/ancestree/ReWIND/0_real/RRDataset/REAL/real_009752/532.jpg,0.49175,0,0
/mnt/h200_dataset/saad/datasets/images/ancestree/ReWIND/0_real/RRDataset/REAL/real_009752/530.jpg,0.682415,1,0
/mnt/h200_dataset/saad/datasets/images/ancestree/ReWIND/0_real/RRDataset/REAL/real_009752/605.jpg,0.69394,1,0
/mnt/h200_dataset/saad/datasets/images/ancestree/ReWIND/0_real/RRDataset/REAL/real_009752/510.webp,0.71393,1,0
/mnt/h200_dataset/saad/datasets/images/ancestree/ReWIND/0_real/RRDataset/REAL/real_009752/620.jpg,0.334263,0,0
/mnt/h200_dataset/saad/datasets/images/ancestree/ReWIND/0_real/RRDataset/REAL/real_009752/483.png,0.179963,0,0
/mnt/h200_dataset/saad/datasets/images/ancestree/ReWIND/0_real/RRDataset/REAL/real_009752/445.jpg,0.718594,1,0
/mnt/h200_dataset/saad/datasets/images/ancestree/ReWIND/0_real/RRDataset/REAL/real_009752/526.webp,0.58059,1,0
/mnt/h200_dataset/saad/datasets/images/ancestree/ReWIND/0_real/RRDataset/REAL/real_009752/597.jpg,0.084417,0,0
/mnt/h200_dataset/saad/datasets/images/ancestree/ReWIND/0_real/RRDataset/REAL/real_009752/621.webp,0.680295,1,0
/mnt/h200_dataset/saad/datasets/images/ancestree/ReWIND/0_real/RRDataset/REAL/real_009752/504.jpg,0.154887,0,0
/mnt/h200_dataset/saad/datasets/images/ancestree/ReWIND/0_real/RRDataset/REAL/real_009752/543.webp,0.712182,1,0
/mnt/h200_dataset/saad/datasets/images/ancestree/ReWIND/0_real/RRDataset/REAL/real_009752/644.jpg,0.600042,1,0
/mnt/h200_dataset/saad/datasets/images/ancestree/ReWIND/0_real/RRDataset/REAL/real_009752/479.jpg,0.718249,1,0
/mnt/h200_dataset/saad/datasets/images/ancestree/ReWIND/0_real/RRDataset/REAL/real_009752/549.jpg,0.493201,0,0
/mnt/h200_dataset/saad/datasets/images/ancestree/ReWIND/0_real/RRDataset/REAL/real_009752/588.webp,0.213213,0,0
/mnt/h200_dataset/saad/datasets/images/ancestree/ReWIND/0_real/RRDataset/REAL/real_009752/466.png,0.696268,1,0
/mnt/h200_dataset/saad/datasets/images/ancestree/ReWIND/0_real/RRDataset/REAL/real_009752/542.jpg,0.577555,1,0
/mnt/h200_dataset/saad/datasets/images/ancestree/ReWIND/0_real/RRDataset/REAL/real_009752/571.jpg,0.31695,0,0
/mnt/h200_dataset/saad/datasets/images/ancestree/ReWIND/0_real/RRDataset/REAL/real_009752/539.webp,0.688102,1,0
/mnt/h200_dataset/saad/datasets/images/ancestree/ReWIND/0_real/RRDataset/REAL/real_009752/558.webp,0.484098,0,0
/mnt/h200_dataset/saad/datasets/images/ancestree/ReWIND/0_real/RRDataset/REAL/real_009752/476.jpg,0.704313,1,0
/mnt/h200_dataset/saad/datasets/images/ancestree/ReWIND/0_real/RRDataset/REAL/real_009752/625.jpg,0.739705,1,0
/mnt/h200_dataset/saad/datasets/images/ancestree/ReWIND/0_real/RRDataset/REAL/real_009752/636.webp,0.356279,0,0
/mnt/h200_dataset/saad/datasets/images/ancestree/ReWIND/0_real/RRDataset/REAL/real_009752/454.png,0.162247,0,0
/mnt/h200_dataset/saad/datasets/images/ancestree/ReWIND/0_real/RRDataset/REAL/real_009752/567.jpg,0.492808,0,0
/mnt/h200_dataset/saad/datasets/images/ancestree/ReWIND/0_real/RRDataset/REAL/real_009752/456.jpg,0.542212,1,0
/mnt/h200_dataset/saad/datasets/images/ancestree/ReWIND/0_real/RRDataset/REAL/real_009752/626.jpg,0.625953,1,0
/mnt/h200_dataset/saad/datasets/images/ancestree/ReWIND/0_real/RRDataset/REAL/real_009752/502.jpg,0.20947,0,0
/mnt/h200_dataset/saad/datasets/images/ancestree/ReWIND/0_real/RRDataset/REAL/real_009752/467.png,0.901227,1,0
/mnt/h200_dataset/saad/datasets/images/ancestree/ReWIND/0_real/RRDataset/REAL/real_009752/563.jpg,0.721253,1,0
/mnt/h200_dataset/saad/datasets/images/ancestree/ReWIND/0_real/RRDataset/REAL/real_009752/638.jpg,0.254509,0,0
/mnt/h200_dataset/saad/datasets/images/ancestree/ReWIND/0_real/RRDataset/REAL/real_009752/601.jpg,0.548689,1,0
/mnt/h200_dataset/saad/datasets/images/ancestree/ReWIND/0_real/RRDataset/REAL/real_009752/534.jpg,0.514717,1,0
/mnt/h200_dataset/saad/datasets/images/ancestree/ReWIND/0_real/RRDataset/REAL/real_009752/508.webp,0.742888,1,0
/mnt/h200_dataset/saad/datasets/images/ancestree/ReWIND/0_real/RRDataset/REAL/real_009752/497.jpg,0.674694,1,0
/mnt/h200_dataset/saad/datasets/images/ancestree/ReWIND/0_real/RRDataset/REAL/real_009752/520.jpg,0.373019,0,0
/mnt/h200_dataset/saad/datasets/images/ancestree/ReWIND/0_real/RRDataset/REAL/real_009752/492.jpg,0.660665,1,0
/mnt/h200_dataset/saad/datasets/images/ancestree/ReWIND/0_real/RRDataset/REAL/real_009752/499.webp,0.609669,1,0
/mnt/h200_dataset/saad/datasets/images/ancestree/ReWIND/0_real/RRDataset/REAL/real_009752/634.jpg,0.616474,1,0
/mnt/h200_dataset/saad/datasets/images/ancestree/ReWIND/0_real/RRDataset/REAL/real_009752/473.jpg,0.619356,1,0
/mnt/h200_dataset/saad/datasets/images/ancestree/ReWIND/0_real/RRDataset/REAL/real_009752/650.jpg,0.124372,0,0
/mnt/h200_dataset/saad/datasets/images/ancestree/ReWIND/0_real/RRDataset/REAL/real_009752/485.jpg,0.531004,1,0
/mnt/h200_dataset/saad/datasets/images/ancestree/ReWIND/0_real/RRDataset/REAL/real_009752/635.jpg,0.228673,0,0
/mnt/h200_dataset/saad/datasets/images/ancestree/ReWIND/0_real/RRDataset/REAL/real_009752/501.jpg,0.609292,1,0
/mnt/h200_dataset/saad/datasets/images/ancestree/ReWIND/0_real/RRDataset/REAL/real_009752/494.jpg,0.717853,1,0
/mnt/h200_dataset/saad/datasets/images/ancestree/ReWIND/0_real/RRDataset/REAL/real_009752/595.jpg,0.328691,0,0
/mnt/h200_dataset/saad/datasets/images/ancestree/ReWIND/0_real/RRDataset/REAL/real_009752/639.jpg,0.417212,0,0
/mnt/h200_dataset/saad/datasets/images/ancestree/ReWIND/0_real/RRDataset/REAL/real_009752/610.jpg,0.636297,1,0
/mnt/h200_dataset/saad/datasets/images/ancestree/ReWIND/0_real/RRDataset/REAL/real_009752/546.webp,0.656603,1,0
/mnt/h200_dataset/saad/datasets/images/ancestree/ReWIND/0_real/RRDataset/REAL/real_009752/471.jpg,0.569613,1,0
/mnt/h200_dataset/saad/datasets/images/ancestree/ReWIND/0_real/RRDataset/REAL/real_009752/486.webp,0.702785,1,0
/mnt/h200_dataset/saad/datasets/images/ancestree/ReWIND/0_real/RRDataset/REAL/real_009752/614.jpg,0.512155,1,0
/mnt/h200_dataset/saad/datasets/images/ancestree/ReWIND/0_real/RRDataset/REAL/real_009752/576.jpg,0.255437,0,0
/mnt/h200_dataset/saad/datasets/images/ancestree/ReWIND/0_real/RRDataset/REAL/real_009752/612.jpg,0.380529,0,0
/mnt/h200_dataset/saad/datasets/images/ancestree/ReWIND/0_real/RRDataset/REAL/real_009752/470.png,0.892843,1,0
/mnt/h200_dataset/saad/datasets/images/ancestree/ReWIND/0_real/RRDataset/REAL/real_009752/507.jpg,0.482162,0,0
/mnt/h200_dataset/saad/datasets/images/ancestree/ReWIND/0_real/RRDataset/REAL/real_009752/637.jpg,0.351255,0,0
/mnt/h200_dataset/saad/datasets/images/ancestree/ReWIND/0_real/RRDataset/REAL/real_009752/498.webp,0.717655,1,0
/mnt/h200_dataset/saad/datasets/images/ancestree/ReWIND/0_real/RRDataset/REAL/real_009752/519.jpg,0.448743,0,0
/mnt/h200_dataset/saad/datasets/images/ancestree/ReWIND/0_real/RRDataset/REAL/real_009752/536.jpg,0.151467,0,0
/mnt/h200_dataset/saad/datasets/images/ancestree/ReWIND/0_real/RRDataset/REAL/real_009752/451.jpg,0.674694,1,0
/mnt/h200_dataset/saad/datasets/images/ancestree/ReWIND/0_real/RRDataset/REAL/real_009752/618.png,0.7696,1,0
/mnt/h200_dataset/saad/datasets/images/ancestree/ReWIND/0_real/RRDataset/REAL/real_009752/444.jpg,0.61144,1,0
/mnt/h200_dataset/saad/datasets/images/ancestree/ReWIND/0_real/RRDataset/REAL/real_009752/648.jpg,0.25992,0,0
/mnt/h200_dataset/saad/datasets/images/ancestree/ReWIND/0_real/RRDataset/REAL/real_009752/490.jpg,0.373476,0,0
/mnt/h200_dataset/saad/datasets/images/ancestree/ReWIND/0_real/RRDataset/REAL/real_009752/535.jpg,0.122418,0,0
/mnt/h200_dataset/saad/datasets/images/ancestree/ReWIND/0_real/RRDataset/REAL/real_009752/573.jpg,0.321993,0,0
/mnt/h200_dataset/saad/datasets/images/ancestree/ReWIND/0_real/RRDataset/REAL/real_009752/598.jpg,0.205376,0,0
/mnt/h200_dataset/saad/datasets/images/ancestree/ReWIND/0_real/RRDataset/REAL/real_009752/464.jpg,0.358858,0,0
/mnt/h200_dataset/saad/datasets/images/ancestree/ReWIND/0_real/RRDataset/REAL/real_009752/514.jpg,0.348811,0,0
/mnt/h200_dataset/saad/datasets/images/ancestree/ReWIND/0_real/RRDataset/REAL/real_009752/582.jpg,0.338132,0,0
/mnt/h200_dataset/saad/datasets/images/ancestree/ReWIND/0_real/RRDataset/REAL/real_009752/516.jpg,0.627552,1,0
/mnt/h200_dataset/saad/datasets/images/ancestree/ReWIND/0_real/RRDataset/REAL/real_009752/513.jpg,0.282097,0,0
/mnt/h200_dataset/saad/datasets/images/ancestree/ReWIND/0_real/RRDataset/REAL/real_009752/461.jpg,0.704973,1,0
/mnt/h200_dataset/saad/datasets/images/ancestree/ReWIND/0_real/RRDataset/REAL/real_009752/src.jpg,0.140454,0,0
/mnt/h200_dataset/saad/datasets/images/ancestree/ReWIND/0_real/RRDataset/REAL/real_009752/495.webp,0.07843,0,0
/mnt/h200_dataset/saad/datasets/images/ancestree/ReWIND/0_real/RRDataset/REAL/real_009752/649.jpg,0.094929,0,0
/mnt/h200_dataset/saad/datasets/images/ancestree/ReWIND/0_real/RRDataset/REAL/real_009752/579.jpg,0.15059,0,0
/mnt/h200_dataset/saad/datasets/images/ancestree/ReWIND/0_real/RRDataset/REAL/real_009752/577.jpg,0.182062,0,0
/mnt/h200_dataset/saad/datasets/images/ancestree/ReWIND/0_real/RRDataset/REAL/real_009752/551.jpg,0.577555,1,0
/mnt/h200_dataset/saad/datasets/images/ancestree/ReWIND/0_real/RRDataset/REAL/real_009752/453.jpg,0.558252,1,0
/mnt/h200_dataset/saad/datasets/images/ancestree/ReWIND/0_real/RRDataset/REAL/real_009752/477.png,0.60472,1,0
/mnt/h200_dataset/saad/datasets/images/ancestree/ReWIND/0_real/RRDataset/REAL/real_009752/500.jpg,0.650689,1,0
/mnt/h200_dataset/saad/datasets/images/ancestree/ReWIND/0_real/RRDataset/REAL/real_009752/533.jpg,0.643497,1,0
/mnt/h200_dataset/saad/datasets/images/ancestree/ReWIND/0_real/RRDataset/REAL/real_009752/580.jpg,0.252292,0,0
/mnt/h200_dataset/saad/datasets/images/ancestree/ReWIND/0_real/RRDataset/REAL/real_009752/544.webp,0.620478,1,0
/mnt/h200_dataset/saad/datasets/images/ancestree/ReWIND/0_real/RRDataset/REAL/real_009752/585.png,0.706646,1,0
/mnt/h200_dataset/saad/datasets/images/ancestree/ReWIND/0_real/RRDataset/REAL/real_009752/506.jpg,0.692434,1,0
/mnt/h200_dataset/saad/datasets/images/ancestree/ReWIND/0_real/RRDataset/REAL/real_009752/578.jpg,0.498978,0,0
/mnt/h200_dataset/saad/datasets/images/ancestree/ReWIND/0_real/RRDataset/REAL/real_009752/455.jpg,0.276349,0,0
/mnt/h200_dataset/saad/datasets/images/ancestree/ReWIND/0_real/RRDataset/REAL/real_009752/487.jpg,0.633807,1,0
/mnt/h200_dataset/saad/datasets/images/ancestree/ReWIND/0_real/RRDataset/REAL/real_009752/547.jpg,0.490007,0,0
/mnt/h200_dataset/saad/datasets/images/ancestree/ReWIND/0_real/RRDataset/REAL/real_009752/552.jpg,0.136608,0,0
/mnt/h200_dataset/saad/datasets/images/ancestree/ReWIND/0_real/RRDataset/REAL/real_009752/591.jpg,0.165998,0,0
/mnt/h200_dataset/saad/datasets/images/ancestree/ReWIND/0_real/RRDataset/REAL/real_009752/548.webp,0.228759,0,0
/mnt/h200_dataset/saad/datasets/images/ancestree/ReWIND/0_real/RRDataset/REAL/real_009752/460.jpg,0.660337,1,0
/mnt/h200_dataset/saad/datasets/images/ancestree/ReWIND/0_real/RRDataset/REAL/real_009752/540.jpg,0.267121,0,0
/mnt/h200_dataset/saad/datasets/images/ancestree/ReWIND/0_real/RRDataset/REAL/real_009752/509.jpg,0.655942,1,0
/mnt/h200_dataset/saad/datasets/images/ancestree/ReWIND/0_real/RRDataset/REAL/real_009752/565.webp,0.155399,0,0
/mnt/h200_dataset/saad/datasets/images/ancestree/ReWIND/0_real/RRDataset/REAL/real_009752/609.jpg,0.721056,1,0
/mnt/h200_dataset/saad/datasets/images/ancestree/ReWIND/0_real/RRDataset/REAL/real_009752/527.webp,0.332581,0,0
/mnt/h200_dataset/saad/datasets/images/ancestree/ReWIND/0_real/RRDataset/REAL/real_009752/624.jpg,0.628236,1,0
/mnt/h200_dataset/saad/datasets/images/ancestree/ReWIND/0_real/RRDataset/REAL/real_009752/568.jpg,0.368008,0,0
/mnt/h200_dataset/saad/datasets/images/ancestree/ReWIND/0_real/RRDataset/REAL/real_009752/622.jpg,0.479374,0,0
/mnt/h200_dataset/saad/datasets/images/ancestree/ReWIND/0_real/RRDataset/REAL/real_009752/594.webp,0.101145,0,0
/mnt/h200_dataset/saad/datasets/images/ancestree/ReWIND/0_real/RRDataset/REAL/real_009752/469.png,0.911888,1,0
/mnt/h200_dataset/saad/datasets/images/ancestree/ReWIND/0_real/RRDataset/REAL/real_009752/553.jpg,0.668502,1,0
/mnt/h200_dataset/saad/datasets/images/ancestree/ReWIND/0_real/RRDataset/REAL/real_009752/611.jpg,0.670231,1,0
/mnt/h200_dataset/saad/datasets/images/ancestree/ReWIND/0_real/RRDataset/REAL/real_009752/569.jpg,0.692486,1,0
/mnt/h200_dataset/saad/datasets/images/ancestree/ReWIND/0_real/RRDataset/REAL/real_009752/590.jpg,0.714578,1,0
/mnt/h200_dataset/saad/datasets/images/ancestree/ReWIND/0_real/RRDataset/REAL/real_009752/482.jpg,0.291535,0,0
/mnt/h200_dataset/saad/datasets/images/ancestree/ReWIND/0_real/RRDataset/REAL/real_009752/562.jpg,0.669475,1,0
/mnt/h200_dataset/saad/datasets/images/ancestree/ReWIND/0_real/RRDataset/REAL/real_009752/645.jpg,0.202286,0,0
/mnt/h200_dataset/saad/datasets/images/ancestree/ReWIND/0_real/RRDataset/REAL/real_009752/478.jpg,0.672601,1,0
/mnt/h200_dataset/saad/datasets/images/ancestree/ReWIND/0_real/RRDataset/REAL/real_009752/615.jpg,0.69207,1,0
/mnt/h200_dataset/saad/datasets/images/ancestree/ReWIND/0_real/RRDataset/REAL/real_009752/493.jpg,0.477067,0,0
/mnt/h200_dataset/saad/datasets/images/ancestree/ReWIND/0_real/RRDataset/REAL/real_009752/570.jpg,0.102934,0,0
/mnt/h200_dataset/saad/datasets/images/ancestree/ReWIND/0_real/RRDataset/REAL/real_009752/632.jpg,0.641254,1,0
/mnt/h200_dataset/saad/datasets/images/ancestree/ReWIND/0_real/RRDataset/REAL/real_009752/629.jpg,0.663178,1,0
/mnt/h200_dataset/saad/datasets/images/ancestree/ReWIND/0_real/RRDataset/REAL/real_009752/599.jpg,0.552977,1,0
/mnt/h200_dataset/saad/datasets/images/ancestree/ReWIND/0_real/RRDataset/REAL/real_009752/566.jpg,0.509528,1,0
/mnt/h200_dataset/saad/datasets/images/ancestree/ReWIND/0_real/RRDataset/REAL/real_009752/633.jpg,0.684528,1,0
/mnt/h200_dataset/saad/datasets/images/ancestree/ReWIND/0_real/RRDataset/REAL/real_009752/475.jpg,0.605828,1,0
/mnt/h200_dataset/saad/datasets/images/ancestree/ReWIND/0_real/RRDataset/REAL/real_009752/584.jpg,0.133585,0,0
/mnt/h200_dataset/saad/datasets/images/ancestree/ReWIND/0_real/RRDataset/REAL/real_009752/623.jpg,0.626524,1,0
/mnt/h200_dataset/saad/datasets/images/ancestree/ReWIND/0_real/RRDataset/REAL/real_001635/969.jpg,0.70619,1,0
/mnt/h200_dataset/saad/datasets/images/ancestree/ReWIND/0_real/RRDataset/REAL/real_001635/981.jpg,0.768646,1,0
/mnt/h200_dataset/saad/datasets/images/ancestree/ReWIND/0_real/RRDataset/REAL/real_001635/978.jpg,0.728941,1,0
/mnt/h200_dataset/saad/datasets/images/ancestree/ReWIND/0_real/RRDataset/REAL/real_001635/965.jpg,0.699511,1,0
/mnt/h200_dataset/saad/datasets/images/ancestree/ReWIND/0_real/RRDataset/REAL/real_001635/977.jpg,0.727346,1,0
/mnt/h200_dataset/saad/datasets/images/ancestree/ReWIND/0_real/RRDataset/REAL/real_001635/973.jpg,0.75985,1,0
/mnt/h200_dataset/saad/datasets/images/ancestree/ReWIND/0_real/RRDataset/REAL/real_001635/975.jpg,0.781914,1,0
/mnt/h200_dataset/saad/datasets/images/ancestree/ReWIND/0_real/RRDataset/REAL/real_001635/971.jpg,0.768646,1,0
/mnt/h200_dataset/saad/datasets/images/ancestree/ReWIND/0_real/RRDataset/REAL/real_001635/976.jpg,0.647575,1,0
/mnt/h200_dataset/saad/datasets/images/ancestree/ReWIND/0_real/RRDataset/REAL/real_001635/src.jpg,0.738952,1,0
/mnt/h200_dataset/saad/datasets/images/ancestree/ReWIND/0_real/RRDataset/REAL/real_001635/980.jpg,0.714279,1,0
/mnt/h200_dataset/saad/datasets/images/ancestree/ReWIND/0_real/RRDataset/REAL/real_001635/979.jpg,0.723847,1,0
/mnt/h200_dataset/saad/datasets/images/ancestree/ReWIND/0_real/RRDataset/REAL/real_001635/972.jpg,0.775095,1,0
/mnt/h200_dataset/saad/datasets/images/ancestree/ReWIND/0_real/RRDataset/REAL/real_001635/982.jpg,0.723065,1,0
/mnt/h200_dataset/saad/datasets/images/ancestree/ReWIND/0_real/RRDataset/REAL/real_000064/304.jpg,0.379206,0,0
/mnt/h200_dataset/saad/datasets/images/ancestree/ReWIND/0_real/RRDataset/REAL/real_000064/352.jpg,0.490472,0,0
/mnt/h200_dataset/saad/datasets/images/ancestree/ReWIND/0_real/RRDataset/REAL/real_000064/299.jpg,0.477638,0,0
/mnt/h200_dataset/saad/datasets/images/ancestree/ReWIND/0_real/RRDataset/REAL/real_000064/336.jpg,0.464947,0,0
/mnt/h200_dataset/saad/datasets/images/ancestree/ReWIND/0_real/RRDataset/REAL/real_000064/291.jpg,0.422743,0,0
/mnt/h200_dataset/saad/datasets/images/ancestree/ReWIND/0_real/RRDataset/REAL/real_000064/348.jpg,0.452748,0,0
/mnt/h200_dataset/saad/datasets/images/ancestree/ReWIND/0_real/RRDataset/REAL/real_000064/316.jpg,0.402275,0,0
/mnt/h200_dataset/saad/datasets/images/ancestree/ReWIND/0_real/RRDataset/REAL/real_000064/231.jpg,0.509436,1,0
/mnt/h200_dataset/saad/datasets/images/ancestree/ReWIND/0_real/RRDataset/REAL/real_000064/337.jpg,0.521471,1,0
/mnt/h200_dataset/saad/datasets/images/ancestree/ReWIND/0_real/RRDataset/REAL/real_000064/318.webp,0.475758,0,0
/mnt/h200_dataset/saad/datasets/images/ancestree/ReWIND/0_real/RRDataset/REAL/real_000064/288.jpg,0.477036,0,0
/mnt/h200_dataset/saad/datasets/images/ancestree/ReWIND/0_real/RRDataset/REAL/real_000064/350.jpg,0.409752,0,0
/mnt/h200_dataset/saad/datasets/images/ancestree/ReWIND/0_real/RRDataset/REAL/real_000064/274.jpg,0.497533,0,0
/mnt/h200_dataset/saad/datasets/images/ancestree/ReWIND/0_real/RRDataset/REAL/real_000064/270.jpg,0.476656,0,0
/mnt/h200_dataset/saad/datasets/images/ancestree/ReWIND/0_real/RRDataset/REAL/real_000064/349.jpg,0.529203,1,0
/mnt/h200_dataset/saad/datasets/images/ancestree/ReWIND/0_real/RRDataset/REAL/real_000064/310.jpg,0.493578,0,0
/mnt/h200_dataset/saad/datasets/images/ancestree/ReWIND/0_real/RRDataset/REAL/real_000064/296.jpg,0.529841,1,0
/mnt/h200_dataset/saad/datasets/images/ancestree/ReWIND/0_real/RRDataset/REAL/real_000064/364.webp,0.583589,1,0
/mnt/h200_dataset/saad/datasets/images/ancestree/ReWIND/0_real/RRDataset/REAL/real_000064/307.jpg,0.48775,0,0
/mnt/h200_dataset/saad/datasets/images/ancestree/ReWIND/0_real/RRDataset/REAL/real_000064/335.jpg,0.502073,1,0
/mnt/h200_dataset/saad/datasets/images/ancestree/ReWIND/0_real/RRDataset/REAL/real_000064/344.jpg,0.440575,0,0
/mnt/h200_dataset/saad/datasets/images/ancestree/ReWIND/0_real/RRDataset/REAL/real_000064/351.jpg,0.474662,0,0
/mnt/h200_dataset/saad/datasets/images/ancestree/ReWIND/0_real/RRDataset/REAL/real_000064/325.jpg,0.543984,1,0
/mnt/h200_dataset/saad/datasets/images/ancestree/ReWIND/0_real/RRDataset/REAL/real_000064/329.jpg,0.435541,0,0
/mnt/h200_dataset/saad/datasets/images/ancestree/ReWIND/0_real/RRDataset/REAL/real_000064/317.jpg,0.469703,0,0
/mnt/h200_dataset/saad/datasets/images/ancestree/ReWIND/0_real/RRDataset/REAL/real_000064/330.jpg,0.390679,0,0
/mnt/h200_dataset/saad/datasets/images/ancestree/ReWIND/0_real/RRDataset/REAL/real_000064/326.jpg,0.648132,1,0
/mnt/h200_dataset/saad/datasets/images/ancestree/ReWIND/0_real/RRDataset/REAL/real_000064/199.jpg,0.45641,0,0
/mnt/h200_dataset/saad/datasets/images/ancestree/ReWIND/0_real/RRDataset/REAL/real_000064/305.jpg,0.481073,0,0
/mnt/h200_dataset/saad/datasets/images/ancestree/ReWIND/0_real/RRDataset/REAL/real_000064/313.jpg,0.320343,0,0
/mnt/h200_dataset/saad/datasets/images/ancestree/ReWIND/0_real/RRDataset/REAL/real_000064/346.jpg,0.555179,1,0
/mnt/h200_dataset/saad/datasets/images/ancestree/ReWIND/0_real/RRDataset/REAL/real_000064/278.jpg,0.439221,0,0
/mnt/h200_dataset/saad/datasets/images/ancestree/ReWIND/0_real/RRDataset/REAL/real_000064/227.jpg,0.534673,1,0
/mnt/h200_dataset/saad/datasets/images/ancestree/ReWIND/0_real/RRDataset/REAL/real_000064/357.jpg,0.378603,0,0
/mnt/h200_dataset/saad/datasets/images/ancestree/ReWIND/0_real/RRDataset/REAL/real_000064/368.jpg,0.347426,0,0
/mnt/h200_dataset/saad/datasets/images/ancestree/ReWIND/0_real/RRDataset/REAL/real_000064/324.jpg,0.447672,0,0
/mnt/h200_dataset/saad/datasets/images/ancestree/ReWIND/0_real/RRDataset/REAL/real_000064/356.jpg,0.274643,0,0
/mnt/h200_dataset/saad/datasets/images/ancestree/ReWIND/0_real/RRDataset/REAL/real_000064/327.jpg,0.449453,0,0
/mnt/h200_dataset/saad/datasets/images/ancestree/ReWIND/0_real/RRDataset/REAL/real_000064/345.jpg,0.455986,0,0
/mnt/h200_dataset/saad/datasets/images/ancestree/ReWIND/0_real/RRDataset/REAL/real_000064/342.webp,0.516916,1,0
/mnt/h200_dataset/saad/datasets/images/ancestree/ReWIND/0_real/RRDataset/REAL/real_000064/323.jpg,0.453716,0,0
/mnt/h200_dataset/saad/datasets/images/ancestree/ReWIND/0_real/RRDataset/REAL/real_000064/366.webp,0.628578,1,0
/mnt/h200_dataset/saad/datasets/images/ancestree/ReWIND/0_real/RRDataset/REAL/real_000064/290.jpg,0.514911,1,0
/mnt/h200_dataset/saad/datasets/images/ancestree/ReWIND/0_real/RRDataset/REAL/real_000064/293.jpg,0.394638,0,0
/mnt/h200_dataset/saad/datasets/images/ancestree/ReWIND/0_real/RRDataset/REAL/real_000064/340.png,0.419053,0,0
/mnt/h200_dataset/saad/datasets/images/ancestree/ReWIND/0_real/RRDataset/REAL/real_000064/197.jpg,0.464082,0,0
/mnt/h200_dataset/saad/datasets/images/ancestree/ReWIND/0_real/RRDataset/REAL/real_000064/202.webp,0.529712,1,0
/mnt/h200_dataset/saad/datasets/images/ancestree/ReWIND/0_real/RRDataset/REAL/real_000064/287.jpg,0.452218,0,0
/mnt/h200_dataset/saad/datasets/images/ancestree/ReWIND/0_real/RRDataset/REAL/real_000064/250.jpg,0.475522,0,0
/mnt/h200_dataset/saad/datasets/images/ancestree/ReWIND/0_real/RRDataset/REAL/real_000064/365.webp,0.704719,1,0
/mnt/h200_dataset/saad/datasets/images/ancestree/ReWIND/0_real/RRDataset/REAL/real_000064/295.jpg,0.504368,1,0
/mnt/h200_dataset/saad/datasets/images/ancestree/ReWIND/0_real/RRDataset/REAL/real_000064/358.jpg,0.502544,1,0
/mnt/h200_dataset/saad/datasets/images/ancestree/ReWIND/0_real/RRDataset/REAL/real_000064/292.jpg,0.384537,0,0
/mnt/h200_dataset/saad/datasets/images/ancestree/ReWIND/0_real/RRDataset/REAL/real_000064/309.jpg,0.560659,1,0
/mnt/h200_dataset/saad/datasets/images/ancestree/ReWIND/0_real/RRDataset/REAL/real_000064/319.jpg,0.446646,0,0
/mnt/h200_dataset/saad/datasets/images/ancestree/ReWIND/0_real/RRDataset/REAL/real_000064/256.jpg,0.465372,0,0
/mnt/h200_dataset/saad/datasets/images/ancestree/ReWIND/0_real/RRDataset/REAL/real_000064/200.jpg,0.476465,0,0
/mnt/h200_dataset/saad/datasets/images/ancestree/ReWIND/0_real/RRDataset/REAL/real_000064/315.jpg,0.529339,1,0
/mnt/h200_dataset/saad/datasets/images/ancestree/ReWIND/0_real/RRDataset/REAL/real_000064/339.jpg,0.404566,0,0
/mnt/h200_dataset/saad/datasets/images/ancestree/ReWIND/0_real/RRDataset/REAL/real_000064/332.jpg,0.436112,0,0
/mnt/h200_dataset/saad/datasets/images/ancestree/ReWIND/0_real/RRDataset/REAL/real_000064/367.png,0.484052,0,0
/mnt/h200_dataset/saad/datasets/images/ancestree/ReWIND/0_real/RRDataset/REAL/real_000064/201.jpg,0.49572,0,0
/mnt/h200_dataset/saad/datasets/images/ancestree/ReWIND/0_real/RRDataset/REAL/real_000064/301.jpg,0.486301,0,0
/mnt/h200_dataset/saad/datasets/images/ancestree/ReWIND/0_real/RRDataset/REAL/real_000064/298.jpg,0.426351,0,0
/mnt/h200_dataset/saad/datasets/images/ancestree/ReWIND/0_real/RRDataset/REAL/real_000064/211.jpg,0.473414,0,0
/mnt/h200_dataset/saad/datasets/images/ancestree/ReWIND/0_real/RRDataset/REAL/real_000064/331.jpg,0.456122,0,0
/mnt/h200_dataset/saad/datasets/images/ancestree/ReWIND/0_real/RRDataset/REAL/real_000064/src.jpg,0.471124,0,0
/mnt/h200_dataset/saad/datasets/images/ancestree/ReWIND/0_real/RRDataset/REAL/real_000064/361.webp,0.816772,1,0
/mnt/h200_dataset/saad/datasets/images/ancestree/ReWIND/0_real/RRDataset/REAL/real_000064/230.jpg,0.515144,1,0
/mnt/h200_dataset/saad/datasets/images/ancestree/ReWIND/0_real/RRDataset/REAL/real_000064/369.jpg,0.422951,0,0
/mnt/h200_dataset/saad/datasets/images/ancestree/ReWIND/0_real/RRDataset/REAL/real_000064/328.jpg,0.470531,0,0
/mnt/h200_dataset/saad/datasets/images/ancestree/ReWIND/0_real/RRDataset/REAL/real_000064/302.jpg,0.442938,0,0
/mnt/h200_dataset/saad/datasets/images/ancestree/ReWIND/0_real/RRDataset/REAL/real_000064/333.jpg,0.465327,0,0
/mnt/h200_dataset/saad/datasets/images/ancestree/ReWIND/0_real/RRDataset/REAL/real_000064/229.jpg,0.429788,0,0
/mnt/h200_dataset/saad/datasets/images/ancestree/ReWIND/0_real/RRDataset/REAL/real_000064/308.jpg,0.461138,0,0
/mnt/h200_dataset/saad/datasets/images/ancestree/ReWIND/0_real/RRDataset/REAL/real_000064/370.jpg,0.51371,1,0
/mnt/h200_dataset/saad/datasets/images/ancestree/ReWIND/0_real/RRDataset/REAL/real_000064/343.jpg,0.464218,0,0
/mnt/h200_dataset/saad/datasets/images/ancestree/ReWIND/0_real/RRDataset/REAL/real_000064/347.jpg,0.501274,1,0
/mnt/h200_dataset/saad/datasets/images/ancestree/ReWIND/0_real/RRDataset/REAL/real_000064/286.jpg,0.465387,0,0
/mnt/h200_dataset/saad/datasets/images/ancestree/ReWIND/0_real/RRDataset/REAL/real_000064/207.jpg,0.464446,0,0
/mnt/h200_dataset/saad/datasets/images/ancestree/ReWIND/0_real/RRDataset/REAL/real_000064/314.jpg,0.383151,0,0
/mnt/h200_dataset/saad/datasets/images/ancestree/ReWIND/0_real/RRDataset/REAL/real_000064/294.jpg,0.410461,0,0
/mnt/h200_dataset/saad/datasets/images/ancestree/ReWIND/0_real/RRDataset/REAL/real_000064/300.jpg,0.494314,0,0
/mnt/h200_dataset/saad/datasets/images/ancestree/ReWIND/0_real/RRDataset/REAL/real_000064/355.jpg,0.401893,0,0
/mnt/h200_dataset/saad/datasets/images/ancestree/ReWIND/0_real/RRDataset/REAL/real_000064/320.jpg,0.421939,0,0
/mnt/h200_dataset/saad/datasets/images/ancestree/ReWIND/0_real/RRDataset/REAL/real_000064/321.jpg,0.489755,0,0
/mnt/h200_dataset/saad/datasets/images/ancestree/ReWIND/0_real/RRDataset/REAL/real_000064/362.jpg,0.462731,0,0
/mnt/h200_dataset/saad/datasets/images/ancestree/ReWIND/0_real/RRDataset/REAL/real_000064/334.webp,0.538741,1,0
/mnt/h200_dataset/saad/datasets/images/ancestree/ReWIND/0_real/RRDataset/REAL/real_000064/322.jpg,0.471124,0,0
/mnt/h200_dataset/saad/datasets/images/ancestree/ReWIND/0_real/RRDataset/REAL/real_000064/297.jpg,0.516367,1,0
/mnt/h200_dataset/saad/datasets/images/ancestree/ReWIND/0_real/RRDataset/REAL/real_000064/360.jpg,0.469209,0,0
/mnt/h200_dataset/saad/datasets/images/ancestree/ReWIND/0_real/RRDataset/REAL/real_000064/198.jpg,0.503488,1,0
/mnt/h200_dataset/saad/datasets/images/ancestree/ReWIND/0_real/RRDataset/REAL/real_000064/271.jpg,0.405331,0,0
/mnt/h200_dataset/saad/datasets/images/ancestree/ReWIND/0_real/RRDataset/REAL/real_008204/935.jpg,0.139748,0,0
/mnt/h200_dataset/saad/datasets/images/ancestree/ReWIND/0_real/RRDataset/REAL/real_008204/921.webp,0.260107,0,0
/mnt/h200_dataset/saad/datasets/images/ancestree/ReWIND/0_real/RRDataset/REAL/real_008204/850.jpg,0.147801,0,0
/mnt/h200_dataset/saad/datasets/images/ancestree/ReWIND/0_real/RRDataset/REAL/real_008204/856.png,0.214527,0,0
/mnt/h200_dataset/saad/datasets/images/ancestree/ReWIND/0_real/RRDataset/REAL/real_008204/962.webp,0.216177,0,0
/mnt/h200_dataset/saad/datasets/images/ancestree/ReWIND/0_real/RRDataset/REAL/real_008204/901.webp,0.335133,0,0
/mnt/h200_dataset/saad/datasets/images/ancestree/ReWIND/0_real/RRDataset/REAL/real_008204/939.jpg,0.17774,0,0
/mnt/h200_dataset/saad/datasets/images/ancestree/ReWIND/0_real/RRDataset/REAL/real_008204/847.jpg,0.446962,0,0
/mnt/h200_dataset/saad/datasets/images/ancestree/ReWIND/0_real/RRDataset/REAL/real_008204/852.jpg,0.631765,1,0
/mnt/h200_dataset/saad/datasets/images/ancestree/ReWIND/0_real/RRDataset/REAL/real_008204/928.jpg,0.12075,0,0
/mnt/h200_dataset/saad/datasets/images/ancestree/ReWIND/0_real/RRDataset/REAL/real_008204/880.jpg,0.444052,0,0
/mnt/h200_dataset/saad/datasets/images/ancestree/ReWIND/0_real/RRDataset/REAL/real_008204/957.jpg,0.086401,0,0
/mnt/h200_dataset/saad/datasets/images/ancestree/ReWIND/0_real/RRDataset/REAL/real_008204/926.jpg,0.128416,0,0
/mnt/h200_dataset/saad/datasets/images/ancestree/ReWIND/0_real/RRDataset/REAL/real_008204/929.jpg,0.116261,0,0
/mnt/h200_dataset/saad/datasets/images/ancestree/ReWIND/0_real/RRDataset/REAL/real_008204/859.jpg,0.133302,0,0
/mnt/h200_dataset/saad/datasets/images/ancestree/ReWIND/0_real/RRDataset/REAL/real_008204/913.jpg,0.543121,1,0
/mnt/h200_dataset/saad/datasets/images/ancestree/ReWIND/0_real/RRDataset/REAL/real_008204/848.jpg,0.48406,0,0
/mnt/h200_dataset/saad/datasets/images/ancestree/ReWIND/0_real/RRDataset/REAL/real_008204/934.jpg,0.114072,0,0
/mnt/h200_dataset/saad/datasets/images/ancestree/ReWIND/0_real/RRDataset/REAL/real_008204/895.jpg,0.593786,1,0
/mnt/h200_dataset/saad/datasets/images/ancestree/ReWIND/0_real/RRDataset/REAL/real_008204/931.jpg,0.178597,0,0
/mnt/h200_dataset/saad/datasets/images/ancestree/ReWIND/0_real/RRDataset/REAL/real_008204/917.jpg,0.168378,0,0
/mnt/h200_dataset/saad/datasets/images/ancestree/ReWIND/0_real/RRDataset/REAL/real_008204/946.webp,0.221182,0,0
/mnt/h200_dataset/saad/datasets/images/ancestree/ReWIND/0_real/RRDataset/REAL/real_008204/883.jpg,0.263979,0,0
/mnt/h200_dataset/saad/datasets/images/ancestree/ReWIND/0_real/RRDataset/REAL/real_008204/909.jpg,0.113678,0,0
/mnt/h200_dataset/saad/datasets/images/ancestree/ReWIND/0_real/RRDataset/REAL/real_008204/944.jpg,0.568416,1,0
/mnt/h200_dataset/saad/datasets/images/ancestree/ReWIND/0_real/RRDataset/REAL/real_008204/851.jpg,0.676032,1,0
/mnt/h200_dataset/saad/datasets/images/ancestree/ReWIND/0_real/RRDataset/REAL/real_008204/930.jpg,0.117067,0,0
/mnt/h200_dataset/saad/datasets/images/ancestree/ReWIND/0_real/RRDataset/REAL/real_008204/932.jpg,0.189296,0,0
/mnt/h200_dataset/saad/datasets/images/ancestree/ReWIND/0_real/RRDataset/REAL/real_008204/915.jpg,0.111628,0,0
/mnt/h200_dataset/saad/datasets/images/ancestree/ReWIND/0_real/RRDataset/REAL/real_008204/927.webp,0.12326,0,0
/mnt/h200_dataset/saad/datasets/images/ancestree/ReWIND/0_real/RRDataset/REAL/real_008204/938.jpg,0.237664,0,0
/mnt/h200_dataset/saad/datasets/images/ancestree/ReWIND/0_real/RRDataset/REAL/real_008204/846.webp,0.136781,0,0
/mnt/h200_dataset/saad/datasets/images/ancestree/ReWIND/0_real/RRDataset/REAL/real_008204/885.jpg,0.121425,0,0
/mnt/h200_dataset/saad/datasets/images/ancestree/ReWIND/0_real/RRDataset/REAL/real_008204/894.jpg,0.528883,1,0
/mnt/h200_dataset/saad/datasets/images/ancestree/ReWIND/0_real/RRDataset/REAL/real_008204/893.jpg,0.648578,1,0
/mnt/h200_dataset/saad/datasets/images/ancestree/ReWIND/0_real/RRDataset/REAL/real_008204/943.jpg,0.477539,0,0
/mnt/h200_dataset/saad/datasets/images/ancestree/ReWIND/0_real/RRDataset/REAL/real_008204/872.jpg,0.678593,1,0
/mnt/h200_dataset/saad/datasets/images/ancestree/ReWIND/0_real/RRDataset/REAL/real_008204/953.png,0.248443,0,0
/mnt/h200_dataset/saad/datasets/images/ancestree/ReWIND/0_real/RRDataset/REAL/real_008204/858.jpg,0.530814,1,0
/mnt/h200_dataset/saad/datasets/images/ancestree/ReWIND/0_real/RRDataset/REAL/real_008204/849.jpg,0.495525,0,0
/mnt/h200_dataset/saad/datasets/images/ancestree/ReWIND/0_real/RRDataset/REAL/real_008204/882.jpg,0.090494,0,0
/mnt/h200_dataset/saad/datasets/images/ancestree/ReWIND/0_real/RRDataset/REAL/real_008204/920.jpg,0.250821,0,0
/mnt/h200_dataset/saad/datasets/images/ancestree/ReWIND/0_real/RRDataset/REAL/real_008204/891.jpg,0.687997,1,0
/mnt/h200_dataset/saad/datasets/images/ancestree/ReWIND/0_real/RRDataset/REAL/real_008204/871.jpg,0.561756,1,0
/mnt/h200_dataset/saad/datasets/images/ancestree/ReWIND/0_real/RRDataset/REAL/real_008204/925.jpg,0.133415,0,0
/mnt/h200_dataset/saad/datasets/images/ancestree/ReWIND/0_real/RRDataset/REAL/real_008204/905.jpg,0.502311,1,0
/mnt/h200_dataset/saad/datasets/images/ancestree/ReWIND/0_real/RRDataset/REAL/real_008204/952.webp,0.233619,0,0
/mnt/h200_dataset/saad/datasets/images/ancestree/ReWIND/0_real/RRDataset/REAL/real_008204/899.png,0.672009,1,0
/mnt/h200_dataset/saad/datasets/images/ancestree/ReWIND/0_real/RRDataset/REAL/real_008204/910.jpg,0.162314,0,0
/mnt/h200_dataset/saad/datasets/images/ancestree/ReWIND/0_real/RRDataset/REAL/real_008204/919.jpg,0.252937,0,0
/mnt/h200_dataset/saad/datasets/images/ancestree/ReWIND/0_real/RRDataset/REAL/real_008204/898.jpg,0.473627,0,0
/mnt/h200_dataset/saad/datasets/images/ancestree/ReWIND/0_real/RRDataset/REAL/real_008204/876.jpg,0.313735,0,0
/mnt/h200_dataset/saad/datasets/images/ancestree/ReWIND/0_real/RRDataset/REAL/real_008204/940.jpg,0.141163,0,0
/mnt/h200_dataset/saad/datasets/images/ancestree/ReWIND/0_real/RRDataset/REAL/real_008204/964.png,0.636184,1,0
/mnt/h200_dataset/saad/datasets/images/ancestree/ReWIND/0_real/RRDataset/REAL/real_008204/867.webp,0.452914,0,0
/mnt/h200_dataset/saad/datasets/images/ancestree/ReWIND/0_real/RRDataset/REAL/real_008204/869.jpg,0.305749,0,0
/mnt/h200_dataset/saad/datasets/images/ancestree/ReWIND/0_real/RRDataset/REAL/real_008204/906.jpg,0.478483,0,0
/mnt/h200_dataset/saad/datasets/images/ancestree/ReWIND/0_real/RRDataset/REAL/real_008204/922.png,0.589539,1,0
/mnt/h200_dataset/saad/datasets/images/ancestree/ReWIND/0_real/RRDataset/REAL/real_008204/884.jpg,0.123895,0,0
/mnt/h200_dataset/saad/datasets/images/ancestree/ReWIND/0_real/RRDataset/REAL/real_008204/947.jpg,0.184768,0,0
/mnt/h200_dataset/saad/datasets/images/ancestree/ReWIND/0_real/RRDataset/REAL/real_008204/956.jpg,0.280863,0,0
/mnt/h200_dataset/saad/datasets/images/ancestree/ReWIND/0_real/RRDataset/REAL/real_008204/945.jpg,0.113678,0,0
/mnt/h200_dataset/saad/datasets/images/ancestree/ReWIND/0_real/RRDataset/REAL/real_008204/862.jpg,0.521227,1,0
/mnt/h200_dataset/saad/datasets/images/ancestree/ReWIND/0_real/RRDataset/REAL/real_008204/936.jpg,0.521936,1,0
/mnt/h200_dataset/saad/datasets/images/ancestree/ReWIND/0_real/RRDataset/REAL/real_008204/950.jpg,0.097993,0,0
/mnt/h200_dataset/saad/datasets/images/ancestree/ReWIND/0_real/RRDataset/REAL/real_008204/923.jpg,0.221435,0,0
/mnt/h200_dataset/saad/datasets/images/ancestree/ReWIND/0_real/RRDataset/REAL/real_008204/916.jpg,0.188399,0,0
/mnt/h200_dataset/saad/datasets/images/ancestree/ReWIND/0_real/RRDataset/REAL/real_008204/912.webp,0.11808,0,0
/mnt/h200_dataset/saad/datasets/images/ancestree/ReWIND/0_real/RRDataset/REAL/real_008204/918.jpg,0.250088,0,0
/mnt/h200_dataset/saad/datasets/images/ancestree/ReWIND/0_real/RRDataset/REAL/real_008204/914.jpg,0.331823,0,0
/mnt/h200_dataset/saad/datasets/images/ancestree/ReWIND/0_real/RRDataset/REAL/real_008204/937.webp,0.110663,0,0
/mnt/h200_dataset/saad/datasets/images/ancestree/ReWIND/0_real/RRDataset/REAL/real_008204/958.jpg,0.120129,0,0
/mnt/h200_dataset/saad/datasets/images/ancestree/ReWIND/0_real/RRDataset/REAL/real_008204/868.jpg,0.290578,0,0
/mnt/h200_dataset/saad/datasets/images/ancestree/ReWIND/0_real/RRDataset/REAL/real_008204/959.jpg,0.099733,0,0
/mnt/h200_dataset/saad/datasets/images/ancestree/ReWIND/0_real/RRDataset/REAL/real_008204/948.png,0.564309,1,0
/mnt/h200_dataset/saad/datasets/images/ancestree/ReWIND/0_real/RRDataset/REAL/real_008204/866.webp,0.136493,0,0
/mnt/h200_dataset/saad/datasets/images/ancestree/ReWIND/0_real/RRDataset/REAL/real_008204/963.jpg,0.12179,0,0
/mnt/h200_dataset/saad/datasets/images/ancestree/ReWIND/0_real/RRDataset/REAL/real_008204/873.jpg,0.096621,0,0
/mnt/h200_dataset/saad/datasets/images/ancestree/ReWIND/0_real/RRDataset/REAL/real_008204/900.jpg,0.296501,0,0
/mnt/h200_dataset/saad/datasets/images/ancestree/ReWIND/0_real/RRDataset/REAL/real_008204/853.jpg,0.430806,0,0
/mnt/h200_dataset/saad/datasets/images/ancestree/ReWIND/0_real/RRDataset/REAL/real_008204/870.jpg,0.699768,1,0
/mnt/h200_dataset/saad/datasets/images/ancestree/ReWIND/0_real/RRDataset/REAL/real_008204/941.webp,0.452203,0,0
/mnt/h200_dataset/saad/datasets/images/ancestree/ReWIND/0_real/RRDataset/REAL/real_008204/933.jpg,0.530199,1,0
/mnt/h200_dataset/saad/datasets/images/ancestree/ReWIND/0_real/RRDataset/REAL/real_008204/src.jpg,0.676032,1,0
/mnt/h200_dataset/saad/datasets/images/ancestree/ReWIND/0_real/RRDataset/REAL/real_008204/860.png,0.583055,1,0
/mnt/h200_dataset/saad/datasets/images/ancestree/ReWIND/0_real/RRDataset/REAL/real_008204/942.jpg,0.182353,0,0
/mnt/h200_dataset/saad/datasets/images/ancestree/ReWIND/0_real/RRDataset/REAL/real_008204/955.jpg,0.095941,0,0
/mnt/h200_dataset/saad/datasets/images/ancestree/ReWIND/0_real/RRDataset/REAL/real_008204/887.jpg,0.579965,1,0
/mnt/h200_dataset/saad/datasets/images/ancestree/ReWIND/0_real/RRDataset/REAL/real_008204/960.jpg,0.311217,0,0
/mnt/h200_dataset/saad/datasets/images/ancestree/ReWIND/0_real/RRDataset/REAL/real_008204/861.jpg,0.475202,0,0
/mnt/h200_dataset/saad/datasets/images/ancestree/ReWIND/0_real/RRDataset/REAL/real_008204/902.jpg,0.54306,1,0
/mnt/h200_dataset/saad/datasets/images/ancestree/ReWIND/0_real/RRDataset/REAL/real_008204/857.jpg,0.378459,0,0
/mnt/h200_dataset/saad/datasets/images/ancestree/ReWIND/0_real/RRDataset/REAL/real_008204/881.jpg,0.679445,1,0
/mnt/h200_dataset/saad/datasets/images/ancestree/ReWIND/0_real/RRDataset/REAL/real_008204/890.jpg,0.262842,0,0
/mnt/h200_dataset/saad/datasets/images/ancestree/ReWIND/0_real/RRDataset/REAL/real_008204/907.jpg,0.151843,0,0
/mnt/h200_dataset/saad/datasets/images/ancestree/ReWIND/0_real/RRDataset/REAL/real_008204/897.webp,0.448819,0,0
/mnt/h200_dataset/saad/datasets/images/ancestree/ReWIND/0_real/RRDataset/REAL/real_008204/908.webp,0.363082,0,0
/mnt/h200_dataset/saad/datasets/images/ancestree/ReWIND/0_real/RRDataset/REAL/real_008204/954.jpg,0.339663,0,0
/mnt/h200_dataset/saad/datasets/images/ancestree/ReWIND/0_real/RRDataset/REAL/real_008204/878.jpg,0.743075,1,0
/mnt/h200_dataset/saad/datasets/images/ancestree/ReWIND/0_real/RRDataset/REAL/real_008204/903.jpg,0.606994,1,0
/mnt/h200_dataset/saad/datasets/images/ancestree/ReWIND/0_real/RRDataset/REAL/real_008204/863.jpg,0.116663,0,0
/mnt/h200_dataset/saad/datasets/images/ancestree/ReWIND/0_real/RRDataset/REAL/real_008204/874.png,0.467408,0,0
/mnt/h200_dataset/saad/datasets/images/ancestree/ReWIND/0_real/RRDataset/REAL/real_008204/892.webp,0.516352,1,0
/mnt/h200_dataset/saad/datasets/images/ancestree/ReWIND/0_real/RRDataset/REAL/real_008204/951.png,0.566678,1,0
/mnt/h200_dataset/saad/datasets/images/ancestree/ReWIND/0_real/RRDataset/REAL/real_008204/865.jpg,0.155719,0,0
/mnt/h200_dataset/saad/datasets/images/ancestree/ReWIND/0_real/RRDataset/REAL/real_008204/961.jpg,0.109801,0,0
/mnt/h200_dataset/saad/datasets/images/ancestree/ReWIND/0_real/RRDataset/REAL/real_008204/889.jpg,0.678114,1,0
/mnt/h200_dataset/saad/datasets/images/ancestree/ReWIND/0_real/RRDataset/REAL/real_008204/896.jpg,0.474258,0,0
/mnt/h200_dataset/saad/datasets/images/ancestree/ReWIND/0_real/RRDataset/REAL/real_008204/877.jpg,0.218503,0,0
/mnt/h200_dataset/saad/datasets/images/ancestree/ReWIND/0_real/RRDataset/REAL/real_008204/949.png,0.279927,0,0
/mnt/h200_dataset/saad/datasets/images/ancestree/ReWIND/0_real/RRDataset/REAL/real_008204/924.webp,0.249813,0,0
/mnt/h200_dataset/saad/datasets/images/ancestree/ReWIND/0_real/RRDataset/REAL/real_008204/875.png,0.379982,0,0
/mnt/h200_dataset/saad/datasets/images/ancestree/ReWIND/0_real/RRDataset/REAL/real_008204/886.jpg,0.139338,0,0
/mnt/h200_dataset/saad/datasets/images/ancestree/ReWIND/0_real/RRDataset/REAL/real_006246/678.jpg,0.742888,1,0
/mnt/h200_dataset/saad/datasets/images/ancestree/ReWIND/0_real/RRDataset/REAL/real_006246/683.jpg,0.702326,1,0
/mnt/h200_dataset/saad/datasets/images/ancestree/ReWIND/0_real/RRDataset/REAL/real_006246/682.jpg,0.760828,1,0
/mnt/h200_dataset/saad/datasets/images/ancestree/ReWIND/0_real/RRDataset/REAL/real_006246/677.jpg,0.736495,1,0
/mnt/h200_dataset/saad/datasets/images/ancestree/ReWIND/0_real/RRDataset/REAL/real_006246/679.jpg,0.740644,1,0
/mnt/h200_dataset/saad/datasets/images/ancestree/ReWIND/0_real/RRDataset/REAL/real_006246/684.jpg,0.719531,1,0
/mnt/h200_dataset/saad/datasets/images/ancestree/ReWIND/0_real/RRDataset/REAL/real_006246/675.jpg,0.754825,1,0
/mnt/h200_dataset/saad/datasets/images/ancestree/ReWIND/0_real/RRDataset/REAL/real_006246/685.jpg,0.666171,1,0
/mnt/h200_dataset/saad/datasets/images/ancestree/ReWIND/0_real/RRDataset/REAL/real_006246/681.jpg,0.726474,1,0
/mnt/h200_dataset/saad/datasets/images/ancestree/ReWIND/0_real/RRDataset/REAL/real_006246/680.jpg,0.700741,1,0
/mnt/h200_dataset/saad/datasets/images/ancestree/ReWIND/0_real/RRDataset/REAL/real_006246/676.jpg,0.716516,1,0
/mnt/h200_dataset/saad/datasets/images/ancestree/ReWIND/0_real/RRDataset/REAL/real_000118/385.jpg,0.551755,1,0
/mnt/h200_dataset/saad/datasets/images/ancestree/ReWIND/0_real/RRDataset/REAL/real_000118/380.jpg,0.613266,1,0
/mnt/h200_dataset/saad/datasets/images/ancestree/ReWIND/0_real/RRDataset/REAL/real_000118/384.jpg,0.579847,1,0
/mnt/h200_dataset/saad/datasets/images/ancestree/ReWIND/0_real/RRDataset/REAL/real_000118/378.jpg,0.603932,1,0
/mnt/h200_dataset/saad/datasets/images/ancestree/ReWIND/0_real/RRDataset/REAL/real_000118/382.jpg,0.588446,1,0
/mnt/h200_dataset/saad/datasets/images/ancestree/ReWIND/0_real/RRDataset/REAL/real_000118/374.jpg,0.602968,1,0
/mnt/h200_dataset/saad/datasets/images/ancestree/ReWIND/0_real/RRDataset/REAL/real_000118/377.jpg,0.602266,1,0
/mnt/h200_dataset/saad/datasets/images/ancestree/ReWIND/0_real/RRDataset/REAL/real_000118/src.jpg,0.578359,1,0
/mnt/h200_dataset/saad/datasets/images/ancestree/ReWIND/0_real/RRDataset/REAL/real_000118/379.jpg,0.615955,1,0
/mnt/h200_dataset/saad/datasets/images/ancestree/ReWIND/0_real/RRDataset/REAL/real_000118/376.jpg,0.595493,1,0
/mnt/h200_dataset/saad/datasets/images/ancestree/ReWIND/0_real/RRDataset/REAL/real_000118/386.jpg,0.579073,1,0
/mnt/h200_dataset/saad/datasets/images/ancestree/ReWIND/0_real/RRDataset/REAL/real_000118/383.jpg,0.586168,1,0
/mnt/h200_dataset/saad/datasets/images/ancestree/ReWIND/0_real/RRDataset/REAL/real_000118/387.jpg,0.611875,1,0
/mnt/h200_dataset/saad/datasets/images/ancestree/ReWIND/0_real/RRDataset/REAL/real_000118/381.jpg,0.58951,1,0
/mnt/h200_dataset/saad/datasets/images/ancestree/ReWIND/0_real/RRDataset/REAL/real_000025/46.jpg,0.690976,1,0
/mnt/h200_dataset/saad/datasets/images/ancestree/ReWIND/0_real/RRDataset/REAL/real_000025/48.jpg,0.715573,1,0
/mnt/h200_dataset/saad/datasets/images/ancestree/ReWIND/0_real/RRDataset/REAL/real_000025/53.jpg,0.725989,1,0
/mnt/h200_dataset/saad/datasets/images/ancestree/ReWIND/0_real/RRDataset/REAL/real_000025/47.jpg,0.19095,0,0
/mnt/h200_dataset/saad/datasets/images/ancestree/ReWIND/0_real/RRDataset/REAL/real_000025/35.jpg,0.691549,1,0
/mnt/h200_dataset/saad/datasets/images/ancestree/ReWIND/0_real/RRDataset/REAL/real_000025/38.jpg,0.695028,1,0
/mnt/h200_dataset/saad/datasets/images/ancestree/ReWIND/0_real/RRDataset/REAL/real_000025/32.jpg,0.655501,1,0
/mnt/h200_dataset/saad/datasets/images/ancestree/ReWIND/0_real/RRDataset/REAL/real_000025/28.jpg,0.726959,1,0
/mnt/h200_dataset/saad/datasets/images/ancestree/ReWIND/0_real/RRDataset/REAL/real_000025/56.jpg,0.383786,0,0
/mnt/h200_dataset/saad/datasets/images/ancestree/ReWIND/0_real/RRDataset/REAL/real_000025/27.jpg,0.663778,1,0
/mnt/h200_dataset/saad/datasets/images/ancestree/ReWIND/0_real/RRDataset/REAL/real_000025/50.jpg,0.652463,1,0
/mnt/h200_dataset/saad/datasets/images/ancestree/ReWIND/0_real/RRDataset/REAL/real_000025/36.webp,0.697969,1,0
/mnt/h200_dataset/saad/datasets/images/ancestree/ReWIND/0_real/RRDataset/REAL/real_000025/44.webp,0.722086,1,0
/mnt/h200_dataset/saad/datasets/images/ancestree/ReWIND/0_real/RRDataset/REAL/real_000025/45.jpg,0.699973,1,0
/mnt/h200_dataset/saad/datasets/images/ancestree/ReWIND/0_real/RRDataset/REAL/real_000025/57.jpg,0.718742,1,0
/mnt/h200_dataset/saad/datasets/images/ancestree/ReWIND/0_real/RRDataset/REAL/real_000025/34.jpg,0.717903,1,0
/mnt/h200_dataset/saad/datasets/images/ancestree/ReWIND/0_real/RRDataset/REAL/real_000025/58.jpg,0.623606,1,0
/mnt/h200_dataset/saad/datasets/images/ancestree/ReWIND/0_real/RRDataset/REAL/real_000025/src.jpg,0.666931,1,0
/mnt/h200_dataset/saad/datasets/images/ancestree/ReWIND/0_real/RRDataset/REAL/real_000025/55.jpg,0.712032,1,0
/mnt/h200_dataset/saad/datasets/images/ancestree/ReWIND/0_real/RRDataset/REAL/real_000025/41.webp,0.655777,1,0
/mnt/h200_dataset/saad/datasets/images/ancestree/ReWIND/0_real/RRDataset/REAL/real_000025/42.jpg,0.712732,1,0
/mnt/h200_dataset/saad/datasets/images/ancestree/ReWIND/0_real/RRDataset/REAL/real_000025/43.jpg,0.733452,1,0
/mnt/h200_dataset/saad/datasets/images/ancestree/ReWIND/0_real/RRDataset/REAL/real_000025/31.webp,0.721204,1,0
/mnt/h200_dataset/saad/datasets/images/ancestree/ReWIND/0_real/RRDataset/REAL/real_000025/51.jpg,0.674319,1,0
/mnt/h200_dataset/saad/datasets/images/ancestree/ReWIND/0_real/RRDataset/REAL/real_000025/33.jpg,0.578746,1,0
/mnt/h200_dataset/saad/datasets/images/ancestree/ReWIND/0_real/RRDataset/REAL/real_000025/37.jpg,0.710226,1,0
/mnt/h200_dataset/saad/datasets/images/ancestree/ReWIND/0_real/RRDataset/REAL/real_000025/30.jpg,0.225331,0,0
/mnt/h200_dataset/saad/datasets/images/ancestree/ReWIND/0_real/RRDataset/REAL/real_002808/567.png,0.692798,1,0
/mnt/h200_dataset/saad/datasets/images/ancestree/ReWIND/0_real/RRDataset/REAL/real_002808/560.jpg,0.686633,1,0
/mnt/h200_dataset/saad/datasets/images/ancestree/ReWIND/0_real/RRDataset/REAL/real_002808/559.jpg,0.630571,1,0
/mnt/h200_dataset/saad/datasets/images/ancestree/ReWIND/0_real/RRDataset/REAL/real_002808/563.webp,0.680507,1,0
/mnt/h200_dataset/saad/datasets/images/ancestree/ReWIND/0_real/RRDataset/REAL/real_002808/566.png,0.654619,1,0
/mnt/h200_dataset/saad/datasets/images/ancestree/ReWIND/0_real/RRDataset/REAL/real_002808/src.jpg,0.668502,1,0
/mnt/h200_dataset/saad/datasets/images/ancestree/ReWIND/0_real/RRDataset/REAL/real_002808/561.jpg,0.498942,0,0
/mnt/h200_dataset/saad/datasets/images/ancestree/ReWIND/0_real/RRDataset/REAL/real_002808/568.jpg,0.680613,1,0
/mnt/h200_dataset/saad/datasets/images/ancestree/ReWIND/0_real/RRDataset/REAL/real_002808/562.jpg,0.560884,1,0
/mnt/h200_dataset/saad/datasets/images/ancestree/ReWIND/0_real/RRDataset/REAL/real_002808/570.jpg,0.683578,1,0
/mnt/h200_dataset/saad/datasets/images/ancestree/ReWIND/0_real/RRDataset/REAL/real_007916/477.jpg,0.268174,0,0
/mnt/h200_dataset/saad/datasets/images/ancestree/ReWIND/0_real/RRDataset/REAL/real_007916/474.jpg,0.32536,0,0
/mnt/h200_dataset/saad/datasets/images/ancestree/ReWIND/0_real/RRDataset/REAL/real_007916/476.jpg,0.272847,0,0
/mnt/h200_dataset/saad/datasets/images/ancestree/ReWIND/0_real/RRDataset/REAL/real_007916/472.webp,0.378488,0,0
/mnt/h200_dataset/saad/datasets/images/ancestree/ReWIND/0_real/RRDataset/REAL/real_007916/473.jpg,0.343837,0,0
/mnt/h200_dataset/saad/datasets/images/ancestree/ReWIND/0_real/RRDataset/REAL/real_007916/471.jpg,0.443932,0,0
/mnt/h200_dataset/saad/datasets/images/ancestree/ReWIND/0_real/RRDataset/REAL/real_007916/src.jpg,0.36693,0,0
/mnt/h200_dataset/saad/datasets/images/ancestree/ReWIND/0_real/RRDataset/REAL/real_007916/470.jpg,0.422832,0,0
/mnt/h200_dataset/saad/datasets/images/ancestree/ReWIND/0_real/RRDataset/REAL/real_007916/478.jpg,0.37605,0,0
/mnt/h200_dataset/saad/datasets/images/ancestree/ReWIND/0_real/RRDataset/REAL/real_007916/475.jpg,0.299361,0,0
/mnt/h200_dataset/saad/datasets/images/ancestree/ReWIND/0_real/RRDataset/REAL/real_008128/669.jpg,0.803328,1,0
/mnt/h200_dataset/saad/datasets/images/ancestree/ReWIND/0_real/RRDataset/REAL/real_008128/658.jpg,0.775009,1,0
/mnt/h200_dataset/saad/datasets/images/ancestree/ReWIND/0_real/RRDataset/REAL/real_008128/666.jpg,0.751192,1,0
/mnt/h200_dataset/saad/datasets/images/ancestree/ReWIND/0_real/RRDataset/REAL/real_008128/667.webp,0.802788,1,0
/mnt/h200_dataset/saad/datasets/images/ancestree/ReWIND/0_real/RRDataset/REAL/real_008128/674.jpg,0.79542,1,0
/mnt/h200_dataset/saad/datasets/images/ancestree/ReWIND/0_real/RRDataset/REAL/real_008128/662.jpg,0.77907,1,0
/mnt/h200_dataset/saad/datasets/images/ancestree/ReWIND/0_real/RRDataset/REAL/real_008128/660.jpg,0.774669,1,0
/mnt/h200_dataset/saad/datasets/images/ancestree/ReWIND/0_real/RRDataset/REAL/real_008128/673.jpg,0.787523,1,0
/mnt/h200_dataset/saad/datasets/images/ancestree/ReWIND/0_real/RRDataset/REAL/real_008128/671.jpg,0.792544,1,0
/mnt/h200_dataset/saad/datasets/images/ancestree/ReWIND/0_real/RRDataset/REAL/real_008128/661.jpg,0.783906,1,0
/mnt/h200_dataset/saad/datasets/images/ancestree/ReWIND/0_real/RRDataset/REAL/real_008128/src.jpg,0.803405,1,0
/mnt/h200_dataset/saad/datasets/images/ancestree/ReWIND/0_real/RRDataset/REAL/real_008128/670.webp,0.814201,1,0
/mnt/h200_dataset/saad/datasets/images/ancestree/ReWIND/0_real/RRDataset/REAL/real_008128/664.jpg,0.802323,1,0
/mnt/h200_dataset/saad/datasets/images/ancestree/ReWIND/0_real/RRDataset/REAL/real_008128/659.jpg,0.646181,1,0
/mnt/h200_dataset/saad/datasets/images/ancestree/ReWIND/0_real/RRDataset/REAL/real_008128/672.jpg,0.824321,1,0
/mnt/h200_dataset/saad/datasets/images/ancestree/ReWIND/0_real/RRDataset/REAL/real_008128/657.jpg,0.760562,1,0
/mnt/h200_dataset/saad/datasets/images/ancestree/ReWIND/0_real/RRDataset/REAL/real_008128/668.jpg,0.801858,1,0
/mnt/h200_dataset/saad/datasets/images/ancestree/ReWIND/0_real/RRDataset/REAL/real_000329/94.jpg,0.467301,0,0
/mnt/h200_dataset/saad/datasets/images/ancestree/ReWIND/0_real/RRDataset/REAL/real_000329/85.jpg,0.474167,0,0
/mnt/h200_dataset/saad/datasets/images/ancestree/ReWIND/0_real/RRDataset/REAL/real_000329/93.jpg,0.456591,0,0
/mnt/h200_dataset/saad/datasets/images/ancestree/ReWIND/0_real/RRDataset/REAL/real_000329/97.png,0.488539,0,0
/mnt/h200_dataset/saad/datasets/images/ancestree/ReWIND/0_real/RRDataset/REAL/real_000329/83.webp,0.469642,0,0
/mnt/h200_dataset/saad/datasets/images/ancestree/ReWIND/0_real/RRDataset/REAL/real_000329/88.jpg,0.476275,0,0
/mnt/h200_dataset/saad/datasets/images/ancestree/ReWIND/0_real/RRDataset/REAL/real_000329/98.jpg,0.461017,0,0
/mnt/h200_dataset/saad/datasets/images/ancestree/ReWIND/0_real/RRDataset/REAL/real_000329/100.jpg,0.462534,0,0
/mnt/h200_dataset/saad/datasets/images/ancestree/ReWIND/0_real/RRDataset/REAL/real_000329/92.jpg,0.464977,0,0
/mnt/h200_dataset/saad/datasets/images/ancestree/ReWIND/0_real/RRDataset/REAL/real_000329/101.jpg,0.465873,0,0
/mnt/h200_dataset/saad/datasets/images/ancestree/ReWIND/0_real/RRDataset/REAL/real_000329/src.jpg,0.478415,0,0
/mnt/h200_dataset/saad/datasets/images/ancestree/ReWIND/0_real/RRDataset/REAL/real_000329/99.jpg,0.458334,0,0
/mnt/h200_dataset/saad/datasets/images/ancestree/ReWIND/0_real/RRDataset/REAL/real_000329/87.jpg,0.481324,0,0
/mnt/h200_dataset/saad/datasets/images/ancestree/ReWIND/0_real/RRDataset/REAL/real_000329/95.jpg,0.46261,0,0
/mnt/h200_dataset/saad/datasets/images/ancestree/ReWIND/0_real/RRDataset/REAL/real_000329/91.jpg,0.461108,0,0
/mnt/h200_dataset/saad/datasets/images/ancestree/ReWIND/0_real/RRDataset/REAL/real_000329/89.jpg,0.477569,0,0
/mnt/h200_dataset/saad/datasets/images/ancestree/ReWIND/0_real/RRDataset/REAL/real_000329/90.jpg,0.459501,0,0
/mnt/h200_dataset/saad/datasets/images/ancestree/ReWIND/0_real/RRDataset/REAL/real_009807/794.jpg,0.523542,1,0
/mnt/h200_dataset/saad/datasets/images/ancestree/ReWIND/0_real/RRDataset/REAL/real_009807/774.jpg,0.524752,1,0
/mnt/h200_dataset/saad/datasets/images/ancestree/ReWIND/0_real/RRDataset/REAL/real_009807/790.jpg,0.537588,1,0
/mnt/h200_dataset/saad/datasets/images/ancestree/ReWIND/0_real/RRDataset/REAL/real_009807/803.jpg,0.522111,1,0
/mnt/h200_dataset/saad/datasets/images/ancestree/ReWIND/0_real/RRDataset/REAL/real_009807/809.jpg,0.524593,1,0
/mnt/h200_dataset/saad/datasets/images/ancestree/ReWIND/0_real/RRDataset/REAL/real_009807/772.jpg,0.5217,1,0
/mnt/h200_dataset/saad/datasets/images/ancestree/ReWIND/0_real/RRDataset/REAL/real_009807/801.jpg,0.519361,1,0
/mnt/h200_dataset/saad/datasets/images/ancestree/ReWIND/0_real/RRDataset/REAL/real_009807/814.jpg,0.522415,1,0
/mnt/h200_dataset/saad/datasets/images/ancestree/ReWIND/0_real/RRDataset/REAL/real_009807/787.webp,0.518089,1,0
/mnt/h200_dataset/saad/datasets/images/ancestree/ReWIND/0_real/RRDataset/REAL/real_009807/805.jpg,0.534704,1,0
/mnt/h200_dataset/saad/datasets/images/ancestree/ReWIND/0_real/RRDataset/REAL/real_009807/810.jpg,0.526008,1,0
/mnt/h200_dataset/saad/datasets/images/ancestree/ReWIND/0_real/RRDataset/REAL/real_009807/796.jpg,0.519163,1,0
/mnt/h200_dataset/saad/datasets/images/ancestree/ReWIND/0_real/RRDataset/REAL/real_009807/806.jpg,0.508369,1,0
/mnt/h200_dataset/saad/datasets/images/ancestree/ReWIND/0_real/RRDataset/REAL/real_009807/813.jpg,0.513268,1,0
/mnt/h200_dataset/saad/datasets/images/ancestree/ReWIND/0_real/RRDataset/REAL/real_009807/804.jpg,0.519712,1,0
/mnt/h200_dataset/saad/datasets/images/ancestree/ReWIND/0_real/RRDataset/REAL/real_009807/792.jpg,0.514263,1,0
/mnt/h200_dataset/saad/datasets/images/ancestree/ReWIND/0_real/RRDataset/REAL/real_009807/795.jpg,0.523649,1,0
/mnt/h200_dataset/saad/datasets/images/ancestree/ReWIND/0_real/RRDataset/REAL/real_009807/789.jpg,0.516374,1,0
/mnt/h200_dataset/saad/datasets/images/ancestree/ReWIND/0_real/RRDataset/REAL/real_009807/819.jpg,0.539923,1,0
/mnt/h200_dataset/saad/datasets/images/ancestree/ReWIND/0_real/RRDataset/REAL/real_009807/771.webp,0.518706,1,0
/mnt/h200_dataset/saad/datasets/images/ancestree/ReWIND/0_real/RRDataset/REAL/real_009807/793.jpg,0.525194,1,0
/mnt/h200_dataset/saad/datasets/images/ancestree/ReWIND/0_real/RRDataset/REAL/real_009807/802.jpg,0.52042,1,0
/mnt/h200_dataset/saad/datasets/images/ancestree/ReWIND/0_real/RRDataset/REAL/real_009807/780.jpg,0.522811,1,0
/mnt/h200_dataset/saad/datasets/images/ancestree/ReWIND/0_real/RRDataset/REAL/real_009807/781.jpg,0.516474,1,0
/mnt/h200_dataset/saad/datasets/images/ancestree/ReWIND/0_real/RRDataset/REAL/real_009807/src.jpg,0.559531,1,0
/mnt/h200_dataset/saad/datasets/images/ancestree/ReWIND/0_real/RRDataset/REAL/real_009807/797.jpg,0.520039,1,0
/mnt/h200_dataset/saad/datasets/images/ancestree/ReWIND/0_real/RRDataset/REAL/real_009807/800.jpg,0.530404,1,0
/mnt/h200_dataset/saad/datasets/images/ancestree/ReWIND/0_real/RRDataset/REAL/real_009807/811.jpg,0.513573,1,0
/mnt/h200_dataset/saad/datasets/images/ancestree/ReWIND/0_real/RRDataset/REAL/real_009807/815.jpg,0.522492,1,0
/mnt/h200_dataset/saad/datasets/images/ancestree/ReWIND/0_real/RRDataset/REAL/real_009807/773.webp,0.516253,1,0
/mnt/h200_dataset/saad/datasets/images/ancestree/ReWIND/0_real/RRDataset/REAL/real_009807/820.jpg,0.527765,1,0
/mnt/h200_dataset/saad/datasets/images/ancestree/ReWIND/0_real/RRDataset/REAL/real_009807/782.jpg,0.515083,1,0
/mnt/h200_dataset/saad/datasets/images/ancestree/ReWIND/0_real/RRDataset/REAL/real_009807/808.jpg,0.51416,1,0
/mnt/h200_dataset/saad/datasets/images/ancestree/ReWIND/0_real/RRDataset/REAL/real_009807/798.jpg,0.513577,1,0
/mnt/h200_dataset/saad/datasets/images/ancestree/ReWIND/0_real/RRDataset/REAL/real_009807/791.jpg,0.510291,1,0
/mnt/h200_dataset/saad/datasets/images/ancestree/ReWIND/0_real/RRDataset/REAL/real_009807/786.jpg,0.522187,1,0
/mnt/h200_dataset/saad/datasets/images/ancestree/ReWIND/0_real/RRDataset/REAL/real_006251/843.jpg,0.571647,1,0
/mnt/h200_dataset/saad/datasets/images/ancestree/ReWIND/0_real/RRDataset/REAL/real_006251/836.jpg,0.527712,1,0
/mnt/h200_dataset/saad/datasets/images/ancestree/ReWIND/0_real/RRDataset/REAL/real_006251/838.jpg,0.622402,1,0
/mnt/h200_dataset/saad/datasets/images/ancestree/ReWIND/0_real/RRDataset/REAL/real_006251/839.jpg,0.580352,1,0
/mnt/h200_dataset/saad/datasets/images/ancestree/ReWIND/0_real/RRDataset/REAL/real_006251/842.jpg,0.45941,0,0
/mnt/h200_dataset/saad/datasets/images/ancestree/ReWIND/0_real/RRDataset/REAL/real_006251/835.jpg,0.568146,1,0
/mnt/h200_dataset/saad/datasets/images/ancestree/ReWIND/0_real/RRDataset/REAL/real_006251/837.jpg,0.580649,1,0
/mnt/h200_dataset/saad/datasets/images/ancestree/ReWIND/0_real/RRDataset/REAL/real_006251/845.jpg,0.538437,1,0
/mnt/h200_dataset/saad/datasets/images/ancestree/ReWIND/0_real/RRDataset/REAL/real_006251/840.jpg,0.580352,1,0
/mnt/h200_dataset/saad/datasets/images/ancestree/ReWIND/0_real/RRDataset/REAL/real_006251/841.jpg,0.45941,0,0
/mnt/h200_dataset/saad/datasets/images/ancestree/ReWIND/0_real/RRDataset/REAL/real_006251/844.jpg,0.538437,1,0
/mnt/h200_dataset/saad/datasets/images/ancestree/ReWIND/0_real/RRDataset/REAL/real_000211/528.jpg,0.214691,0,0
/mnt/h200_dataset/saad/datasets/images/ancestree/ReWIND/0_real/RRDataset/REAL/real_000211/546.jpg,0.589185,1,0
/mnt/h200_dataset/saad/datasets/images/ancestree/ReWIND/0_real/RRDataset/REAL/real_000211/541.jpg,0.529149,1,0
/mnt/h200_dataset/saad/datasets/images/ancestree/ReWIND/0_real/RRDataset/REAL/real_000211/517.jpg,0.490533,0,0
/mnt/h200_dataset/saad/datasets/images/ancestree/ReWIND/0_real/RRDataset/REAL/real_000211/495.jpg,0.566528,1,0
/mnt/h200_dataset/saad/datasets/images/ancestree/ReWIND/0_real/RRDataset/REAL/real_000211/481.jpg,0.642264,1,0
/mnt/h200_dataset/saad/datasets/images/ancestree/ReWIND/0_real/RRDataset/REAL/real_000211/515.jpg,0.144028,0,0
/mnt/h200_dataset/saad/datasets/images/ancestree/ReWIND/0_real/RRDataset/REAL/real_000211/525.jpg,0.326701,0,0
/mnt/h200_dataset/saad/datasets/images/ancestree/ReWIND/0_real/RRDataset/REAL/real_000211/496.jpg,0.543499,1,0
/mnt/h200_dataset/saad/datasets/images/ancestree/ReWIND/0_real/RRDataset/REAL/real_000211/512.webp,0.535979,1,0
/mnt/h200_dataset/saad/datasets/images/ancestree/ReWIND/0_real/RRDataset/REAL/real_000211/488.jpg,0.304765,0,0
/mnt/h200_dataset/saad/datasets/images/ancestree/ReWIND/0_real/RRDataset/REAL/real_000211/505.jpg,0.35031,0,0
/mnt/h200_dataset/saad/datasets/images/ancestree/ReWIND/0_real/RRDataset/REAL/real_000211/489.jpg,0.630344,1,0
/mnt/h200_dataset/saad/datasets/images/ancestree/ReWIND/0_real/RRDataset/REAL/real_000211/486.jpg,0.437343,0,0
/mnt/h200_dataset/saad/datasets/images/ancestree/ReWIND/0_real/RRDataset/REAL/real_000211/538.jpg,0.37668,0,0
/mnt/h200_dataset/saad/datasets/images/ancestree/ReWIND/0_real/RRDataset/REAL/real_000211/550.jpg,0.36886,0,0
/mnt/h200_dataset/saad/datasets/images/ancestree/ReWIND/0_real/RRDataset/REAL/real_000211/503.jpg,0.332581,0,0
/mnt/h200_dataset/saad/datasets/images/ancestree/ReWIND/0_real/RRDataset/REAL/real_000211/530.jpg,0.607081,1,0
/mnt/h200_dataset/saad/datasets/images/ancestree/ReWIND/0_real/RRDataset/REAL/real_000211/504.jpg,0.236516,0,0
/mnt/h200_dataset/saad/datasets/images/ancestree/ReWIND/0_real/RRDataset/REAL/real_000211/511.jpg,0.266262,0,0
/mnt/h200_dataset/saad/datasets/images/ancestree/ReWIND/0_real/RRDataset/REAL/real_000211/479.jpg,0.342847,0,0
/mnt/h200_dataset/saad/datasets/images/ancestree/ReWIND/0_real/RRDataset/REAL/real_000211/549.jpg,0.652518,1,0
/mnt/h200_dataset/saad/datasets/images/ancestree/ReWIND/0_real/RRDataset/REAL/real_000211/539.jpg,0.467013,0,0
/mnt/h200_dataset/saad/datasets/images/ancestree/ReWIND/0_real/RRDataset/REAL/real_000211/537.jpg,0.572812,1,0
/mnt/h200_dataset/saad/datasets/images/ancestree/ReWIND/0_real/RRDataset/REAL/real_000211/521.jpg,0.215186,0,0
/mnt/h200_dataset/saad/datasets/images/ancestree/ReWIND/0_real/RRDataset/REAL/real_000211/499.jpg,0.592608,1,0
/mnt/h200_dataset/saad/datasets/images/ancestree/ReWIND/0_real/RRDataset/REAL/real_000211/502.jpg,0.354154,0,0
/mnt/h200_dataset/saad/datasets/images/ancestree/ReWIND/0_real/RRDataset/REAL/real_000211/534.jpg,0.590307,1,0
/mnt/h200_dataset/saad/datasets/images/ancestree/ReWIND/0_real/RRDataset/REAL/real_000211/497.jpg,0.684897,1,0
/mnt/h200_dataset/saad/datasets/images/ancestree/ReWIND/0_real/RRDataset/REAL/real_000211/520.jpg,0.37051,0,0
/mnt/h200_dataset/saad/datasets/images/ancestree/ReWIND/0_real/RRDataset/REAL/real_000211/483.jpg,0.576393,1,0
/mnt/h200_dataset/saad/datasets/images/ancestree/ReWIND/0_real/RRDataset/REAL/real_000211/484.jpg,0.573051,1,0
/mnt/h200_dataset/saad/datasets/images/ancestree/ReWIND/0_real/RRDataset/REAL/real_000211/510.jpg,0.61257,1,0
/mnt/h200_dataset/saad/datasets/images/ancestree/ReWIND/0_real/RRDataset/REAL/real_000211/485.jpg,0.526822,1,0
/mnt/h200_dataset/saad/datasets/images/ancestree/ReWIND/0_real/RRDataset/REAL/real_000211/544.jpg,0.560192,1,0
/mnt/h200_dataset/saad/datasets/images/ancestree/ReWIND/0_real/RRDataset/REAL/real_000211/494.jpg,0.526251,1,0
/mnt/h200_dataset/saad/datasets/images/ancestree/ReWIND/0_real/RRDataset/REAL/real_000211/480.jpg,0.542303,1,0
/mnt/h200_dataset/saad/datasets/images/ancestree/ReWIND/0_real/RRDataset/REAL/real_000211/507.jpg,0.327399,0,0
/mnt/h200_dataset/saad/datasets/images/ancestree/ReWIND/0_real/RRDataset/REAL/real_000211/527.jpg,0.557815,1,0
/mnt/h200_dataset/saad/datasets/images/ancestree/ReWIND/0_real/RRDataset/REAL/real_000211/519.jpg,0.605041,1,0
/mnt/h200_dataset/saad/datasets/images/ancestree/ReWIND/0_real/RRDataset/REAL/real_000211/490.jpg,0.194215,0,0
/mnt/h200_dataset/saad/datasets/images/ancestree/ReWIND/0_real/RRDataset/REAL/real_000211/535.jpg,0.548719,1,0
/mnt/h200_dataset/saad/datasets/images/ancestree/ReWIND/0_real/RRDataset/REAL/real_000211/514.jpg,0.64204,1,0
/mnt/h200_dataset/saad/datasets/images/ancestree/ReWIND/0_real/RRDataset/REAL/real_000211/508.jpg,0.589391,1,0
/mnt/h200_dataset/saad/datasets/images/ancestree/ReWIND/0_real/RRDataset/REAL/real_000211/516.jpg,0.497748,0,0
/mnt/h200_dataset/saad/datasets/images/ancestree/ReWIND/0_real/RRDataset/REAL/real_000211/513.jpg,0.56114,1,0
/mnt/h200_dataset/saad/datasets/images/ancestree/ReWIND/0_real/RRDataset/REAL/real_000211/src.jpg,0.635788,1,0
/mnt/h200_dataset/saad/datasets/images/ancestree/ReWIND/0_real/RRDataset/REAL/real_000211/500.jpg,0.550275,1,0
/mnt/h200_dataset/saad/datasets/images/ancestree/ReWIND/0_real/RRDataset/REAL/real_000211/506.jpg,0.574723,1,0
/mnt/h200_dataset/saad/datasets/images/ancestree/ReWIND/0_real/RRDataset/REAL/real_000211/487.jpg,0.578418,1,0
/mnt/h200_dataset/saad/datasets/images/ancestree/ReWIND/0_real/RRDataset/REAL/real_000211/540.jpg,0.483732,0,0
/mnt/h200_dataset/saad/datasets/images/ancestree/ReWIND/0_real/RRDataset/REAL/real_000211/509.jpg,0.218169,0,0
/mnt/h200_dataset/saad/datasets/images/ancestree/ReWIND/0_real/RRDataset/REAL/real_000211/529.jpg,0.33139,0,0
/mnt/h200_dataset/saad/datasets/images/ancestree/ReWIND/0_real/RRDataset/REAL/real_000211/526.jpg,0.604311,1,0
/mnt/h200_dataset/saad/datasets/images/ancestree/ReWIND/0_real/RRDataset/REAL/real_000211/518.jpg,0.571498,1,0
/mnt/h200_dataset/saad/datasets/images/ancestree/ReWIND/0_real/RRDataset/REAL/real_000211/543.jpg,0.560087,1,0
/mnt/h200_dataset/saad/datasets/images/ancestree/ReWIND/0_real/RRDataset/REAL/real_000211/482.jpg,0.564849,1,0
/mnt/h200_dataset/saad/datasets/images/ancestree/ReWIND/0_real/RRDataset/REAL/real_000211/531.jpg,0.643161,1,0
/mnt/h200_dataset/saad/datasets/images/ancestree/ReWIND/0_real/RRDataset/REAL/real_000211/493.jpg,0.233532,0,0
/mnt/h200_dataset/saad/datasets/images/ancestree/ReWIND/0_real/RRDataset/REAL/real_000211/524.jpg,0.31059,0,0
/mnt/h200_dataset/saad/datasets/images/ancestree/ReWIND/0_real/RRDataset/REAL/real_000211/523.jpg,0.289773,0,0
/mnt/h200_dataset/saad/datasets/images/ancestree/ReWIND/0_real/viral_bfree/REAL/FsII2EGWYAARBh2/img02551.jpg,0.563468,1,0
/mnt/h200_dataset/saad/datasets/images/ancestree/ReWIND/0_real/viral_bfree/REAL/FsII2EGWYAARBh2/img02575.jpg,0.546965,1,0
/mnt/h200_dataset/saad/datasets/images/ancestree/ReWIND/0_real/viral_bfree/REAL/FsII2EGWYAARBh2/img02680.png,0.783575,1,0
/mnt/h200_dataset/saad/datasets/images/ancestree/ReWIND/0_real/viral_bfree/REAL/FsII2EGWYAARBh2/img02677.jpg,0.688835,1,0
/mnt/h200_dataset/saad/datasets/images/ancestree/ReWIND/0_real/viral_bfree/REAL/FsII2EGWYAARBh2/img02569.jpg,0.571378,1,0
/mnt/h200_dataset/saad/datasets/images/ancestree/ReWIND/0_real/viral_bfree/REAL/FsII2EGWYAARBh2/img02571.jpg,0.688521,1,0
/mnt/h200_dataset/saad/datasets/images/ancestree/ReWIND/0_real/viral_bfree/REAL/FsII2EGWYAARBh2/img02584.jpg,0.848659,1,0
/mnt/h200_dataset/saad/datasets/images/ancestree/ReWIND/0_real/viral_bfree/REAL/FsII2EGWYAARBh2/img02596.jpg,0.643553,1,0
/mnt/h200_dataset/saad/datasets/images/ancestree/ReWIND/0_real/viral_bfree/REAL/FsII2EGWYAARBh2/img02557.jpg,0.755366,1,0
/mnt/h200_dataset/saad/datasets/images/ancestree/ReWIND/0_real/viral_bfree/REAL/FsII2EGWYAARBh2/img02594.jpg,0.496584,0,0
/mnt/h200_dataset/saad/datasets/images/ancestree/ReWIND/0_real/viral_bfree/REAL/FsII2EGWYAARBh2/img02503.webp,0.208018,0,0
/mnt/h200_dataset/saad/datasets/images/ancestree/ReWIND/0_real/viral_bfree/REAL/FsII2EGWYAARBh2/img02475.jpg,0.269903,0,0
/mnt/h200_dataset/saad/datasets/images/ancestree/ReWIND/0_real/viral_bfree/REAL/FsII2EGWYAARBh2/img02477.jpg,0.766031,1,0
/mnt/h200_dataset/saad/datasets/images/ancestree/ReWIND/0_real/viral_bfree/REAL/FsII2EGWYAARBh2/img02573.jpg,0.456485,0,0
/mnt/h200_dataset/saad/datasets/images/ancestree/ReWIND/0_real/viral_bfree/REAL/FsII2EGWYAARBh2/img02564.jpg,0.256459,0,0
/mnt/h200_dataset/saad/datasets/images/ancestree/ReWIND/0_real/viral_bfree/REAL/FsII2EGWYAARBh2/img02614.jpg,0.18691,0,0
/mnt/h200_dataset/saad/datasets/images/ancestree/ReWIND/0_real/viral_bfree/REAL/FsII2EGWYAARBh2/img02485.jpg,0.770033,1,0
/mnt/h200_dataset/saad/datasets/images/ancestree/ReWIND/0_real/viral_bfree/REAL/FsII2EGWYAARBh2/img02582.jpg,0.389692,0,0
/mnt/h200_dataset/saad/datasets/images/ancestree/ReWIND/0_real/viral_bfree/REAL/FsII2EGWYAARBh2/img02576.jpg,0.552193,1,0
/mnt/h200_dataset/saad/datasets/images/ancestree/ReWIND/0_real/viral_bfree/REAL/FsII2EGWYAARBh2/img02481.jpg,0.702785,1,0
/mnt/h200_dataset/saad/datasets/images/ancestree/ReWIND/0_real/viral_bfree/REAL/FsII2EGWYAARBh2/img02618.jpg,0.171755,0,0
/mnt/h200_dataset/saad/datasets/images/ancestree/ReWIND/0_real/viral_bfree/REAL/FsII2EGWYAARBh2/img02615.jpg,0.635844,1,0
/mnt/h200_dataset/saad/datasets/images/ancestree/ReWIND/0_real/viral_bfree/REAL/FsII2EGWYAARBh2/img02679.jpg,0.78016,1,0
/mnt/h200_dataset/saad/datasets/images/ancestree/ReWIND/0_real/viral_bfree/REAL/FsII2EGWYAARBh2/img02501.jpg,0.671093,1,0
/mnt/h200_dataset/saad/datasets/images/ancestree/ReWIND/0_real/viral_bfree/REAL/FsII2EGWYAARBh2/img02622.jpg,0.775009,1,0
/mnt/h200_dataset/saad/datasets/images/ancestree/ReWIND/0_real/viral_bfree/REAL/FsII2EGWYAARBh2/img02483.jpg,0.773815,1,0
/mnt/h200_dataset/saad/datasets/images/ancestree/ReWIND/0_real/viral_bfree/REAL/FsII2EGWYAARBh2/img02505.jpg,0.502574,1,0
/mnt/h200_dataset/saad/datasets/images/ancestree/ReWIND/0_real/viral_bfree/REAL/FsII2EGWYAARBh2/img02486.jpg,0.825941,1,0
/mnt/h200_dataset/saad/datasets/images/ancestree/ReWIND/0_real/viral_bfree/REAL/FsII2EGWYAARBh2/img02620.png,0.736685,1,0
/mnt/h200_dataset/saad/datasets/images/ancestree/ReWIND/0_real/viral_bfree/REAL/FsII2EGWYAARBh2/img02542.jpg,0.577406,1,0
/mnt/h200_dataset/saad/datasets/images/ancestree/ReWIND/0_real/viral_bfree/REAL/FsII2EGWYAARBh2/img02625.jpg,0.636071,1,0
/mnt/h200_dataset/saad/datasets/images/ancestree/ReWIND/0_real/viral_bfree/REAL/FsII2EGWYAARBh2/img02580.jpg,0.439477,0,0
/mnt/h200_dataset/saad/datasets/images/ancestree/ReWIND/0_real/viral_bfree/REAL/FsII2EGWYAARBh2/img02472.jpg,0.67971,1,0
/mnt/h200_dataset/saad/datasets/images/ancestree/ReWIND/0_real/viral_bfree/REAL/FsII2EGWYAARBh2/img02498.jpg,0.848471,1,0
/mnt/h200_dataset/saad/datasets/images/ancestree/ReWIND/0_real/viral_bfree/REAL/FsII2EGWYAARBh2/img02629.jpg,0.848659,1,0
/mnt/h200_dataset/saad/datasets/images/ancestree/ReWIND/0_real/viral_bfree/REAL/FsII2EGWYAARBh2/img02478.jpg,0.34065,0,0
/mnt/h200_dataset/saad/datasets/images/ancestree/ReWIND/0_real/viral_bfree/REAL/FsII2EGWYAARBh2/img02682.jpg,0.720663,1,0
/mnt/h200_dataset/saad/datasets/images/ancestree/ReWIND/0_real/viral_bfree/REAL/FsII2EGWYAARBh2/img02513.jpg,0.622517,1,0
/mnt/h200_dataset/saad/datasets/images/ancestree/ReWIND/0_real/viral_bfree/REAL/FsII2EGWYAARBh2/img02623.jpg,0.548492,1,0
/mnt/h200_dataset/saad/datasets/images/ancestree/ReWIND/0_real/viral_bfree/REAL/FsII2EGWYAARBh2/img02681.jpg,0.672547,1,0
/mnt/h200_dataset/saad/datasets/images/ancestree/ReWIND/0_real/viral_bfree/REAL/FsII2EGWYAARBh2/img02610.jpg,0.723847,1,0
/mnt/h200_dataset/saad/datasets/images/ancestree/ReWIND/0_real/viral_bfree/REAL/FsII2EGWYAARBh2/img02501.webp,0.712182,1,0
/mnt/h200_dataset/saad/datasets/images/ancestree/ReWIND/0_real/viral_bfree/REAL/FsII2EGWYAARBh2/img02502.jpg,0.778902,1,0
/mnt/h200_dataset/saad/datasets/images/ancestree/ReWIND/0_real/viral_bfree/REAL/FsII2EGWYAARBh2/img02678.jpg,0.775775,1,0
/mnt/h200_dataset/saad/datasets/images/ancestree/ReWIND/0_real/viral_bfree/REAL/FsII2EGWYAARBh2/img02471.jpg,0.708566,1,0
/mnt/h200_dataset/saad/datasets/images/ancestree/ReWIND/0_real/viral_bfree/REAL/FsII2EGWYAARBh2/img02633.jpg,0.402422,0,0
/mnt/h200_dataset/saad/datasets/images/ancestree/ReWIND/0_real/viral_bfree/REAL/FsII2EGWYAARBh2/img02527.jpg,0.577942,1,0
/mnt/h200_dataset/saad/datasets/images/ancestree/ReWIND/0_real/viral_bfree/REAL/FsII2EGWYAARBh2/img02538.jpg,0.808748,1,0
/mnt/h200_dataset/saad/datasets/images/ancestree/ReWIND/0_real/viral_bfree/REAL/FsII2EGWYAARBh2/img02496.webp,0.683102,1,0
/mnt/h200_dataset/saad/datasets/images/ancestree/ReWIND/0_real/viral_bfree/REAL/FsII2EGWYAARBh2/img02607.jpg,0.692018,1,0
/mnt/h200_dataset/saad/datasets/images/ancestree/ReWIND/0_real/viral_bfree/REAL/FsII2EGWYAARBh2/img02520.jpg,0.569494,1,0
/mnt/h200_dataset/saad/datasets/images/ancestree/ReWIND/0_real/viral_bfree/REAL/FsII2EGWYAARBh2/img02683.jpg,0.578031,1,0
/mnt/h200_dataset/saad/datasets/images/ancestree/ReWIND/0_real/viral_bfree/REAL/FsII2EGWYAARBh2/img02473.jpg,0.809201,1,0
/mnt/h200_dataset/saad/datasets/images/ancestree/ReWIND/0_real/viral_bfree/REAL/FsII2EGWYAARBh2/img02617.jpg,0.799833,1,0
/mnt/h200_dataset/saad/datasets/images/ancestree/ReWIND/0_real/viral_bfree/REAL/FsII2EGWYAARBh2/img02591.jpg,0.688521,1,0
/mnt/h200_dataset/saad/datasets/images/ancestree/ReWIND/0_real/viral_bfree/REAL/FsII2EGWYAARBh2/img02511.jpg,0.622861,1,0
/mnt/h200_dataset/saad/datasets/images/ancestree/ReWIND/0_real/viral_bfree/REAL/FsII2EGWYAARBh2/img02500.jpg,0.835685,1,0
/mnt/h200_dataset/saad/datasets/images/ancestree/ReWIND/0_real/viral_bfree/REAL/FsII2EGWYAARBh2/img02602.jpg,0.550003,1,0
/mnt/h200_dataset/saad/datasets/images/ancestree/ReWIND/0_real/viral_bfree/REAL/FsII2EGWYAARBh2/img02512.jpg,0.622861,1,0
/mnt/h200_dataset/saad/datasets/images/ancestree/ReWIND/0_real/viral_bfree/REAL/FsII2EGWYAARBh2/img02539.jpg,0.75101,1,0
/mnt/h200_dataset/saad/datasets/images/ancestree/ReWIND/0_real/viral_bfree/REAL/FsII2EGWYAARBh2/img02531.jpg,0.787114,1,0
/mnt/h200_dataset/saad/datasets/images/ancestree/ReWIND/0_real/viral_bfree/REAL/FsII2EGWYAARBh2/img02494.webp,0.552691,1,0
/mnt/h200_dataset/saad/datasets/images/ancestree/ReWIND/0_real/viral_bfree/REAL/FsII2EGWYAARBh2/img02545.jpg,0.509738,1,0
/mnt/h200_dataset/saad/datasets/images/ancestree/ReWIND/0_real/viral_bfree/REAL/FsII2EGWYAARBh2/img02546.jpg,0.608827,1,0
/mnt/h200_dataset/saad/datasets/images/ancestree/ReWIND/0_real/viral_bfree/REAL/FsII2EGWYAARBh2/img02482.jpg,0.711982,1,0
/mnt/h200_dataset/saad/datasets/images/ancestree/ReWIND/0_real/viral_bfree/REAL/FsII2EGWYAARBh2/img02497.jpg,0.71413,1,0
/mnt/h200_dataset/saad/datasets/images/ancestree/ReWIND/0_real/viral_bfree/REAL/FsII2EGWYAARBh2/img02561.jpg,0.698587,1,0
/mnt/h200_dataset/saad/datasets/images/ancestree/ReWIND/0_real/viral_bfree/REAL/FsII2EGWYAARBh2/img02555.jpg,0.773644,1,0
/mnt/h200_dataset/saad/datasets/images/ancestree/ReWIND/0_real/viral_bfree/REAL/FsII2EGWYAARBh2/img02541.jpg,0.618752,1,0
/mnt/h200_dataset/saad/datasets/images/ancestree/ReWIND/0_real/viral_bfree/REAL/FsII2EGWYAARBh2/img02601.jpg,0.554154,1,0
/mnt/h200_dataset/saad/datasets/images/ancestree/ReWIND/0_real/viral_bfree/REAL/FsII2EGWYAARBh2/img02556.jpg,0.78695,1,0
/mnt/h200_dataset/saad/datasets/images/ancestree/ReWIND/0_real/viral_bfree/REAL/FsII2EGWYAARBh2/img02499.jpg,0.793826,1,0
/mnt/h200_dataset/saad/datasets/images/ancestree/ReWIND/0_real/viral_bfree/REAL/FsII2EGWYAARBh2/img02479.jpg,0.16132,0,0
/mnt/h200_dataset/saad/datasets/images/ancestree/ReWIND/0_real/viral_bfree/REAL/FsII2EGWYAARBh2/img02495.jpg,0.798344,1,0
/mnt/h200_dataset/saad/datasets/images/ancestree/ReWIND/0_real/viral_bfree/REAL/FsII2EGWYAARBh2/img02621.jpg,0.599925,1,0
/mnt/h200_dataset/saad/datasets/images/ancestree/ReWIND/0_real/viral_bfree/REAL/FsII2EGWYAARBh2/img02484.jpg,0.76934,1,0
/mnt/h200_dataset/saad/datasets/images/ancestree/ReWIND/0_real/viral_bfree/REAL/FsII2EGWYAARBh2/img02503.jpg,0.254972,0,0
/mnt/h200_dataset/saad/datasets/images/ancestree/ReWIND/0_real/viral_bfree/REAL/FsII2EGWYAARBh2/img02493.png,0.736685,1,0
/mnt/h200_dataset/saad/datasets/images/ancestree/ReWIND/0_real/viral_bfree/REAL/FsII2EGWYAARBh2/img02577.jpg,0.200401,0,0
/mnt/h200_dataset/saad/datasets/images/ancestree/ReWIND/0_real/viral_bfree/REAL/FsII2EGWYAARBh2/img02572.jpg,0.681992,1,0
/mnt/h200_dataset/saad/datasets/images/ancestree/ReWIND/0_real/viral_bfree/REAL/FsII2EGWYAARBh2/img02603.jpg,0.577853,1,0
/mnt/h200_dataset/saad/datasets/images/ancestree/ReWIND/0_real/viral_bfree/REAL/FsII2EGWYAARBh2/img02540.jpg,0.540712,1,0
/mnt/h200_dataset/saad/datasets/images/ancestree/ReWIND/0_real/viral_bfree/REAL/FrvIUyZXoAEqp0h/img03235.jpg,0.141578,0,0
/mnt/h200_dataset/saad/datasets/images/ancestree/ReWIND/0_real/viral_bfree/REAL/FrvIUyZXoAEqp0h/img03356.jpg,0.238639,0,0
/mnt/h200_dataset/saad/datasets/images/ancestree/ReWIND/0_real/viral_bfree/REAL/FrvIUyZXoAEqp0h/img03266.jpg,0.241668,0,0
/mnt/h200_dataset/saad/datasets/images/ancestree/ReWIND/0_real/viral_bfree/REAL/FrvIUyZXoAEqp0h/img03303.jpg,0.09343,0,0
/mnt/h200_dataset/saad/datasets/images/ancestree/ReWIND/0_real/viral_bfree/REAL/FrvIUyZXoAEqp0h/img03368.jpg,0.14731,0,0
/mnt/h200_dataset/saad/datasets/images/ancestree/ReWIND/0_real/viral_bfree/REAL/FrvIUyZXoAEqp0h/img03441.jpg,0.136666,0,0
/mnt/h200_dataset/saad/datasets/images/ancestree/ReWIND/0_real/viral_bfree/REAL/FrvIUyZXoAEqp0h/img03428.jpg,0.129954,0,0
/mnt/h200_dataset/saad/datasets/images/ancestree/ReWIND/0_real/viral_bfree/REAL/FrvIUyZXoAEqp0h/img03418.jpg,0.119357,0,0
/mnt/h200_dataset/saad/datasets/images/ancestree/ReWIND/0_real/viral_bfree/REAL/FrvIUyZXoAEqp0h/img03331.jpg,0.238639,0,0
/mnt/h200_dataset/saad/datasets/images/ancestree/ReWIND/0_real/viral_bfree/REAL/FrvIUyZXoAEqp0h/img02995.jpg,0.087642,0,0
/mnt/h200_dataset/saad/datasets/images/ancestree/ReWIND/0_real/viral_bfree/REAL/FrvIUyZXoAEqp0h/img03429.jpg,0.14554,0,0
/mnt/h200_dataset/saad/datasets/images/ancestree/ReWIND/0_real/viral_bfree/REAL/FrvIUyZXoAEqp0h/img03387.jpg,0.140277,0,0
/mnt/h200_dataset/saad/datasets/images/ancestree/ReWIND/0_real/viral_bfree/REAL/FrvIUyZXoAEqp0h/img03425.jpg,0.106598,0,0
/mnt/h200_dataset/saad/datasets/images/ancestree/ReWIND/0_real/viral_bfree/REAL/FrvIUyZXoAEqp0h/img03083.jpg,0.139045,0,0
/mnt/h200_dataset/saad/datasets/images/ancestree/ReWIND/0_real/viral_bfree/REAL/FrvIUyZXoAEqp0h/img03061.jpg,0.185209,0,0
/mnt/h200_dataset/saad/datasets/images/ancestree/ReWIND/0_real/viral_bfree/REAL/FrvIUyZXoAEqp0h/img03022.jpg,0.1414,0,0
/mnt/h200_dataset/saad/datasets/images/ancestree/ReWIND/0_real/viral_bfree/REAL/FrvIUyZXoAEqp0h/img03373.jpg,0.11808,0,0
/mnt/h200_dataset/saad/datasets/images/ancestree/ReWIND/0_real/viral_bfree/REAL/FrvIUyZXoAEqp0h/img03364.jpg,0.188473,0,0
/mnt/h200_dataset/saad/datasets/images/ancestree/ReWIND/0_real/viral_bfree/REAL/FrvIUyZXoAEqp0h/img03008.jpg,0.086709,0,0
/mnt/h200_dataset/saad/datasets/images/ancestree/ReWIND/0_real/viral_bfree/REAL/FrvIUyZXoAEqp0h/img03004.jpg,0.078855,0,0
/mnt/h200_dataset/saad/datasets/images/ancestree/ReWIND/0_real/viral_bfree/REAL/FrvIUyZXoAEqp0h/img03246.jpg,0.162979,0,0
/mnt/h200_dataset/saad/datasets/images/ancestree/ReWIND/0_real/viral_bfree/REAL/FrvIUyZXoAEqp0h/img03376.jpg,0.14682,0,0
/mnt/h200_dataset/saad/datasets/images/ancestree/ReWIND/0_real/viral_bfree/REAL/FrvIUyZXoAEqp0h/img02984.jpg,0.127979,0,0
/mnt/h200_dataset/saad/datasets/images/ancestree/ReWIND/0_real/viral_bfree/REAL/FrvIUyZXoAEqp0h/img03295.jpg,0.069605,0,0
/mnt/h200_dataset/saad/datasets/images/ancestree/ReWIND/0_real/viral_bfree/REAL/FrvIUyZXoAEqp0h/img03382.jpg,0.177954,0,0
/mnt/h200_dataset/saad/datasets/images/ancestree/ReWIND/0_real/viral_bfree/REAL/FrvIUyZXoAEqp0h/img03279.jpg,0.112016,0,0
/mnt/h200_dataset/saad/datasets/images/ancestree/ReWIND/0_real/viral_bfree/REAL/FrvIUyZXoAEqp0h/img03381.jpg,0.126569,0,0
/mnt/h200_dataset/saad/datasets/images/ancestree/ReWIND/0_real/viral_bfree/REAL/FrvIUyZXoAEqp0h/img03366.jpg,0.237399,0,0
/mnt/h200_dataset/saad/datasets/images/ancestree/ReWIND/0_real/viral_bfree/REAL/FrvIUyZXoAEqp0h/img03039.jpg,0.138637,0,0
/mnt/h200_dataset/saad/datasets/images/ancestree/ReWIND/0_real/viral_bfree/REAL/FrvIUyZXoAEqp0h/img02980.jpg,0.157525,0,0
/mnt/h200_dataset/saad/datasets/images/ancestree/ReWIND/0_real/viral_bfree/REAL/FrvIUyZXoAEqp0h/img03433.jpg,0.105856,0,0
/mnt/h200_dataset/saad/datasets/images/ancestree/ReWIND/0_real/viral_bfree/REAL/FrvIUyZXoAEqp0h/img03108.jpg,0.244363,0,0
/mnt/h200_dataset/saad/datasets/images/ancestree/ReWIND/0_real/viral_bfree/REAL/FrvIUyZXoAEqp0h/img03280.jpg,0.131062,0,0
/mnt/h200_dataset/saad/datasets/images/ancestree/ReWIND/0_real/viral_bfree/REAL/FrvIUyZXoAEqp0h/img03437.jpg,0.155335,0,0
/mnt/h200_dataset/saad/datasets/images/ancestree/ReWIND/0_real/viral_bfree/REAL/FrvIUyZXoAEqp0h/img03411.webp,0.104204,0,0
/mnt/h200_dataset/saad/datasets/images/ancestree/ReWIND/0_real/viral_bfree/REAL/FrvIUyZXoAEqp0h/img03394.jpg,0.129018,0,0
/mnt/h200_dataset/saad/datasets/images/ancestree/ReWIND/0_real/viral_bfree/REAL/FrvIUyZXoAEqp0h/img03120.jpg,0.169406,0,0
/mnt/h200_dataset/saad/datasets/images/ancestree/ReWIND/0_real/viral_bfree/REAL/FrvIUyZXoAEqp0h/img03234.jpg,0.089375,0,0
/mnt/h200_dataset/saad/datasets/images/ancestree/ReWIND/0_real/viral_bfree/REAL/FrvIUyZXoAEqp0h/img02992.jpg,0.196672,0,0
/mnt/h200_dataset/saad/datasets/images/ancestree/ReWIND/0_real/viral_bfree/REAL/FrvIUyZXoAEqp0h/img03062.jpg,0.238639,0,0
/mnt/h200_dataset/saad/datasets/images/ancestree/ReWIND/0_real/viral_bfree/REAL/FrvIUyZXoAEqp0h/img02981.jpg,0.140336,0,0
/mnt/h200_dataset/saad/datasets/images/ancestree/ReWIND/0_real/viral_bfree/REAL/FrvIUyZXoAEqp0h/img03244.jpg,0.135346,0,0
/mnt/h200_dataset/saad/datasets/images/ancestree/ReWIND/0_real/viral_bfree/REAL/FrvIUyZXoAEqp0h/img03184.jpg,0.139338,0,0
/mnt/h200_dataset/saad/datasets/images/ancestree/ReWIND/0_real/viral_bfree/REAL/FrvIUyZXoAEqp0h/img03424.webp,0.091139,0,0
/mnt/h200_dataset/saad/datasets/images/ancestree/ReWIND/0_real/viral_bfree/REAL/FrvIUyZXoAEqp0h/img03268.jpg,0.15059,0,0
/mnt/h200_dataset/saad/datasets/images/ancestree/ReWIND/0_real/viral_bfree/REAL/FrvIUyZXoAEqp0h/img03399.jpg,0.113481,0,0
/mnt/h200_dataset/saad/datasets/images/ancestree/ReWIND/0_real/viral_bfree/REAL/FrvIUyZXoAEqp0h/img03028.jpg,0.135232,0,0
/mnt/h200_dataset/saad/datasets/images/ancestree/ReWIND/0_real/viral_bfree/REAL/FrvIUyZXoAEqp0h/img03123.jpg,0.23231,0,0
/mnt/h200_dataset/saad/datasets/images/ancestree/ReWIND/0_real/viral_bfree/REAL/FrvIUyZXoAEqp0h/img03365.jpg,0.203075,0,0
/mnt/h200_dataset/saad/datasets/images/ancestree/ReWIND/0_real/viral_bfree/REAL/FrvIUyZXoAEqp0h/img03326.webp,0.168446,0,0
/mnt/h200_dataset/saad/datasets/images/ancestree/ReWIND/0_real/viral_bfree/REAL/FrvIUyZXoAEqp0h/img03301.jpg,0.143548,0,0
/mnt/h200_dataset/saad/datasets/images/ancestree/ReWIND/0_real/viral_bfree/REAL/FrvIUyZXoAEqp0h/img03378.jpg,0.198375,0,0
/mnt/h200_dataset/saad/datasets/images/ancestree/ReWIND/0_real/viral_bfree/REAL/FrvIUyZXoAEqp0h/img03015.jpg,0.096962,0,0
/mnt/h200_dataset/saad/datasets/images/ancestree/ReWIND/0_real/viral_bfree/REAL/FrvIUyZXoAEqp0h/img02975.jpg,0.201028,0,0
/mnt/h200_dataset/saad/datasets/images/ancestree/ReWIND/0_real/viral_bfree/REAL/FrvIUyZXoAEqp0h/img03385.jpg,0.195287,0,0
/mnt/h200_dataset/saad/datasets/images/ancestree/ReWIND/0_real/viral_bfree/REAL/FrvIUyZXoAEqp0h/img03063.jpg,0.099645,0,0
/mnt/h200_dataset/saad/datasets/images/ancestree/ReWIND/0_real/viral_bfree/REAL/FrvIUyZXoAEqp0h/img03443.jpg,0.077868,0,0
/mnt/h200_dataset/saad/datasets/images/ancestree/ReWIND/0_real/viral_bfree/REAL/FrvIUyZXoAEqp0h/img02979.jpg,0.140218,0,0
/mnt/h200_dataset/saad/datasets/images/ancestree/ReWIND/0_real/viral_bfree/REAL/FrvIUyZXoAEqp0h/img03401.jpg,0.214198,0,0
/mnt/h200_dataset/saad/datasets/images/ancestree/ReWIND/0_real/viral_bfree/REAL/FrvIUyZXoAEqp0h/img03432.jpg,0.122523,0,0
/mnt/h200_dataset/saad/datasets/images/ancestree/ReWIND/0_real/viral_bfree/REAL/FrvIUyZXoAEqp0h/img03124.jpg,0.17441,0,0
/mnt/h200_dataset/saad/datasets/images/ancestree/ReWIND/0_real/viral_bfree/REAL/FrvIUyZXoAEqp0h/img03438.jpg,0.07403,0,0
/mnt/h200_dataset/saad/datasets/images/ancestree/ReWIND/0_real/viral_bfree/REAL/FrvIUyZXoAEqp0h/img03053.jpg,0.086709,0,0
/mnt/h200_dataset/saad/datasets/images/ancestree/ReWIND/0_real/viral_bfree/REAL/FrvIUyZXoAEqp0h/img03393.jpg,0.12179,0,0
/mnt/h200_dataset/saad/datasets/images/ancestree/ReWIND/0_real/viral_bfree/REAL/FrvIUyZXoAEqp0h/img03380.jpg,0.130175,0,0
/mnt/h200_dataset/saad/datasets/images/ancestree/ReWIND/0_real/viral_bfree/REAL/FrvIUyZXoAEqp0h/img03370.jpg,0.21158,0,0
/mnt/h200_dataset/saad/datasets/images/ancestree/ReWIND/0_real/viral_bfree/REAL/FrvIUyZXoAEqp0h/img03016.jpg,0.094093,0,0
/mnt/h200_dataset/saad/datasets/images/ancestree/ReWIND/0_real/viral_bfree/REAL/FrvIUyZXoAEqp0h/img03363.jpg,0.144934,0,0
/mnt/h200_dataset/saad/datasets/images/ancestree/ReWIND/0_real/viral_bfree/REAL/FrvIUyZXoAEqp0h/img02999.jpg,0.082254,0,0
/mnt/h200_dataset/saad/datasets/images/ancestree/ReWIND/0_real/viral_bfree/REAL/FrvIUyZXoAEqp0h/img03414.jpg,0.135004,0,0
/mnt/h200_dataset/saad/datasets/images/ancestree/ReWIND/0_real/viral_bfree/REAL/FrvIUyZXoAEqp0h/img03436.jpg,0.107344,0,0
/mnt/h200_dataset/saad/datasets/images/ancestree/ReWIND/0_real/viral_bfree/REAL/FrvIUyZXoAEqp0h/img03422.jpg,0.179171,0,0
/mnt/h200_dataset/saad/datasets/images/ancestree/ReWIND/0_real/viral_bfree/REAL/FrvIUyZXoAEqp0h/img03302.jpg,0.086401,0,0
/mnt/h200_dataset/saad/datasets/images/ancestree/ReWIND/0_real/viral_bfree/REAL/FrvIUyZXoAEqp0h/img03296.jpg,0.088741,0,0
/mnt/h200_dataset/saad/datasets/images/ancestree/ReWIND/0_real/viral_bfree/REAL/FrvIUyZXoAEqp0h/img03361.jpg,0.160858,0,0
/mnt/h200_dataset/saad/datasets/images/ancestree/ReWIND/0_real/viral_bfree/REAL/FrvIUyZXoAEqp0h/img03398.webp,0.101679,0,0
/mnt/h200_dataset/saad/datasets/images/ancestree/ReWIND/0_real/viral_bfree/REAL/FrvIUyZXoAEqp0h/img03003.jpg,0.245266,0,0
/mnt/h200_dataset/saad/datasets/images/ancestree/ReWIND/0_real/viral_bfree/REAL/FrvIUyZXoAEqp0h/img03277.webp,0.173428,0,0
/mnt/h200_dataset/saad/datasets/images/ancestree/ReWIND/0_real/viral_bfree/REAL/FrvIUyZXoAEqp0h/img03430.jpg,0.153422,0,0
/mnt/h200_dataset/saad/datasets/images/ancestree/ReWIND/0_real/viral_bfree/REAL/FrvIUyZXoAEqp0h/img03006.jpg,0.172033,0,0
/mnt/h200_dataset/saad/datasets/images/ancestree/ReWIND/0_real/viral_bfree/REAL/FrvIUyZXoAEqp0h/img03082.jpg,0.201342,0,0
/mnt/h200_dataset/saad/datasets/images/ancestree/ReWIND/0_real/viral_bfree/REAL/FrvIUyZXoAEqp0h/img03036.jpg,0.100437,0,0
/mnt/h200_dataset/saad/datasets/images/ancestree/ReWIND/0_real/viral_bfree/REAL/FrvIUyZXoAEqp0h/img03402.jpg,0.135518,0,0
/mnt/h200_dataset/saad/datasets/images/ancestree/ReWIND/0_real/viral_bfree/REAL/FrvIUyZXoAEqp0h/img02977.jpg,0.227985,0,0
/mnt/h200_dataset/saad/datasets/images/ancestree/ReWIND/0_real/viral_bfree/REAL/FrvIUyZXoAEqp0h/img03018.jpg,0.102036,0,0
/mnt/h200_dataset/saad/datasets/images/ancestree/ReWIND/0_real/viral_bfree/REAL/FrvIUyZXoAEqp0h/img03413.jpg,0.106041,0,0
/mnt/h200_dataset/saad/datasets/images/ancestree/ReWIND/0_real/viral_bfree/REAL/FrvIUyZXoAEqp0h/img02972.jpg,0.18374,0,0
/mnt/h200_dataset/saad/datasets/images/ancestree/ReWIND/0_real/viral_bfree/REAL/FrvIUyZXoAEqp0h/img03397.jpg,0.125923,0,0
/mnt/h200_dataset/saad/datasets/images/ancestree/ReWIND/0_real/viral_bfree/REAL/FrvIUyZXoAEqp0h/img03207.jpg,0.15662,0,0
/mnt/h200_dataset/saad/datasets/images/ancestree/ReWIND/0_real/viral_bfree/REAL/FrvIUyZXoAEqp0h/img03226.jpg,0.149656,0,0
/mnt/h200_dataset/saad/datasets/images/ancestree/ReWIND/0_real/viral_bfree/REAL/FrvIUyZXoAEqp0h/img03060.jpg,0.238284,0,0
/mnt/h200_dataset/saad/datasets/images/ancestree/ReWIND/0_real/viral_bfree/REAL/FrvIUyZXoAEqp0h/img03241.jpg,0.09628,0,0
/mnt/h200_dataset/saad/datasets/images/ancestree/ReWIND/0_real/viral_bfree/REAL/FrvIUyZXoAEqp0h/img03270.jpg,0.106041,0,0
/mnt/h200_dataset/saad/datasets/images/ancestree/ReWIND/0_real/viral_bfree/REAL/FrvIUyZXoAEqp0h/img03359.jpg,0.161056,0,0
/mnt/h200_dataset/saad/datasets/images/ancestree/ReWIND/0_real/viral_bfree/REAL/FrvIUyZXoAEqp0h/img03021.jpg,0.238284,0,0
/mnt/h200_dataset/saad/datasets/images/ancestree/ReWIND/0_real/viral_bfree/REAL/FrvIUyZXoAEqp0h/img03415.jpg,0.102036,0,0
/mnt/h200_dataset/saad/datasets/images/ancestree/ReWIND/0_real/viral_bfree/REAL/FrvIUyZXoAEqp0h/img03203.jpg,0.238639,0,0
/mnt/h200_dataset/saad/datasets/images/ancestree/ReWIND/0_real/viral_bfree/REAL/FrvIUyZXoAEqp0h/img03400.jpg,0.185209,0,0
/mnt/h200_dataset/saad/datasets/images/ancestree/ReWIND/0_real/viral_bfree/REAL/FrvIUyZXoAEqp0h/img03283.jpg,0.147555,0,0
/mnt/h200_dataset/saad/datasets/images/ancestree/ReWIND/0_real/viral_bfree/REAL/FrvIUyZXoAEqp0h/img03410.jpg,0.099208,0,0
/mnt/h200_dataset/saad/datasets/images/ancestree/ReWIND/0_real/viral_bfree/REAL/FrvIUyZXoAEqp0h/img03101.jpg,0.090897,0,0
/mnt/h200_dataset/saad/datasets/images/ancestree/ReWIND/0_real/viral_bfree/REAL/FrvIUyZXoAEqp0h/img03106.jpg,0.094093,0,0
/mnt/h200_dataset/saad/datasets/images/ancestree/ReWIND/0_real/viral_bfree/REAL/FrvIUyZXoAEqp0h/img03362.jpg,0.226185,0,0
/mnt/h200_dataset/saad/datasets/images/ancestree/ReWIND/0_real/viral_bfree/REAL/FrvIUyZXoAEqp0h/img03383.jpg,0.14817,0,0
/mnt/h200_dataset/saad/datasets/images/ancestree/ReWIND/0_real/viral_bfree/REAL/FrvIUyZXoAEqp0h/img02998.jpg,0.083143,0,0
/mnt/h200_dataset/saad/datasets/images/ancestree/ReWIND/0_real/viral_bfree/REAL/FrvIUyZXoAEqp0h/img03384.jpg,0.200793,0,0
/mnt/h200_dataset/saad/datasets/images/ancestree/ReWIND/0_real/viral_bfree/REAL/FrvIUyZXoAEqp0h/img03354.jpg,0.155463,0,0
/mnt/h200_dataset/saad/datasets/images/ancestree/ReWIND/0_real/viral_bfree/REAL/FrvIUyZXoAEqp0h/img02973.jpg,0.108378,0,0
/mnt/h200_dataset/saad/datasets/images/ancestree/ReWIND/0_real/viral_bfree/REAL/FrvIUyZXoAEqp0h/img03395.jpg,0.103658,0,0
/mnt/h200_dataset/saad/datasets/images/ancestree/ReWIND/0_real/viral_bfree/REAL/FrvIUyZXoAEqp0h/img03355.jpg,0.226185,0,0
/mnt/h200_dataset/saad/datasets/images/ancestree/ReWIND/0_real/viral_bfree/REAL/FrvIUyZXoAEqp0h/img03388.jpg,0.139983,0,0
/mnt/h200_dataset/saad/datasets/images/ancestree/ReWIND/0_real/viral_bfree/REAL/FrvIUyZXoAEqp0h/img03051.jpg,0.091788,0,0
/mnt/h200_dataset/saad/datasets/images/ancestree/ReWIND/0_real/viral_bfree/REAL/FrvIUyZXoAEqp0h/img03420.jpg,0.096962,0,0
/mnt/h200_dataset/saad/datasets/images/ancestree/ReWIND/0_real/viral_bfree/REAL/FrvIUyZXoAEqp0h/img03408.webp,0.148541,0,0
/mnt/h200_dataset/saad/datasets/images/ancestree/ReWIND/0_real/viral_bfree/REAL/FrvIUyZXoAEqp0h/img02982.jpg,0.174833,0,0
/mnt/h200_dataset/saad/datasets/images/ancestree/ReWIND/0_real/viral_bfree/REAL/FrvIUyZXoAEqp0h/img03404.jpg,0.246171,0,0
/mnt/h200_dataset/saad/datasets/images/ancestree/ReWIND/0_real/viral_bfree/REAL/FrvIUyZXoAEqp0h/img03102.jpg,0.137996,0,0
/mnt/h200_dataset/saad/datasets/images/ancestree/ReWIND/0_real/viral_bfree/REAL/FrvIUyZXoAEqp0h/img03405.jpg,0.1414,0,0
/mnt/h200_dataset/saad/datasets/images/ancestree/ReWIND/0_real/viral_bfree/REAL/FrvIUyZXoAEqp0h/img03386.jpg,0.125172,0,0
/mnt/h200_dataset/saad/datasets/images/ancestree/ReWIND/0_real/viral_bfree/REAL/FrvIUyZXoAEqp0h/img03419.jpg,0.075653,0,0
/mnt/h200_dataset/saad/datasets/images/ancestree/ReWIND/0_real/viral_bfree/REAL/FrvIUyZXoAEqp0h/img03391.jpg,0.112503,0,0
/mnt/h200_dataset/saad/datasets/images/ancestree/ReWIND/0_real/viral_bfree/REAL/FrvIUyZXoAEqp0h/img03439.jpg,0.082549,0,0
/mnt/h200_dataset/saad/datasets/images/ancestree/ReWIND/0_real/viral_bfree/REAL/FrvIUyZXoAEqp0h/img03267.jpg,0.09277,0,0
/mnt/h200_dataset/saad/datasets/images/ancestree/ReWIND/0_real/viral_bfree/REAL/FrvIUyZXoAEqp0h/img03357.jpg,0.173009,0,0
/mnt/h200_dataset/saad/datasets/images/ancestree/ReWIND/0_real/viral_bfree/REAL/FrvIUyZXoAEqp0h/img03416.jpg,0.137648,0,0
/mnt/h200_dataset/saad/datasets/images/ancestree/ReWIND/0_real/viral_bfree/REAL/FrvIUyZXoAEqp0h/img03012.jpg,0.088112,0,0
/mnt/h200_dataset/saad/datasets/images/ancestree/ReWIND/0_real/viral_bfree/REAL/FrvIUyZXoAEqp0h/img03105.jpg,0.101056,0,0
/mnt/h200_dataset/saad/datasets/images/ancestree/ReWIND/0_real/viral_bfree/REAL/FrvIUyZXoAEqp0h/img03392.jpg,0.103567,0,0
/mnt/h200_dataset/saad/datasets/images/ancestree/ReWIND/0_real/viral_bfree/REAL/FrvIUyZXoAEqp0h/img03023.jpg,0.168857,0,0
/mnt/h200_dataset/saad/datasets/images/ancestree/ReWIND/0_real/viral_bfree/REAL/FrvIUyZXoAEqp0h/img03121.jpg,0.197135,0,0
/mnt/h200_dataset/saad/datasets/images/ancestree/ReWIND/0_real/viral_bfree/REAL/FrvIUyZXoAEqp0h/img03118.jpg,0.112698,0,0
/mnt/h200_dataset/saad/datasets/images/ancestree/ReWIND/0_real/viral_bfree/REAL/FrvIUyZXoAEqp0h/img03409.jpg,0.127435,0,0
/mnt/h200_dataset/saad/datasets/images/ancestree/ReWIND/0_real/viral_bfree/REAL/FrvIUyZXoAEqp0h/img03417.jpg,0.177383,0,0
/mnt/h200_dataset/saad/datasets/images/ancestree/ReWIND/0_real/viral_bfree/REAL/FrvIUyZXoAEqp0h/img03115.jpg,0.230054,0,0
/mnt/h200_dataset/saad/datasets/images/ancestree/ReWIND/0_real/viral_bfree/REAL/FrvIUyZXoAEqp0h/img03272.jpg,0.104752,0,0
/mnt/h200_dataset/saad/datasets/images/ancestree/ReWIND/0_real/viral_bfree/REAL/FrvIUyZXoAEqp0h/img03360.jpg,0.225929,0,0
/mnt/h200_dataset/saad/datasets/images/ancestree/ReWIND/0_real/viral_bfree/REAL/FrvIUyZXoAEqp0h/img03024.jpg,0.197135,0,0
/mnt/h200_dataset/saad/datasets/images/ancestree/ReWIND/0_real/viral_bfree/REAL/FrvIUyZXoAEqp0h/img03412.jpg,0.141578,0,0
/mnt/h200_dataset/saad/datasets/images/ancestree/ReWIND/0_real/viral_bfree/REAL/FrvIUyZXoAEqp0h/img03020.jpg,0.101679,0,0
/mnt/h200_dataset/saad/datasets/images/ancestree/ReWIND/0_real/viral_bfree/REAL/FrvIUyZXoAEqp0h/img03242.jpg,0.087876,0,0
/mnt/h200_dataset/saad/datasets/images/ancestree/ReWIND/0_real/viral_bfree/REAL/FrvIUyZXoAEqp0h/img03426.jpg,0.106412,0,0
/mnt/h200_dataset/saad/datasets/images/ancestree/ReWIND/0_real/viral_bfree/REAL/FrvIUyZXoAEqp0h/img03007.jpg,0.081739,0,0
/mnt/h200_dataset/saad/datasets/images/ancestree/ReWIND/0_real/viral_bfree/REAL/FrvIUyZXoAEqp0h/img03421.jpg,0.097993,0,0
/mnt/h200_dataset/saad/datasets/images/ancestree/ReWIND/0_real/viral_bfree/REAL/FrvIUyZXoAEqp0h/img03013.jpg,0.088112,0,0
/mnt/h200_dataset/saad/datasets/images/ancestree/ReWIND/0_real/viral_bfree/REAL/FrvIUyZXoAEqp0h/img02993.jpg,0.092442,0,0
/mnt/h200_dataset/saad/datasets/images/ancestree/ReWIND/0_real/viral_bfree/REAL/FrvIUyZXoAEqp0h/img02978.jpg,0.115861,0,0
/mnt/h200_dataset/saad/datasets/images/ancestree/ReWIND/0_real/viral_bfree/REAL/FrvIUyZXoAEqp0h/img02994.jpg,0.103749,0,0
/mnt/h200_dataset/saad/datasets/images/ancestree/ReWIND/0_real/viral_bfree/REAL/FrvIUyZXoAEqp0h/img03119.jpg,0.164852,0,0
/mnt/h200_dataset/saad/datasets/images/ancestree/ReWIND/0_real/viral_bfree/REAL/FrvIUyZXoAEqp0h/img03375.jpg,0.148355,0,0
/mnt/h200_dataset/saad/datasets/images/ancestree/ReWIND/0_real/viral_bfree/REAL/FrvIUyZXoAEqp0h/img03396.jpg,0.181844,0,0
/mnt/h200_dataset/saad/datasets/images/ancestree/ReWIND/0_real/viral_bfree/REAL/FrvIUyZXoAEqp0h/img03264.jpg,0.151153,0,0
/mnt/h200_dataset/saad/datasets/images/ancestree/ReWIND/0_real/viral_bfree/REAL/FrvIUyZXoAEqp0h/img03369.jpg,0.16238,0,0
/mnt/h200_dataset/saad/datasets/images/ancestree/ReWIND/0_real/viral_bfree/REAL/FrvIUyZXoAEqp0h/img03371.jpg,0.12179,0,0
/mnt/h200_dataset/saad/datasets/images/ancestree/ReWIND/0_real/viral_bfree/REAL/FrvIUyZXoAEqp0h/img03297.jpg,0.081082,0,0
/mnt/h200_dataset/saad/datasets/images/ancestree/ReWIND/0_real/viral_bfree/REAL/FrvIUyZXoAEqp0h/img03025.jpg,0.198219,0,0
/mnt/h200_dataset/saad/datasets/images/ancestree/ReWIND/0_real/viral_bfree/REAL/FrvIUyZXoAEqp0h/img03030.jpg,0.108661,0,0
/mnt/h200_dataset/saad/datasets/images/ancestree/ReWIND/0_real/viral_bfree/REAL/FrvIUyZXoAEqp0h/img03298.jpg,0.215516,0,0
/mnt/h200_dataset/saad/datasets/images/ancestree/ReWIND/0_real/viral_bfree/REAL/FrvIUyZXoAEqp0h/img03281.jpg,0.171477,0,0
/mnt/h200_dataset/saad/datasets/images/ancestree/ReWIND/0_real/viral_bfree/REAL/FrvIUyZXoAEqp0h/img03431.jpg,0.130175,0,0
/mnt/h200_dataset/saad/datasets/images/ancestree/ReWIND/0_real/viral_bfree/REAL/FrvIUyZXoAEqp0h/img02996.jpg,0.089058,0,0
/mnt/h200_dataset/saad/datasets/images/ancestree/ReWIND/0_real/viral_bfree/REAL/FrvIUyZXoAEqp0h/img03427.jpg,0.103839,0,0
/mnt/h200_dataset/saad/datasets/images/ancestree/ReWIND/0_real/viral_bfree/REAL/FrvIUyZXoAEqp0h/img03239.jpg,0.084644,0,0
/mnt/h200_dataset/saad/datasets/images/ancestree/ReWIND/0_real/viral_bfree/REAL/FrvIUyZXoAEqp0h/img03372.jpg,0.149842,0,0
/mnt/h200_dataset/saad/datasets/images/ancestree/ReWIND/0_real/viral_bfree/REAL/FrvIUyZXoAEqp0h/img03122.jpg,0.219588,0,0
/mnt/h200_dataset/saad/datasets/images/ancestree/ReWIND/0_real/viral_bfree/REAL/FrvIUyZXoAEqp0h/img03440.jpg,0.081447,0,0
/mnt/h200_dataset/saad/datasets/images/ancestree/ReWIND/0_real/viral_bfree/REAL/FrvIUyZXoAEqp0h/img03009.jpg,0.157137,0,0
/mnt/h200_dataset/saad/datasets/images/ancestree/ReWIND/0_real/viral_bfree/REAL/FrvIUyZXoAEqp0h/img03204.jpg,0.238107,0,0
/mnt/h200_dataset/saad/datasets/images/ancestree/ReWIND/0_real/viral_bfree/REAL/FrvIUyZXoAEqp0h/img03299.jpg,0.195287,0,0
/mnt/h200_dataset/saad/datasets/images/ancestree/ReWIND/0_real/viral_bfree/REAL/FrvIUyZXoAEqp0h/img03377.jpg,0.176601,0,0
/mnt/h200_dataset/saad/datasets/images/ancestree/ReWIND/0_real/viral_bfree/REAL/FrvIUyZXoAEqp0h/img03284.jpg,0.132066,0,0
/mnt/h200_dataset/saad/datasets/images/ancestree/ReWIND/0_real/viral_bfree/REAL/FrvIUyZXoAEqp0h/img03269.jpg,0.137648,0,0
/mnt/h200_dataset/saad/datasets/images/ancestree/ReWIND/0_real/viral_bfree/REAL/FrvIUyZXoAEqp0h/img03444.jpg,0.100348,0,0
/mnt/h200_dataset/saad/datasets/images/ancestree/ReWIND/0_real/viral_bfree/REAL/FrvIUyZXoAEqp0h/img03286.jpg,0.157202,0,0
/mnt/h200_dataset/saad/datasets/images/ancestree/ReWIND/0_real/viral_bfree/REAL/FrvIUyZXoAEqp0h/img03265.jpg,0.070368,0,0
/mnt/h200_dataset/saad/datasets/images/ancestree/ReWIND/0_real/viral_bfree/REAL/FrvIUyZXoAEqp0h/img03379.jpg,0.195287,0,0
/mnt/h200_dataset/saad/datasets/images/ancestree/ReWIND/0_real/viral_bfree/REAL/FrvIUyZXoAEqp0h/img03185.jpg,0.126084,0,0
/mnt/h200_dataset/saad/datasets/images/ancestree/ReWIND/0_real/viral_bfree/REAL/FrvIUyZXoAEqp0h/img03176.jpg,0.075176,0,0
/mnt/h200_dataset/saad/datasets/images/ancestree/ReWIND/0_real/viral_bfree/REAL/FrvIUyZXoAEqp0h/img03367.jpg,0.185062,0,0
/mnt/h200_dataset/saad/datasets/images/ancestree/ReWIND/0_real/viral_bfree/REAL/FrvIUyZXoAEqp0h/img03285.jpg,0.141756,0,0
/mnt/h200_dataset/saad/datasets/images/ancestree/ReWIND/0_real/viral_bfree/REAL/FrvIUyZXoAEqp0h/img03238.jpg,0.073497,0,0
/mnt/h200_dataset/saad/datasets/images/ancestree/ReWIND/0_real/viral_bfree/REAL/FrvIUyZXoAEqp0h/img03098.jpg,0.092442,0,0
/mnt/h200_dataset/saad/datasets/images/ancestree/ReWIND/0_real/viral_bfree/REAL/FrvIUyZXoAEqp0h/img03434.jpg,0.15393,0,0
/mnt/h200_dataset/saad/datasets/images/ancestree/ReWIND/0_real/viral_bfree/REAL/FrvIUyZXoAEqp0h/img03104.jpg,0.174621,0,0
/mnt/h200_dataset/saad/datasets/images/ancestree/ReWIND/0_real/viral_bfree/REAL/FrvIUyZXoAEqp0h/img03041.jpg,0.164852,0,0
/mnt/h200_dataset/saad/datasets/images/ancestree/ReWIND/0_real/viral_bfree/REAL/FrvIUyZXoAEqp0h/img03107.jpg,0.094093,0,0
/mnt/h200_dataset/saad/datasets/images/ancestree/ReWIND/0_real/viral_bfree/REAL/FrvIUyZXoAEqp0h/img03100.jpg,0.10942,0,0
/mnt/h200_dataset/saad/datasets/images/ancestree/ReWIND/0_real/viral_bfree/REAL/FrvIUyZXoAEqp0h/img03278.jpg,0.250363,0,0
/mnt/h200_dataset/saad/datasets/images/ancestree/ReWIND/0_real/viral_bfree/REAL/FrvIUyZXoAEqp0h/img03353.jpg,0.162314,0,0
/mnt/h200_dataset/saad/datasets/images/ancestree/ReWIND/0_real/viral_bfree/REAL/FrvIUyZXoAEqp0h/img03407.jpg,0.145418,0,0
/mnt/h200_dataset/saad/datasets/images/ancestree/ReWIND/0_real/viral_bfree/REAL/FrvIUyZXoAEqp0h/img03099.jpg,0.1191,0,0
/mnt/h200_dataset/saad/datasets/images/ancestree/ReWIND/0_real/viral_bfree/REAL/FrvIUyZXoAEqp0h/img02983.jpg,0.244634,0,0
/mnt/h200_dataset/saad/datasets/images/ancestree/ReWIND/0_real/viral_bfree/REAL/FrvIUyZXoAEqp0h/img03390.jpg,0.114171,0,0
/mnt/h200_dataset/saad/datasets/images/ancestree/ReWIND/0_real/viral_bfree/REAL/EouPZZFUcAEXaAY/img00374.jpg,0.864482,1,0
/mnt/h200_dataset/saad/datasets/images/ancestree/ReWIND/0_real/viral_bfree/REAL/EouPZZFUcAEXaAY/img00362.jpg,0.550366,1,0
/mnt/h200_dataset/saad/datasets/images/ancestree/ReWIND/0_real/viral_bfree/REAL/EouPZZFUcAEXaAY/img00363.jpg,0.829561,1,0
/mnt/h200_dataset/saad/datasets/images/ancestree/ReWIND/0_real/viral_bfree/REAL/EouPZZFUcAEXaAY/img00372.jpg,0.741206,1,0
/mnt/h200_dataset/saad/datasets/images/ancestree/ReWIND/0_real/viral_bfree/REAL/EouPZZFUcAEXaAY/img00367.jpg,0.650967,1,0
/mnt/h200_dataset/saad/datasets/images/ancestree/ReWIND/0_real/viral_bfree/REAL/EouPZZFUcAEXaAY/img00371.jpg,0.623205,1,0
/mnt/h200_dataset/saad/datasets/images/ancestree/ReWIND/0_real/viral_bfree/REAL/EouPZZFUcAEXaAY/img00365.jpg,0.592401,1,0
/mnt/h200_dataset/saad/datasets/images/ancestree/ReWIND/0_real/viral_bfree/REAL/EouPZZFUcAEXaAY/img00373.jpg,0.687997,1,0
/mnt/h200_dataset/saad/datasets/images/ancestree/ReWIND/0_real/viral_bfree/REAL/EouPZZFUcAEXaAY/img00360.jpg,0.839405,1,0
/mnt/h200_dataset/saad/datasets/images/ancestree/ReWIND/0_real/viral_bfree/REAL/EouPZZFUcAEXaAY/img00364.jpg,0.846768,1,0
/mnt/h200_dataset/saad/datasets/images/ancestree/ReWIND/0_real/viral_bfree/REAL/EouPZZFUcAEXaAY/img00368.jpg,0.687105,1,0
/mnt/h200_dataset/saad/datasets/images/ancestree/ReWIND/0_real/viral_bfree/REAL/EouPZZFUcAEXaAY/img00369.jpg,0.611034,1,0
/mnt/h200_dataset/saad/datasets/images/ancestree/ReWIND/0_real/viral_bfree/REAL/EouPZZFUcAEXaAY/img00361.jpg,0.842021,1,0
/mnt/h200_dataset/saad/datasets/images/ancestree/ReWIND/0_real/viral_bfree/REAL/EouPZZFUcAEXaAY/img00366.jpg,0.839405,1,0
/mnt/h200_dataset/saad/datasets/images/ancestree/ReWIND/0_real/viral_bfree/REAL/EouPZZFUcAEXaAY/img00370.jpg,0.793986,1,0
/mnt/h200_dataset/saad/datasets/images/ancestree/ReWIND/0_real/viral_bfree/REAL/Fr3CQG1aUAIUMr_/img02264.png,0.729616,1,0
/mnt/h200_dataset/saad/datasets/images/ancestree/ReWIND/0_real/viral_bfree/REAL/Fr3CQG1aUAIUMr_/img02422.jpg,0.523177,1,0
/mnt/h200_dataset/saad/datasets/images/ancestree/ReWIND/0_real/viral_bfree/REAL/Fr3CQG1aUAIUMr_/img02288.jpg,0.845751,1,0
/mnt/h200_dataset/saad/datasets/images/ancestree/ReWIND/0_real/viral_bfree/REAL/Fr3CQG1aUAIUMr_/img02273.jpg,0.61708,1,0
/mnt/h200_dataset/saad/datasets/images/ancestree/ReWIND/0_real/viral_bfree/REAL/Fr3CQG1aUAIUMr_/img02415.jpg,0.716318,1,0
/mnt/h200_dataset/saad/datasets/images/ancestree/ReWIND/0_real/viral_bfree/REAL/Fr3CQG1aUAIUMr_/img02249.jpg,0.901488,1,0
/mnt/h200_dataset/saad/datasets/images/ancestree/ReWIND/0_real/viral_bfree/REAL/Fr3CQG1aUAIUMr_/img02430.jpg,0.649468,1,0
/mnt/h200_dataset/saad/datasets/images/ancestree/ReWIND/0_real/viral_bfree/REAL/Fr3CQG1aUAIUMr_/img02283.jpg,0.537041,1,0
/mnt/h200_dataset/saad/datasets/images/ancestree/ReWIND/0_real/viral_bfree/REAL/Fr3CQG1aUAIUMr_/img02433.png,0.78083,1,0
/mnt/h200_dataset/saad/datasets/images/ancestree/ReWIND/0_real/viral_bfree/REAL/Fr3CQG1aUAIUMr_/img02260.jpg,0.658418,1,0
/mnt/h200_dataset/saad/datasets/images/ancestree/ReWIND/0_real/viral_bfree/REAL/Fr3CQG1aUAIUMr_/img02327.jpg,0.897964,1,0
/mnt/h200_dataset/saad/datasets/images/ancestree/ReWIND/0_real/viral_bfree/REAL/Fr3CQG1aUAIUMr_/img02409.jpg,0.566768,1,0
/mnt/h200_dataset/saad/datasets/images/ancestree/ReWIND/0_real/viral_bfree/REAL/Fr3CQG1aUAIUMr_/img02399.jpg,0.890103,1,0
/mnt/h200_dataset/saad/datasets/images/ancestree/ReWIND/0_real/viral_bfree/REAL/Fr3CQG1aUAIUMr_/img02302.jpg,0.901488,1,0
/mnt/h200_dataset/saad/datasets/images/ancestree/ReWIND/0_real/viral_bfree/REAL/Fr3CQG1aUAIUMr_/img02428.jpg,0.783988,1,0
/mnt/h200_dataset/saad/datasets/images/ancestree/ReWIND/0_real/viral_bfree/REAL/Fr3CQG1aUAIUMr_/img02247.webp,0.57075,1,0
/mnt/h200_dataset/saad/datasets/images/ancestree/ReWIND/0_real/viral_bfree/REAL/Fr3CQG1aUAIUMr_/img02381.jpg,0.889241,1,0
/mnt/h200_dataset/saad/datasets/images/ancestree/ReWIND/0_real/viral_bfree/REAL/Fr3CQG1aUAIUMr_/img02298.jpg,0.595992,1,0
/mnt/h200_dataset/saad/datasets/images/ancestree/ReWIND/0_real/viral_bfree/REAL/Fr3CQG1aUAIUMr_/img02396.webp,0.815526,1,0
/mnt/h200_dataset/saad/datasets/images/ancestree/ReWIND/0_real/viral_bfree/REAL/Fr3CQG1aUAIUMr_/img02295.jpg,0.89974,1,0
/mnt/h200_dataset/saad/datasets/images/ancestree/ReWIND/0_real/viral_bfree/REAL/Fr3CQG1aUAIUMr_/img02411.jpg,0.147924,0,0
/mnt/h200_dataset/saad/datasets/images/ancestree/ReWIND/0_real/viral_bfree/REAL/Fr3CQG1aUAIUMr_/img02384.webp,0.843766,1,0
/mnt/h200_dataset/saad/datasets/images/ancestree/ReWIND/0_real/viral_bfree/REAL/Fr3CQG1aUAIUMr_/img02439.jpg,0.18462,0,0
/mnt/h200_dataset/saad/datasets/images/ancestree/ReWIND/0_real/viral_bfree/REAL/Fr3CQG1aUAIUMr_/img02438.png,0.581808,1,0
/mnt/h200_dataset/saad/datasets/images/ancestree/ReWIND/0_real/viral_bfree/REAL/Fr3CQG1aUAIUMr_/img02262.jpg,0.528974,1,0
/mnt/h200_dataset/saad/datasets/images/ancestree/ReWIND/0_real/viral_bfree/REAL/Fr3CQG1aUAIUMr_/img02429.jpg,0.847463,1,0
/mnt/h200_dataset/saad/datasets/images/ancestree/ReWIND/0_real/viral_bfree/REAL/Fr3CQG1aUAIUMr_/img02413.jpg,0.3213,0,0
/mnt/h200_dataset/saad/datasets/images/ancestree/ReWIND/0_real/viral_bfree/REAL/Fr3CQG1aUAIUMr_/img02303.jpg,0.588741,1,0
/mnt/h200_dataset/saad/datasets/images/ancestree/ReWIND/0_real/viral_bfree/REAL/Fr3CQG1aUAIUMr_/img02426.jpg,0.237222,0,0
/mnt/h200_dataset/saad/datasets/images/ancestree/ReWIND/0_real/viral_bfree/REAL/Fr3CQG1aUAIUMr_/img02310.png,0.593315,1,0
/mnt/h200_dataset/saad/datasets/images/ancestree/ReWIND/0_real/viral_bfree/REAL/Fr3CQG1aUAIUMr_/img02308.jpg,0.446057,0,0
/mnt/h200_dataset/saad/datasets/images/ancestree/ReWIND/0_real/viral_bfree/REAL/Fr3CQG1aUAIUMr_/img02285.jpg,0.14978,0,0
/mnt/h200_dataset/saad/datasets/images/ancestree/ReWIND/0_real/viral_bfree/REAL/Fr3CQG1aUAIUMr_/img02420.jpg,0.415047,0,0
/mnt/h200_dataset/saad/datasets/images/ancestree/ReWIND/0_real/viral_bfree/REAL/Fr3CQG1aUAIUMr_/img02322.jpg,0.885334,1,0
/mnt/h200_dataset/saad/datasets/images/ancestree/ReWIND/0_real/viral_bfree/REAL/Fr3CQG1aUAIUMr_/img02395.jpg,0.588239,1,0
/mnt/h200_dataset/saad/datasets/images/ancestree/ReWIND/0_real/viral_bfree/REAL/Fr3CQG1aUAIUMr_/img02257.jpg,0.907558,1,0
/mnt/h200_dataset/saad/datasets/images/ancestree/ReWIND/0_real/viral_bfree/REAL/Fr3CQG1aUAIUMr_/img02431.jpg,0.36139,0,0
/mnt/h200_dataset/saad/datasets/images/ancestree/ReWIND/0_real/viral_bfree/REAL/Fr3CQG1aUAIUMr_/img02408.jpg,0.242744,0,0
/mnt/h200_dataset/saad/datasets/images/ancestree/ReWIND/0_real/viral_bfree/REAL/Fr3CQG1aUAIUMr_/img02416.jpg,0.832237,1,0
/mnt/h200_dataset/saad/datasets/images/ancestree/ReWIND/0_real/viral_bfree/REAL/Fr3CQG1aUAIUMr_/img02313.jpg,0.326808,0,0
/mnt/h200_dataset/saad/datasets/images/ancestree/ReWIND/0_real/viral_bfree/REAL/Fr3CQG1aUAIUMr_/img02301.jpg,0.879354,1,0
/mnt/h200_dataset/saad/datasets/images/ancestree/ReWIND/0_real/viral_bfree/REAL/Fr3CQG1aUAIUMr_/img02436.jpg,0.128689,0,0
/mnt/h200_dataset/saad/datasets/images/ancestree/ReWIND/0_real/viral_bfree/REAL/Fr3CQG1aUAIUMr_/img02374.jpg,0.901314,1,0
/mnt/h200_dataset/saad/datasets/images/ancestree/ReWIND/0_real/viral_bfree/REAL/Fr3CQG1aUAIUMr_/img02398.jpg,0.8985,1,0
/mnt/h200_dataset/saad/datasets/images/ancestree/ReWIND/0_real/viral_bfree/REAL/Fr3CQG1aUAIUMr_/img02390.jpg,0.522758,1,0
/mnt/h200_dataset/saad/datasets/images/ancestree/ReWIND/0_real/viral_bfree/REAL/Fr3CQG1aUAIUMr_/img02414.jpg,0.716318,1,0
/mnt/h200_dataset/saad/datasets/images/ancestree/ReWIND/0_real/viral_bfree/REAL/Fr3CQG1aUAIUMr_/img02386.webp,0.900792,1,0
/mnt/h200_dataset/saad/datasets/images/ancestree/ReWIND/0_real/viral_bfree/REAL/Fr3CQG1aUAIUMr_/img02403.jpg,0.875946,1,0
/mnt/h200_dataset/saad/datasets/images/ancestree/ReWIND/0_real/viral_bfree/REAL/Fr3CQG1aUAIUMr_/img02255.png,0.848471,1,0
/mnt/h200_dataset/saad/datasets/images/ancestree/ReWIND/0_real/viral_bfree/REAL/Fr3CQG1aUAIUMr_/img02405.png,0.627552,1,0
/mnt/h200_dataset/saad/datasets/images/ancestree/ReWIND/0_real/viral_bfree/REAL/Fr3CQG1aUAIUMr_/img02383.jpg,0.906901,1,0
/mnt/h200_dataset/saad/datasets/images/ancestree/ReWIND/0_real/viral_bfree/REAL/Fr3CQG1aUAIUMr_/img02402.jpg,0.09645,0,0
/mnt/h200_dataset/saad/datasets/images/ancestree/ReWIND/0_real/viral_bfree/REAL/Fr3CQG1aUAIUMr_/img02258.jpg,0.69451,1,0
/mnt/h200_dataset/saad/datasets/images/ancestree/ReWIND/0_real/viral_bfree/REAL/Fr3CQG1aUAIUMr_/img02314.jpg,0.595992,1,0
/mnt/h200_dataset/saad/datasets/images/ancestree/ReWIND/0_real/viral_bfree/REAL/Fr3CQG1aUAIUMr_/img02418.jpg,0.521273,1,0
/mnt/h200_dataset/saad/datasets/images/ancestree/ReWIND/0_real/viral_bfree/REAL/Fr3CQG1aUAIUMr_/img02407.jpg,0.90355,1,0
/mnt/h200_dataset/saad/datasets/images/ancestree/ReWIND/0_real/viral_bfree/REAL/Fr3CQG1aUAIUMr_/img02393.webp,0.515688,1,0
/mnt/h200_dataset/saad/datasets/images/ancestree/ReWIND/0_real/viral_bfree/REAL/Fr3CQG1aUAIUMr_/img02419.jpg,0.742235,1,0
/mnt/h200_dataset/saad/datasets/images/ancestree/ReWIND/0_real/viral_bfree/REAL/Fr3CQG1aUAIUMr_/img02304.jpg,0.588771,1,0
/mnt/h200_dataset/saad/datasets/images/ancestree/ReWIND/0_real/viral_bfree/REAL/Fr3CQG1aUAIUMr_/img02377.jpg,0.896342,1,0
/mnt/h200_dataset/saad/datasets/images/ancestree/ReWIND/0_real/viral_bfree/REAL/Fr3CQG1aUAIUMr_/img02284.jpg,0.294164,0,0
/mnt/h200_dataset/saad/datasets/images/ancestree/ReWIND/0_real/viral_bfree/REAL/Fr3CQG1aUAIUMr_/img02376.jpg,0.896523,1,0
/mnt/h200_dataset/saad/datasets/images/ancestree/ReWIND/0_real/viral_bfree/REAL/Fr3CQG1aUAIUMr_/img02328.jpg,0.896614,1,0
/mnt/h200_dataset/saad/datasets/images/ancestree/ReWIND/0_real/viral_bfree/REAL/Fr3CQG1aUAIUMr_/img02326.jpg,0.863966,1,0
/mnt/h200_dataset/saad/datasets/images/ancestree/ReWIND/0_real/viral_bfree/REAL/Fr3CQG1aUAIUMr_/img02256.jpg,0.504776,1,0
/mnt/h200_dataset/saad/datasets/images/ancestree/ReWIND/0_real/viral_bfree/REAL/Fr3CQG1aUAIUMr_/img02425.png,0.627381,1,0
/mnt/h200_dataset/saad/datasets/images/ancestree/ReWIND/0_real/viral_bfree/REAL/Fr3CQG1aUAIUMr_/img02375.jpg,0.897964,1,0
/mnt/h200_dataset/saad/datasets/images/ancestree/ReWIND/0_real/viral_bfree/REAL/Fr3CQG1aUAIUMr_/img02259.jpg,0.606003,1,0
/mnt/h200_dataset/saad/datasets/images/ancestree/ReWIND/0_real/viral_bfree/REAL/Fr3CQG1aUAIUMr_/img02417.jpg,0.836821,1,0
/mnt/h200_dataset/saad/datasets/images/ancestree/ReWIND/0_real/viral_bfree/REAL/Fr3CQG1aUAIUMr_/img02423.jpg,0.459273,0,0
/mnt/h200_dataset/saad/datasets/images/ancestree/ReWIND/0_real/viral_bfree/REAL/Fr3CQG1aUAIUMr_/img02427.jpg,0.254972,0,0
/mnt/h200_dataset/saad/datasets/images/ancestree/ReWIND/0_real/viral_bfree/REAL/Fr3CQG1aUAIUMr_/img02289.jpg,0.886911,1,0
/mnt/h200_dataset/saad/datasets/images/ancestree/ReWIND/0_real/viral_bfree/REAL/Fr3CQG1aUAIUMr_/img02434.jpg,0.349089,0,0
/mnt/h200_dataset/saad/datasets/images/ancestree/ReWIND/0_real/viral_bfree/REAL/Fr3CQG1aUAIUMr_/img02410.jpg,0.886322,1,0
/mnt/h200_dataset/saad/datasets/images/ancestree/ReWIND/0_real/viral_bfree/REAL/Fr3CQG1aUAIUMr_/img02400.jpg,0.88779,1,0
/mnt/h200_dataset/saad/datasets/images/ancestree/ReWIND/0_real/viral_bfree/REAL/Fr3CQG1aUAIUMr_/img02391.jpg,0.589835,1,0
/mnt/h200_dataset/saad/datasets/images/ancestree/ReWIND/0_real/viral_bfree/REAL/Fr3CQG1aUAIUMr_/img02373.jpg,0.108566,0,0
/mnt/h200_dataset/saad/datasets/images/ancestree/ReWIND/0_real/viral_bfree/REAL/Fr3CQG1aUAIUMr_/img02337.png,0.881309,1,0
/mnt/h200_dataset/saad/datasets/images/ancestree/ReWIND/0_real/viral_bfree/REAL/Fr3CQG1aUAIUMr_/img02319.jpg,0.626296,1,0
/mnt/h200_dataset/saad/datasets/images/ancestree/ReWIND/0_real/viral_bfree/REAL/Fr3CQG1aUAIUMr_/img02265.jpg,0.536935,1,0
/mnt/h200_dataset/saad/datasets/images/ancestree/ReWIND/0_real/viral_bfree/REAL/Fr3CQG1aUAIUMr_/img02261.jpg,0.450405,0,0
/mnt/h200_dataset/saad/datasets/images/ancestree/ReWIND/0_real/viral_bfree/REAL/Fr3CQG1aUAIUMr_/img02378.jpg,0.899563,1,0
/mnt/h200_dataset/saad/datasets/images/ancestree/ReWIND/0_real/viral_bfree/REAL/Fr3CQG1aUAIUMr_/img02412.jpg,0.348313,0,0
/mnt/h200_dataset/saad/datasets/images/ancestree/ReWIND/0_real/viral_bfree/REAL/Fr3CQG1aUAIUMr_/img02382.webp,0.89534,1,0
/mnt/h200_dataset/saad/datasets/images/ancestree/ReWIND/0_real/viral_bfree/REAL/Fr3CQG1aUAIUMr_/img02435.jpg,0.349089,0,0
/mnt/h200_dataset/saad/datasets/images/ancestree/ReWIND/0_real/viral_bfree/REAL/Fr3CQG1aUAIUMr_/img02380.jpg,0.878053,1,0
/mnt/h200_dataset/saad/datasets/images/ancestree/ReWIND/0_real/viral_bfree/REAL/Fr3CQG1aUAIUMr_/img02432.jpg,0.349422,0,0
/mnt/h200_dataset/saad/datasets/images/ancestree/ReWIND/0_real/viral_bfree/REAL/Fr3CQG1aUAIUMr_/img02379.jpg,0.886125,1,0
/mnt/h200_dataset/saad/datasets/images/ancestree/ReWIND/0_real/viral_bfree/REAL/Fr3CQG1aUAIUMr_/img02394.jpg,0.577257,1,0
/mnt/h200_dataset/saad/datasets/images/ancestree/ReWIND/0_real/viral_bfree/REAL/C2ovXXqUQAA_uPP/img00023.jpg,0.244003,0,0
/mnt/h200_dataset/saad/datasets/images/ancestree/ReWIND/0_real/viral_bfree/REAL/C2ovXXqUQAA_uPP/img00006.jpg,0.398933,0,0
/mnt/h200_dataset/saad/datasets/images/ancestree/ReWIND/0_real/viral_bfree/REAL/C2ovXXqUQAA_uPP/img00021.jpg,0.37222,0,0
/mnt/h200_dataset/saad/datasets/images/ancestree/ReWIND/0_real/viral_bfree/REAL/C2ovXXqUQAA_uPP/img00000.jpg,0.403097,0,0
/mnt/h200_dataset/saad/datasets/images/ancestree/ReWIND/0_real/viral_bfree/REAL/C2ovXXqUQAA_uPP/img00005.jpg,0.462276,0,0
/mnt/h200_dataset/saad/datasets/images/ancestree/ReWIND/0_real/viral_bfree/REAL/C2ovXXqUQAA_uPP/img00013.jpg,0.287768,0,0
/mnt/h200_dataset/saad/datasets/images/ancestree/ReWIND/0_real/viral_bfree/REAL/C2ovXXqUQAA_uPP/img00004.jpg,0.225758,0,0
/mnt/h200_dataset/saad/datasets/images/ancestree/ReWIND/0_real/viral_bfree/REAL/C2ovXXqUQAA_uPP/img00015.jpg,0.324985,0,0
/mnt/h200_dataset/saad/datasets/images/ancestree/ReWIND/0_real/viral_bfree/REAL/C2ovXXqUQAA_uPP/img00014.jpg,0.305697,0,0
/mnt/h200_dataset/saad/datasets/images/ancestree/ReWIND/0_real/viral_bfree/REAL/C2ovXXqUQAA_uPP/img00017.jpg,0.324985,0,0
/mnt/h200_dataset/saad/datasets/images/ancestree/ReWIND/0_real/viral_bfree/REAL/C2ovXXqUQAA_uPP/img00002.jpg,0.225758,0,0
/mnt/h200_dataset/saad/datasets/images/ancestree/ReWIND/0_real/viral_bfree/REAL/FP7N6a2XMAAEtZl/img00874.jpg,0.691289,1,0
/mnt/h200_dataset/saad/datasets/images/ancestree/ReWIND/0_real/viral_bfree/REAL/FP7N6a2XMAAEtZl/img00999.jpg,0.690455,1,0
/mnt/h200_dataset/saad/datasets/images/ancestree/ReWIND/0_real/viral_bfree/REAL/FP7N6a2XMAAEtZl/img00947.jpg,0.682997,1,0
/mnt/h200_dataset/saad/datasets/images/ancestree/ReWIND/0_real/viral_bfree/REAL/FP7N6a2XMAAEtZl/img00852.jpg,0.703906,1,0
/mnt/h200_dataset/saad/datasets/images/ancestree/ReWIND/0_real/viral_bfree/REAL/FP7N6a2XMAAEtZl/img00829.jpg,0.6659,1,0
/mnt/h200_dataset/saad/datasets/images/ancestree/ReWIND/0_real/viral_bfree/REAL/FP7N6a2XMAAEtZl/img00876.jpg,0.599075,1,0
/mnt/h200_dataset/saad/datasets/images/ancestree/ReWIND/0_real/viral_bfree/REAL/FP7N6a2XMAAEtZl/img00831.webp,0.627666,1,0
/mnt/h200_dataset/saad/datasets/images/ancestree/ReWIND/0_real/viral_bfree/REAL/FP7N6a2XMAAEtZl/img00898.jpg,0.595757,1,0
/mnt/h200_dataset/saad/datasets/images/ancestree/ReWIND/0_real/viral_bfree/REAL/FP7N6a2XMAAEtZl/img00906.jpg,0.513562,1,0
/mnt/h200_dataset/saad/datasets/images/ancestree/ReWIND/0_real/viral_bfree/REAL/FP7N6a2XMAAEtZl/img00965.jpg,0.665628,1,0
/mnt/h200_dataset/saad/datasets/images/ancestree/ReWIND/0_real/viral_bfree/REAL/FP7N6a2XMAAEtZl/img00917.jpg,0.620277,1,0
/mnt/h200_dataset/saad/datasets/images/ancestree/ReWIND/0_real/viral_bfree/REAL/FP7N6a2XMAAEtZl/img00886.jpg,0.746416,1,0
/mnt/h200_dataset/saad/datasets/images/ancestree/ReWIND/0_real/viral_bfree/REAL/FP7N6a2XMAAEtZl/img00998.jpg,0.578835,1,0
/mnt/h200_dataset/saad/datasets/images/ancestree/ReWIND/0_real/viral_bfree/REAL/FP7N6a2XMAAEtZl/img00856.jpg,0.624637,1,0
/mnt/h200_dataset/saad/datasets/images/ancestree/ReWIND/0_real/viral_bfree/REAL/FP7N6a2XMAAEtZl/img00862.jpg,0.535797,1,0
/mnt/h200_dataset/saad/datasets/images/ancestree/ReWIND/0_real/viral_bfree/REAL/FP7N6a2XMAAEtZl/img00948.webp,0.688311,1,0
/mnt/h200_dataset/saad/datasets/images/ancestree/ReWIND/0_real/viral_bfree/REAL/FP7N6a2XMAAEtZl/img00832.jpg,0.49932,0,0
/mnt/h200_dataset/saad/datasets/images/ancestree/ReWIND/0_real/viral_bfree/REAL/FP7N6a2XMAAEtZl/img00895.jpg,0.510352,1,0
/mnt/h200_dataset/saad/datasets/images/ancestree/ReWIND/0_real/viral_bfree/REAL/FP7N6a2XMAAEtZl/img00925.jpg,0.495569,0,0
/mnt/h200_dataset/saad/datasets/images/ancestree/ReWIND/0_real/viral_bfree/REAL/FP7N6a2XMAAEtZl/img00908.jpg,0.64752,1,0
/mnt/h200_dataset/saad/datasets/images/ancestree/ReWIND/0_real/viral_bfree/REAL/FP7N6a2XMAAEtZl/img00903.jpg,0.639511,1,0
/mnt/h200_dataset/saad/datasets/images/ancestree/ReWIND/0_real/viral_bfree/REAL/FP7N6a2XMAAEtZl/img00826.jpg,0.745398,1,0
/mnt/h200_dataset/saad/datasets/images/ancestree/ReWIND/0_real/viral_bfree/REAL/FP7N6a2XMAAEtZl/img00899.jpg,0.387024,0,0
/mnt/h200_dataset/saad/datasets/images/ancestree/ReWIND/0_real/viral_bfree/REAL/FP7N6a2XMAAEtZl/img00837.jpg,0.676299,1,0
/mnt/h200_dataset/saad/datasets/images/ancestree/ReWIND/0_real/viral_bfree/REAL/FP7N6a2XMAAEtZl/img00867.jpg,0.670123,1,0
/mnt/h200_dataset/saad/datasets/images/ancestree/ReWIND/0_real/viral_bfree/REAL/FP7N6a2XMAAEtZl/img00893.jpg,0.580411,1,0
/mnt/h200_dataset/saad/datasets/images/ancestree/ReWIND/0_real/viral_bfree/REAL/FP7N6a2XMAAEtZl/img00851.jpg,0.611614,1,0
/mnt/h200_dataset/saad/datasets/images/ancestree/ReWIND/0_real/viral_bfree/REAL/FP7N6a2XMAAEtZl/img00824.jpg,0.742888,1,0
/mnt/h200_dataset/saad/datasets/images/ancestree/ReWIND/0_real/viral_bfree/REAL/FP7N6a2XMAAEtZl/img01000.jpg,0.723358,1,0
/mnt/h200_dataset/saad/datasets/images/ancestree/ReWIND/0_real/viral_bfree/REAL/FP7N6a2XMAAEtZl/img00997.jpg,0.66454,1,0
/mnt/h200_dataset/saad/datasets/images/ancestree/ReWIND/0_real/viral_bfree/REAL/FP7N6a2XMAAEtZl/img00915.jpg,0.676353,1,0
/mnt/h200_dataset/saad/datasets/images/ancestree/ReWIND/0_real/viral_bfree/REAL/FP7N6a2XMAAEtZl/img00900.jpg,0.659898,1,0
/mnt/h200_dataset/saad/datasets/images/ancestree/ReWIND/0_real/viral_bfree/REAL/FP7N6a2XMAAEtZl/img00869.jpg,0.618176,1,0
/mnt/h200_dataset/saad/datasets/images/ancestree/ReWIND/0_real/viral_bfree/REAL/FP7N6a2XMAAEtZl/img01003.jpg,0.648411,1,0
/mnt/h200_dataset/saad/datasets/images/ancestree/ReWIND/0_real/viral_bfree/REAL/FP7N6a2XMAAEtZl/img00848.jpg,0.648633,1,0
/mnt/h200_dataset/saad/datasets/images/ancestree/ReWIND/0_real/viral_bfree/REAL/FP7N6a2XMAAEtZl/img00828.jpg,0.702326,1,0
/mnt/h200_dataset/saad/datasets/images/ancestree/ReWIND/0_real/viral_bfree/REAL/FP7N6a2XMAAEtZl/img00897.jpg,0.736306,1,0
/mnt/h200_dataset/saad/datasets/images/ancestree/ReWIND/0_real/viral_bfree/REAL/FP7N6a2XMAAEtZl/img00883.jpg,0.665628,1,0
/mnt/h200_dataset/saad/datasets/images/ancestree/ReWIND/0_real/viral_bfree/REAL/FP7N6a2XMAAEtZl/img00975.webp,0.682627,1,0
/mnt/h200_dataset/saad/datasets/images/ancestree/ReWIND/0_real/viral_bfree/REAL/FP7N6a2XMAAEtZl/img00958.jpg,0.674747,1,0
/mnt/h200_dataset/saad/datasets/images/ancestree/ReWIND/0_real/viral_bfree/REAL/FP7N6a2XMAAEtZl/img00916.jpg,0.417895,0,0
/mnt/h200_dataset/saad/datasets/images/ancestree/ReWIND/0_real/viral_bfree/REAL/FP7N6a2XMAAEtZl/img00950.jpg,0.655612,1,0
/mnt/h200_dataset/saad/datasets/images/ancestree/ReWIND/0_real/viral_bfree/REAL/FP7N6a2XMAAEtZl/img00822.jpg,0.694044,1,0
/mnt/h200_dataset/saad/datasets/images/ancestree/ReWIND/0_real/viral_bfree/REAL/FP7N6a2XMAAEtZl/img00860.jpg,0.713631,1,0
/mnt/h200_dataset/saad/datasets/images/ancestree/ReWIND/0_real/viral_bfree/REAL/FP7N6a2XMAAEtZl/img01002.png,0.620679,1,0
/mnt/h200_dataset/saad/datasets/images/ancestree/ReWIND/0_real/viral_bfree/REAL/FP7N6a2XMAAEtZl/img01001.webp,0.673836,1,0
/mnt/h200_dataset/saad/datasets/images/ancestree/ReWIND/0_real/viral_bfree/REAL/FP7N6a2XMAAEtZl/img00920.webp,0.738009,1,0
/mnt/h200_dataset/saad/datasets/images/ancestree/ReWIND/0_real/viral_bfree/REAL/FP7N6a2XMAAEtZl/img00842.jpg,0.526662,1,0
/mnt/h200_dataset/saad/datasets/images/ancestree/ReWIND/0_real/viral_bfree/REAL/FP7N6a2XMAAEtZl/img00873.jpg,0.658637,1,0
/mnt/h200_dataset/saad/datasets/images/ancestree/ReWIND/0_real/viral_bfree/REAL/FP7N6a2XMAAEtZl/img00836.jpg,0.667419,1,0
/mnt/h200_dataset/saad/datasets/images/ancestree/ReWIND/0_real/viral_bfree/REAL/FP7N6a2XMAAEtZl/img00870.jpg,0.707758,1,0
/mnt/h200_dataset/saad/datasets/images/ancestree/ReWIND/0_real/viral_bfree/REAL/FP7N6a2XMAAEtZl/img00930.jpg,0.726474,1,0
/mnt/h200_dataset/saad/datasets/images/ancestree/ReWIND/0_real/viral_bfree/REAL/FP7N6a2XMAAEtZl/img00839.jpg,0.642208,1,0
/mnt/h200_dataset/saad/datasets/images/ancestree/ReWIND/0_real/viral_bfree/REAL/FP7N6a2XMAAEtZl/img00859.jpg,0.811078,1,0
/mnt/h200_dataset/saad/datasets/images/ancestree/ReWIND/0_real/viral_bfree/REAL/FP7N6a2XMAAEtZl/img00907.jpg,0.683842,1,0
/mnt/h200_dataset/saad/datasets/images/ancestree/ReWIND/0_real/viral_bfree/REAL/FP7N6a2XMAAEtZl/img00850.webp,0.604019,1,0
/mnt/h200_dataset/saad/datasets/images/ancestree/ReWIND/0_real/viral_bfree/REAL/FP7N6a2XMAAEtZl/img00957.jpg,0.378344,0,0
/mnt/h200_dataset/saad/datasets/images/ancestree/ReWIND/0_real/viral_bfree/REAL/FP7N6a2XMAAEtZl/img01004.jpg,0.678061,1,0
/mnt/h200_dataset/saad/datasets/images/ancestree/ReWIND/0_real/viral_bfree/REAL/FP7N6a2XMAAEtZl/img00904.jpg,0.407481,0,0
/mnt/h200_dataset/saad/datasets/images/ancestree/ReWIND/0_real/viral_bfree/REAL/FP7N6a2XMAAEtZl/img00835.jpg,0.670986,1,0
/mnt/h200_dataset/saad/datasets/images/ancestree/ReWIND/0_real/viral_bfree/REAL/FP7N6a2XMAAEtZl/img00996.jpg,0.668934,1,0
/mnt/h200_dataset/saad/datasets/images/ancestree/ReWIND/0_real/viral_bfree/REAL/FP7N6a2XMAAEtZl/img00890.jpg,0.731107,1,0
/mnt/h200_dataset/saad/datasets/images/ancestree/ReWIND/0_real/viral_bfree/REAL/FP7N6a2XMAAEtZl/img00821.jpg,0.609611,1,0
/mnt/h200_dataset/saad/datasets/images/ancestree/ReWIND/0_real/viral_bfree/REAL/FP7N6a2XMAAEtZl/img00962.jpg,0.57338,1,0
/mnt/h200_dataset/saad/datasets/images/ancestree/ReWIND/0_real/viral_bfree/REAL/FP7N6a2XMAAEtZl/img00963.jpg,0.55266,1,0
/mnt/h200_dataset/saad/datasets/images/ancestree/ReWIND/0_real/viral_bfree/REAL/FP7N6a2XMAAEtZl/img00830.jpg,0.533959,1,0
/mnt/h200_dataset/saad/datasets/images/ancestree/ReWIND/0_real/viral_bfree/REAL/FP7N6a2XMAAEtZl/img00845.jpg,0.51193,1,0
/mnt/h200_dataset/saad/datasets/images/ancestree/ReWIND/0_real/viral_bfree/REAL/FP7N6a2XMAAEtZl/img00825.jpg,0.661759,1,0
/mnt/h200_dataset/saad/datasets/images/ancestree/ReWIND/0_real/viral_bfree/REAL/FP7N6a2XMAAEtZl/img00949.webp,0.7036,1,0
/mnt/h200_dataset/saad/datasets/images/ancestree/ReWIND/0_real/viral_bfree/REAL/FP7N6a2XMAAEtZl/img00868.jpg,0.718841,1,0
/mnt/h200_dataset/saad/datasets/images/ancestree/ReWIND/0_real/viral_bfree/REAL/FP7N6a2XMAAEtZl/img00953.jpg,0.521136,1,0
/mnt/h200_dataset/saad/datasets/images/ancestree/ReWIND/0_real/viral_bfree/REAL/FP7N6a2XMAAEtZl/img00991.jpg,0.646628,1,0
/mnt/h200_dataset/saad/datasets/images/ancestree/ReWIND/0_real/viral_bfree/REAL/FP7N6a2XMAAEtZl/img00863.jpg,0.729664,1,0
/mnt/h200_dataset/saad/datasets/images/ancestree/ReWIND/0_real/viral_bfree/REAL/FP7N6a2XMAAEtZl/img00827.jpg,0.490503,0,0
/mnt/h200_dataset/saad/datasets/images/ancestree/ReWIND/0_real/viral_bfree/REAL/FP7N6a2XMAAEtZl/img00881.jpg,0.530487,1,0
/mnt/h200_dataset/saad/datasets/images/ancestree/ReWIND/0_real/viral_bfree/REAL/FP7N6a2XMAAEtZl/img00952.png,0.760384,1,0
/mnt/h200_dataset/saad/datasets/images/ancestree/ReWIND/0_real/viral_bfree/REAL/FP7N6a2XMAAEtZl/img00844.jpg,0.705582,1,0
/mnt/h200_dataset/saad/datasets/images/ancestree/ReWIND/0_real/viral_bfree/REAL/FP7N6a2XMAAEtZl/img00940.jpg,0.720909,1,0
/mnt/h200_dataset/saad/datasets/images/ancestree/ReWIND/0_real/viral_bfree/REAL/FP7N6a1X0AELPsX/img00700.jpg,0.471124,0,0
/mnt/h200_dataset/saad/datasets/images/ancestree/ReWIND/0_real/viral_bfree/REAL/FP7N6a1X0AELPsX/img00692.jpg,0.483298,0,0
/mnt/h200_dataset/saad/datasets/images/ancestree/ReWIND/0_real/viral_bfree/REAL/FP7N6a1X0AELPsX/img00705.webp,0.507362,1,0
/mnt/h200_dataset/saad/datasets/images/ancestree/ReWIND/0_real/viral_bfree/REAL/FP7N6a1X0AELPsX/img00789.jpg,0.425874,0,0
/mnt/h200_dataset/saad/datasets/images/ancestree/ReWIND/0_real/viral_bfree/REAL/FP7N6a1X0AELPsX/img00784.jpg,0.434671,0,0
/mnt/h200_dataset/saad/datasets/images/ancestree/ReWIND/0_real/viral_bfree/REAL/FP7N6a1X0AELPsX/img00696.jpg,0.407717,0,0
/mnt/h200_dataset/saad/datasets/images/ancestree/ReWIND/0_real/viral_bfree/REAL/FP7N6a1X0AELPsX/img00697.jpg,0.473345,0,0
/mnt/h200_dataset/saad/datasets/images/ancestree/ReWIND/0_real/viral_bfree/REAL/FP7N6a1X0AELPsX/img00758.jpg,0.372734,0,0
/mnt/h200_dataset/saad/datasets/images/ancestree/ReWIND/0_real/viral_bfree/REAL/FP7N6a1X0AELPsX/img00709.jpg,0.421403,0,0
/mnt/h200_dataset/saad/datasets/images/ancestree/ReWIND/0_real/viral_bfree/REAL/FP7N6a1X0AELPsX/img00807.webp,0.462959,0,0
/mnt/h200_dataset/saad/datasets/images/ancestree/ReWIND/0_real/viral_bfree/REAL/FP7N6a1X0AELPsX/img00713.jpg,0.417836,0,0
/mnt/h200_dataset/saad/datasets/images/ancestree/ReWIND/0_real/viral_bfree/REAL/FP7N6a1X0AELPsX/img00778.jpg,0.403009,0,0
/mnt/h200_dataset/saad/datasets/images/ancestree/ReWIND/0_real/viral_bfree/REAL/FP7N6a1X0AELPsX/img00733.webp,0.370909,0,0
/mnt/h200_dataset/saad/datasets/images/ancestree/ReWIND/0_real/viral_bfree/REAL/FP7N6a1X0AELPsX/img00694.jpg,0.445771,0,0
/mnt/h200_dataset/saad/datasets/images/ancestree/ReWIND/0_real/viral_bfree/REAL/FP7N6a1X0AELPsX/img00798.jpg,0.377082,0,0
/mnt/h200_dataset/saad/datasets/images/ancestree/ReWIND/0_real/viral_bfree/REAL/FP7N6a1X0AELPsX/img00747.jpg,0.373647,0,0
/mnt/h200_dataset/saad/datasets/images/ancestree/ReWIND/0_real/viral_bfree/REAL/FP7N6a1X0AELPsX/img00800.jpg,0.401952,0,0
/mnt/h200_dataset/saad/datasets/images/ancestree/ReWIND/0_real/viral_bfree/REAL/FP7N6a1X0AELPsX/img00687.jpg,0.467058,0,0
/mnt/h200_dataset/saad/datasets/images/ancestree/ReWIND/0_real/viral_bfree/REAL/FP7N6a1X0AELPsX/img00846.jpg,0.466208,0,0
/mnt/h200_dataset/saad/datasets/images/ancestree/ReWIND/0_real/viral_bfree/REAL/FP7N6a1X0AELPsX/img00701.jpg,0.456046,0,0
/mnt/h200_dataset/saad/datasets/images/ancestree/ReWIND/0_real/viral_bfree/REAL/FP7N6a1X0AELPsX/img00738.jpg,0.445982,0,0
/mnt/h200_dataset/saad/datasets/images/ancestree/ReWIND/0_real/viral_bfree/REAL/FP7N6a1X0AELPsX/img00703.jpg,0.369429,0,0
/mnt/h200_dataset/saad/datasets/images/ancestree/ReWIND/0_real/viral_bfree/REAL/FP7N6a1X0AELPsX/img00691.jpg,0.447823,0,0
/mnt/h200_dataset/saad/datasets/images/ancestree/ReWIND/0_real/viral_bfree/REAL/FP7N6a1X0AELPsX/img00804.jpg,0.457228,0,0
/mnt/h200_dataset/saad/datasets/images/ancestree/ReWIND/0_real/viral_bfree/REAL/FP7N6a1X0AELPsX/img00714.jpg,0.40754,0,0
/mnt/h200_dataset/saad/datasets/images/ancestree/ReWIND/0_real/viral_bfree/REAL/FP7N6a1X0AELPsX/img00735.webp,0.378459,0,0
/mnt/h200_dataset/saad/datasets/images/ancestree/ReWIND/0_real/viral_bfree/REAL/FP7N6a1X0AELPsX/img00702.jpg,0.343012,0,0
/mnt/h200_dataset/saad/datasets/images/ancestree/ReWIND/0_real/viral_bfree/REAL/FP7N6a1X0AELPsX/img00731.jpg,0.453322,0,0
/mnt/h200_dataset/saad/datasets/images/ancestree/ReWIND/0_real/viral_bfree/REAL/FP7N6a1X0AELPsX/img00744.jpg,0.289271,0,0
/mnt/h200_dataset/saad/datasets/images/ancestree/ReWIND/0_real/viral_bfree/REAL/FP7N6a1X0AELPsX/img00803.jpg,0.437718,0,0
/mnt/h200_dataset/saad/datasets/images/ancestree/ReWIND/0_real/viral_bfree/REAL/FP7N6a1X0AELPsX/img00737.jpg,0.445982,0,0
/mnt/h200_dataset/saad/datasets/images/ancestree/ReWIND/0_real/viral_bfree/REAL/FP7N6a1X0AELPsX/img00848.jpg,0.284825,0,0
/mnt/h200_dataset/saad/datasets/images/ancestree/ReWIND/0_real/viral_bfree/REAL/FP7N6a1X0AELPsX/img00841.jpg,0.457334,0,0
/mnt/h200_dataset/saad/datasets/images/ancestree/ReWIND/0_real/viral_bfree/REAL/FP7N6a1X0AELPsX/img00793.jpg,0.434491,0,0
/mnt/h200_dataset/saad/datasets/images/ancestree/ReWIND/0_real/viral_bfree/REAL/FP7N6a1X0AELPsX/img00794.jpg,0.40642,0,0
/mnt/h200_dataset/saad/datasets/images/ancestree/ReWIND/0_real/viral_bfree/REAL/FP7N6a1X0AELPsX/img00736.jpg,0.278796,0,0
/mnt/h200_dataset/saad/datasets/images/ancestree/ReWIND/0_real/viral_bfree/REAL/FP7N6a1X0AELPsX/img00843.jpg,0.419856,0,0
/mnt/h200_dataset/saad/datasets/images/ancestree/ReWIND/0_real/viral_bfree/REAL/FP7N6a1X0AELPsX/img00708.jpg,0.423309,0,0
/mnt/h200_dataset/saad/datasets/images/ancestree/ReWIND/0_real/viral_bfree/REAL/FP7N6a1X0AELPsX/img00748.jpg,0.374791,0,0
/mnt/h200_dataset/saad/datasets/images/ancestree/ReWIND/0_real/viral_bfree/REAL/FP7N6a1X0AELPsX/img00780.jpg,0.417836,0,0
/mnt/h200_dataset/saad/datasets/images/ancestree/ReWIND/0_real/viral_bfree/REAL/FP7N6a1X0AELPsX/img00749.jpg,0.352759,0,0
/mnt/h200_dataset/saad/datasets/images/ancestree/ReWIND/0_real/viral_bfree/REAL/FP7N6a1X0AELPsX/img00686.jpg,0.443585,0,0
/mnt/h200_dataset/saad/datasets/images/ancestree/ReWIND/0_real/viral_bfree/REAL/FP7N6a1X0AELPsX/img00689.jpg,0.467347,0,0
/mnt/h200_dataset/saad/datasets/images/ancestree/ReWIND/0_real/viral_bfree/REAL/FP7N6a1X0AELPsX/img00712.webp,0.470965,0,0
/mnt/h200_dataset/saad/datasets/images/ancestree/ReWIND/0_real/viral_bfree/REAL/FP7N6a1X0AELPsX/img00842.jpg,0.417657,0,0
/mnt/h200_dataset/saad/datasets/images/ancestree/ReWIND/0_real/viral_bfree/REAL/FP7N6a1X0AELPsX/img00796.jpg,0.358297,0,0
/mnt/h200_dataset/saad/datasets/images/ancestree/ReWIND/0_real/viral_bfree/REAL/FP7N6a1X0AELPsX/img00699.jpg,0.45691,0,0
/mnt/h200_dataset/saad/datasets/images/ancestree/ReWIND/0_real/viral_bfree/REAL/FP7N6a1X0AELPsX/img00685.jpg,0.453458,0,0
/mnt/h200_dataset/saad/datasets/images/ancestree/ReWIND/0_real/viral_bfree/REAL/FP7N6a1X0AELPsX/img00785.jpg,0.31216,0,0
/mnt/h200_dataset/saad/datasets/images/ancestree/ReWIND/0_real/viral_bfree/REAL/FP7N6a1X0AELPsX/img00847.jpg,0.383266,0,0
/mnt/h200_dataset/saad/datasets/images/ancestree/ReWIND/0_real/viral_bfree/REAL/FP7N6a1X0AELPsX/img00681.jpg,0.454881,0,0
/mnt/h200_dataset/saad/datasets/images/ancestree/ReWIND/0_real/viral_bfree/REAL/FP7N6a1X0AELPsX/img00684.jpg,0.374791,0,0
/mnt/h200_dataset/saad/datasets/images/ancestree/ReWIND/0_real/viral_bfree/REAL/FP7N6a1X0AELPsX/img00723.jpg,0.412796,0,0
/mnt/h200_dataset/saad/datasets/images/ancestree/ReWIND/0_real/viral_bfree/REAL/FP7N6a1X0AELPsX/img00698.jpg,0.472866,0,0
/mnt/h200_dataset/saad/datasets/images/ancestree/ReWIND/0_real/viral_bfree/REAL/FP7N6a1X0AELPsX/img00715.jpg,0.460456,0,0
/mnt/h200_dataset/saad/datasets/images/ancestree/ReWIND/0_real/viral_bfree/REAL/FP7N6a1X0AELPsX/img00695.jpg,0.328206,0,0
/mnt/h200_dataset/saad/datasets/images/ancestree/ReWIND/0_real/viral_bfree/REAL/FP7N6a1X0AELPsX/img00690.jpg,0.442757,0,0
/mnt/h200_dataset/saad/datasets/images/ancestree/ReWIND/0_real/viral_bfree/REAL/FP7N6a1X0AELPsX/img00845.jpg,0.431225,0,0
/mnt/h200_dataset/saad/datasets/images/ancestree/ReWIND/0_real/viral_bfree/REAL/FP7N6a1X0AELPsX/img00755.jpg,0.417657,0,0
/mnt/h200_dataset/saad/datasets/images/ancestree/ReWIND/0_real/viral_bfree/REAL/FP7N6a1X0AELPsX/img00693.jpg,0.39225,0,0
/mnt/h200_dataset/saad/datasets/images/ancestree/ReWIND/0_real/viral_bfree/REAL/FP7N6a1X0AELPsX/img00743.jpg,0.411377,0,0
/mnt/h200_dataset/saad/datasets/images/ancestree/ReWIND/0_real/viral_bfree/REAL/FP7N6a1X0AELPsX/img00724.jpg,0.406008,0,0
/mnt/h200_dataset/saad/datasets/images/ancestree/ReWIND/0_real/viral_bfree/REAL/FP7N6a1X0AELPsX/img00746.jpg,0.416114,0,0
/mnt/h200_dataset/saad/datasets/images/ancestree/ReWIND/0_real/viral_bfree/REAL/FP7N6a1X0AELPsX/img00688.jpg,0.543318,1,0
/mnt/h200_dataset/saad/datasets/images/ancestree/ReWIND/0_real/viral_bfree/REAL/FP7N6a1X0AELPsX/img00754.jpg,0.431135,0,0
/mnt/h200_dataset/saad/datasets/images/ancestree/ReWIND/0_real/viral_bfree/REAL/FP7N6a1X0AELPsX/img00751.jpg,0.392395,0,0
/mnt/h200_dataset/saad/datasets/images/ancestree/ReWIND/0_real/viral_bfree/REAL/FP7N6a1X0AELPsX/img00739.jpg,0.41404,0,0
/mnt/h200_dataset/saad/datasets/images/ancestree/ReWIND/0_real/viral_bfree/REAL/FP7N6a1X0AELPsX/img00781.jpg,0.411554,0,0
/mnt/h200_dataset/saad/datasets/images/ancestree/ReWIND/0_real/viral_bfree/REAL/FP7N6a1X0AELPsX/img00840.jpg,0.450027,0,0
/mnt/h200_dataset/saad/datasets/images/ancestree/ReWIND/0_real/viral_bfree/REAL/FP7N6a1X0AELPsX/img00844.jpg,0.381882,0,0
/mnt/h200_dataset/saad/datasets/images/ancestree/ReWIND/0_real/viral_bfree/REAL/FP7N6a1X0AELPsX/img00768.jpg,0.433892,0,0
/mnt/h200_dataset/saad/datasets/images/ancestree/ReWIND/0_real/viral_bfree/REAL/FP7N6a1X0AELPsX/img00810.jpg,0.425038,0,0
/mnt/h200_dataset/saad/datasets/images/ancestree/ReWIND/0_real/viral_bfree/REAL/FrusauNX0AETQwG/img02415.jpg,0.085023,0,0
/mnt/h200_dataset/saad/datasets/images/ancestree/ReWIND/0_real/viral_bfree/REAL/FrusauNX0AETQwG/img02421.jpg,0.074838,0,0
/mnt/h200_dataset/saad/datasets/images/ancestree/ReWIND/0_real/viral_bfree/REAL/FrusauNX0AETQwG/img02409.jpg,0.114171,0,0
/mnt/h200_dataset/saad/datasets/images/ancestree/ReWIND/0_real/viral_bfree/REAL/FrusauNX0AETQwG/img02428.jpg,0.078219,0,0
/mnt/h200_dataset/saad/datasets/images/ancestree/ReWIND/0_real/viral_bfree/REAL/FrusauNX0AETQwG/img02411.jpg,0.072834,0,0
/mnt/h200_dataset/saad/datasets/images/ancestree/ReWIND/0_real/viral_bfree/REAL/FrusauNX0AETQwG/img02424.jpg,0.105395,0,0
/mnt/h200_dataset/saad/datasets/images/ancestree/ReWIND/0_real/viral_bfree/REAL/FrusauNX0AETQwG/img02429.jpg,0.077588,0,0
/mnt/h200_dataset/saad/datasets/images/ancestree/ReWIND/0_real/viral_bfree/REAL/FrusauNX0AETQwG/img02413.jpg,0.079854,0,0
/mnt/h200_dataset/saad/datasets/images/ancestree/ReWIND/0_real/viral_bfree/REAL/FrusauNX0AETQwG/img02426.jpg,0.078572,0,0
/mnt/h200_dataset/saad/datasets/images/ancestree/ReWIND/0_real/viral_bfree/REAL/FrusauNX0AETQwG/img02408.jpg,0.061031,0,0
/mnt/h200_dataset/saad/datasets/images/ancestree/ReWIND/0_real/viral_bfree/REAL/FrusauNX0AETQwG/img02414.jpg,0.093017,0,0
/mnt/h200_dataset/saad/datasets/images/ancestree/ReWIND/0_real/viral_bfree/REAL/FrusauNX0AETQwG/img02425.jpg,0.077727,0,0
/mnt/h200_dataset/saad/datasets/images/ancestree/ReWIND/0_real/viral_bfree/REAL/FrusauNX0AETQwG/img02407.jpg,0.097907,0,0
/mnt/h200_dataset/saad/datasets/images/ancestree/ReWIND/0_real/viral_bfree/REAL/FrusauNX0AETQwG/img02467.jpg,0.07703,0,0
/mnt/h200_dataset/saad/datasets/images/ancestree/ReWIND/0_real/viral_bfree/REAL/FrusauNX0AETQwG/img02463.jpg,0.067608,0,0
/mnt/h200_dataset/saad/datasets/images/ancestree/ReWIND/0_real/viral_bfree/REAL/FrusauNX0AETQwG/img02410.jpg,0.099034,0,0
/mnt/h200_dataset/saad/datasets/images/ancestree/ReWIND/0_real/viral_bfree/REAL/FrusauNX0AETQwG/img02432.jpg,0.077868,0,0
/mnt/h200_dataset/saad/datasets/images/ancestree/ReWIND/0_real/viral_bfree/REAL/FYsE6EsXEAE1hci/img02083.webp,0.795579,1,0
/mnt/h200_dataset/saad/datasets/images/ancestree/ReWIND/0_real/viral_bfree/REAL/FYsE6EsXEAE1hci/img02024.webp,0.86866,1,0
/mnt/h200_dataset/saad/datasets/images/ancestree/ReWIND/0_real/viral_bfree/REAL/FYsE6EsXEAE1hci/img01999.webp,0.893867,1,0
/mnt/h200_dataset/saad/datasets/images/ancestree/ReWIND/0_real/viral_bfree/REAL/FYsE6EsXEAE1hci/img02064.jpg,0.458409,0,0
/mnt/h200_dataset/saad/datasets/images/ancestree/ReWIND/0_real/viral_bfree/REAL/FYsE6EsXEAE1hci/img02009.png,0.540348,1,0
/mnt/h200_dataset/saad/datasets/images/ancestree/ReWIND/0_real/viral_bfree/REAL/FYsE6EsXEAE1hci/img02094.webp,0.699357,1,0
/mnt/h200_dataset/saad/datasets/images/ancestree/ReWIND/0_real/viral_bfree/REAL/FYsE6EsXEAE1hci/img02090.jpg,0.765681,1,0
/mnt/h200_dataset/saad/datasets/images/ancestree/ReWIND/0_real/viral_bfree/REAL/FYsE6EsXEAE1hci/img02020.jpg,0.213705,0,0
/mnt/h200_dataset/saad/datasets/images/ancestree/ReWIND/0_real/viral_bfree/REAL/FYsE6EsXEAE1hci/img02023.jpg,0.917893,1,0
/mnt/h200_dataset/saad/datasets/images/ancestree/ReWIND/0_real/viral_bfree/REAL/FYsE6EsXEAE1hci/img02019.jpg,0.132739,0,0
/mnt/h200_dataset/saad/datasets/images/ancestree/ReWIND/0_real/viral_bfree/REAL/FYsE6EsXEAE1hci/img02069.jpg,0.916185,1,0
/mnt/h200_dataset/saad/datasets/images/ancestree/ReWIND/0_real/viral_bfree/REAL/FYsE6EsXEAE1hci/img02017.jpg,0.752649,1,0
/mnt/h200_dataset/saad/datasets/images/ancestree/ReWIND/0_real/viral_bfree/REAL/FYsE6EsXEAE1hci/img02068.jpg,0.894052,1,0
/mnt/h200_dataset/saad/datasets/images/ancestree/ReWIND/0_real/viral_bfree/REAL/FYsE6EsXEAE1hci/img02061.webp,0.717408,1,0
/mnt/h200_dataset/saad/datasets/images/ancestree/ReWIND/0_real/viral_bfree/REAL/FYsE6EsXEAE1hci/img02052.jpg,0.405478,0,0
/mnt/h200_dataset/saad/datasets/images/ancestree/ReWIND/0_real/viral_bfree/REAL/FYsE6EsXEAE1hci/img01994.jpg,0.865963,1,0
/mnt/h200_dataset/saad/datasets/images/ancestree/ReWIND/0_real/viral_bfree/REAL/FYsE6EsXEAE1hci/img02010.jpg,0.761627,1,0
/mnt/h200_dataset/saad/datasets/images/ancestree/ReWIND/0_real/viral_bfree/REAL/FYsE6EsXEAE1hci/img02018.jpg,0.910863,1,0
/mnt/h200_dataset/saad/datasets/images/ancestree/ReWIND/0_real/viral_bfree/REAL/FYsE6EsXEAE1hci/img02053.jpg,0.455668,0,0
/mnt/h200_dataset/saad/datasets/images/ancestree/ReWIND/0_real/viral_bfree/REAL/FYsE6EsXEAE1hci/img02036.jpg,0.876052,1,0
/mnt/h200_dataset/saad/datasets/images/ancestree/ReWIND/0_real/viral_bfree/REAL/FYsE6EsXEAE1hci/img02035.jpg,0.37958,0,0
/mnt/h200_dataset/saad/datasets/images/ancestree/ReWIND/0_real/viral_bfree/REAL/FYsE6EsXEAE1hci/img02096.jpg,0.717853,1,0
/mnt/h200_dataset/saad/datasets/images/ancestree/ReWIND/0_real/viral_bfree/REAL/FYsE6EsXEAE1hci/img02082.webp,0.891905,1,0
/mnt/h200_dataset/saad/datasets/images/ancestree/ReWIND/0_real/viral_bfree/REAL/FYsE6EsXEAE1hci/img02098.jpg,0.458409,0,0
/mnt/h200_dataset/saad/datasets/images/ancestree/ReWIND/0_real/viral_bfree/REAL/FYsE6EsXEAE1hci/img02093.jpg,0.550683,1,0
/mnt/h200_dataset/saad/datasets/images/ancestree/ReWIND/0_real/viral_bfree/REAL/FYsE6EsXEAE1hci/img02008.jpg,0.461229,0,0
/mnt/h200_dataset/saad/datasets/images/ancestree/ReWIND/0_real/viral_bfree/REAL/FYsE6EsXEAE1hci/img02059.jpg,0.550683,1,0
/mnt/h200_dataset/saad/datasets/images/ancestree/ReWIND/0_real/viral_bfree/REAL/FYsE6EsXEAE1hci/img02037.jpg,0.799833,1,0
/mnt/h200_dataset/saad/datasets/images/ancestree/ReWIND/0_real/viral_bfree/REAL/FYsE6EsXEAE1hci/img02027.jpg,0.919859,1,0
/mnt/h200_dataset/saad/datasets/images/ancestree/ReWIND/0_real/viral_bfree/REAL/FYsE6EsXEAE1hci/img02058.jpg,0.481286,0,0
/mnt/h200_dataset/saad/datasets/images/ancestree/ReWIND/0_real/viral_bfree/REAL/FYsE6EsXEAE1hci/img02040.jpg,0.567607,1,0
/mnt/h200_dataset/saad/datasets/images/ancestree/ReWIND/0_real/viral_bfree/REAL/FYsE6EsXEAE1hci/img02038.jpg,0.785473,1,0
/mnt/h200_dataset/saad/datasets/images/ancestree/ReWIND/0_real/viral_bfree/REAL/FYsE6EsXEAE1hci/img02054.jpg,0.790854,1,0
/mnt/h200_dataset/saad/datasets/images/ancestree/ReWIND/0_real/viral_bfree/REAL/FYsE6EsXEAE1hci/img02022.webp,0.914291,1,0
/mnt/h200_dataset/saad/datasets/images/ancestree/ReWIND/0_real/viral_bfree/REAL/FYsE6EsXEAE1hci/img02031.jpg,0.917672,1,0
/mnt/h200_dataset/saad/datasets/images/ancestree/ReWIND/0_real/viral_bfree/REAL/FYsE6EsXEAE1hci/img02034.jpg,0.866133,1,0
/mnt/h200_dataset/saad/datasets/images/ancestree/ReWIND/0_real/viral_bfree/REAL/FYsE6EsXEAE1hci/img01993.jpg,0.619155,1,0
/mnt/h200_dataset/saad/datasets/images/ancestree/ReWIND/0_real/viral_bfree/REAL/FYsE6EsXEAE1hci/img02065.jpg,0.169819,0,0
/mnt/h200_dataset/saad/datasets/images/ancestree/ReWIND/0_real/viral_bfree/REAL/FYsE6EsXEAE1hci/img02032.webp,0.90218,1,0
/mnt/h200_dataset/saad/datasets/images/ancestree/ReWIND/0_real/viral_bfree/REAL/FYsE6EsXEAE1hci/img01997.jpg,0.861013,1,0
/mnt/h200_dataset/saad/datasets/images/ancestree/ReWIND/0_real/viral_bfree/REAL/FYsE6EsXEAE1hci/img02021.jpg,0.645288,1,0
/mnt/h200_dataset/saad/datasets/images/ancestree/ReWIND/0_real/viral_bfree/REAL/FYsE6EsXEAE1hci/img02057.jpg,0.526731,1,0
/mnt/h200_dataset/saad/datasets/images/ancestree/ReWIND/0_real/viral_bfree/REAL/FYsE6EsXEAE1hci/img02055.jpg,0.898855,1,0
/mnt/h200_dataset/saad/datasets/images/ancestree/ReWIND/0_real/viral_bfree/REAL/FYsE6EsXEAE1hci/img01995.jpg,0.555285,1,0
/mnt/h200_dataset/saad/datasets/images/ancestree/ReWIND/0_real/viral_bfree/REAL/FYsE6EsXEAE1hci/img02083.jpg,0.853852,1,0
/mnt/h200_dataset/saad/datasets/images/ancestree/ReWIND/0_real/viral_bfree/REAL/FwKwNmNX0AEc4z7/img03428.jpg,0.559666,1,0
/mnt/h200_dataset/saad/datasets/images/ancestree/ReWIND/0_real/viral_bfree/REAL/FwKwNmNX0AEc4z7/img03418.jpg,0.744749,1,0
/mnt/h200_dataset/saad/datasets/images/ancestree/ReWIND/0_real/viral_bfree/REAL/FwKwNmNX0AEc4z7/img03487.jpg,0.75183,1,0
/mnt/h200_dataset/saad/datasets/images/ancestree/ReWIND/0_real/viral_bfree/REAL/FwKwNmNX0AEc4z7/img03465.jpg,0.39356,0,0
/mnt/h200_dataset/saad/datasets/images/ancestree/ReWIND/0_real/viral_bfree/REAL/FwKwNmNX0AEc4z7/img03513.jpg,0.779406,1,0
/mnt/h200_dataset/saad/datasets/images/ancestree/ReWIND/0_real/viral_bfree/REAL/FwKwNmNX0AEc4z7/img03429.jpg,0.666605,1,0
/mnt/h200_dataset/saad/datasets/images/ancestree/ReWIND/0_real/viral_bfree/REAL/FwKwNmNX0AEc4z7/img03408.jpg,0.417093,0,0
/mnt/h200_dataset/saad/datasets/images/ancestree/ReWIND/0_real/viral_bfree/REAL/FwKwNmNX0AEc4z7/img03459.jpg,0.749729,1,0
/mnt/h200_dataset/saad/datasets/images/ancestree/ReWIND/0_real/viral_bfree/REAL/FwKwNmNX0AEc4z7/img03486.jpg,0.699716,1,0
/mnt/h200_dataset/saad/datasets/images/ancestree/ReWIND/0_real/viral_bfree/REAL/FwKwNmNX0AEc4z7/img03433.jpg,0.767603,1,0
/mnt/h200_dataset/saad/datasets/images/ancestree/ReWIND/0_real/viral_bfree/REAL/FwKwNmNX0AEc4z7/img03485.jpg,0.527796,1,0
/mnt/h200_dataset/saad/datasets/images/ancestree/ReWIND/0_real/viral_bfree/REAL/FwKwNmNX0AEc4z7/img03453.jpg,0.76934,1,0
/mnt/h200_dataset/saad/datasets/images/ancestree/ReWIND/0_real/viral_bfree/REAL/FwKwNmNX0AEc4z7/img03471.webp,0.658912,1,0
/mnt/h200_dataset/saad/datasets/images/ancestree/ReWIND/0_real/viral_bfree/REAL/FwKwNmNX0AEc4z7/img03445.jpg,0.780746,1,0
/mnt/h200_dataset/saad/datasets/images/ancestree/ReWIND/0_real/viral_bfree/REAL/FwKwNmNX0AEc4z7/img03411.png,0.573559,1,0
/mnt/h200_dataset/saad/datasets/images/ancestree/ReWIND/0_real/viral_bfree/REAL/FwKwNmNX0AEc4z7/img03454.jpg,0.630401,1,0
/mnt/h200_dataset/saad/datasets/images/ancestree/ReWIND/0_real/viral_bfree/REAL/FwKwNmNX0AEc4z7/img03504.jpg,0.766031,1,0
/mnt/h200_dataset/saad/datasets/images/ancestree/ReWIND/0_real/viral_bfree/REAL/FwKwNmNX0AEc4z7/img03424.jpg,0.354489,0,0
/mnt/h200_dataset/saad/datasets/images/ancestree/ReWIND/0_real/viral_bfree/REAL/FwKwNmNX0AEc4z7/img03456.jpg,0.729279,1,0
/mnt/h200_dataset/saad/datasets/images/ancestree/ReWIND/0_real/viral_bfree/REAL/FwKwNmNX0AEc4z7/img03432.jpg,0.776792,1,0
/mnt/h200_dataset/saad/datasets/images/ancestree/ReWIND/0_real/viral_bfree/REAL/FwKwNmNX0AEc4z7/img03510.jpg,0.624122,1,0
/mnt/h200_dataset/saad/datasets/images/ancestree/ReWIND/0_real/viral_bfree/REAL/FwKwNmNX0AEc4z7/img03497.jpg,0.754644,1,0
/mnt/h200_dataset/saad/datasets/images/ancestree/ReWIND/0_real/viral_bfree/REAL/FwKwNmNX0AEc4z7/img03450.jpg,0.657813,1,0
/mnt/h200_dataset/saad/datasets/images/ancestree/ReWIND/0_real/viral_bfree/REAL/FwKwNmNX0AEc4z7/img03483.jpg,0.804252,1,0
/mnt/h200_dataset/saad/datasets/images/ancestree/ReWIND/0_real/viral_bfree/REAL/FwKwNmNX0AEc4z7/img03436.jpg,0.354489,0,0
/mnt/h200_dataset/saad/datasets/images/ancestree/ReWIND/0_real/viral_bfree/REAL/FwKwNmNX0AEc4z7/img03430.jpg,0.757884,1,0
/mnt/h200_dataset/saad/datasets/images/ancestree/ReWIND/0_real/viral_bfree/REAL/FwKwNmNX0AEc4z7/img03457.jpg,0.7586,1,0
/mnt/h200_dataset/saad/datasets/images/ancestree/ReWIND/0_real/viral_bfree/REAL/FwKwNmNX0AEc4z7/img03415.jpg,0.765418,1,0
/mnt/h200_dataset/saad/datasets/images/ancestree/ReWIND/0_real/viral_bfree/REAL/FwKwNmNX0AEc4z7/img03410.png,0.671847,1,0
/mnt/h200_dataset/saad/datasets/images/ancestree/ReWIND/0_real/viral_bfree/REAL/FwKwNmNX0AEc4z7/img03405.jpg,0.391231,0,0
/mnt/h200_dataset/saad/datasets/images/ancestree/ReWIND/0_real/viral_bfree/REAL/FwKwNmNX0AEc4z7/img03469.jpg,0.587973,1,0
/mnt/h200_dataset/saad/datasets/images/ancestree/ReWIND/0_real/viral_bfree/REAL/FwKwNmNX0AEc4z7/img03419.jpg,0.732687,1,0
/mnt/h200_dataset/saad/datasets/images/ancestree/ReWIND/0_real/viral_bfree/REAL/FwKwNmNX0AEc4z7/img03416.jpg,0.73431,1,0
/mnt/h200_dataset/saad/datasets/images/ancestree/ReWIND/0_real/viral_bfree/REAL/FwKwNmNX0AEc4z7/img03500.jpg,0.505712,1,0
/mnt/h200_dataset/saad/datasets/images/ancestree/ReWIND/0_real/viral_bfree/REAL/FwKwNmNX0AEc4z7/img03463.jpg,0.779406,1,0
/mnt/h200_dataset/saad/datasets/images/ancestree/ReWIND/0_real/viral_bfree/REAL/FwKwNmNX0AEc4z7/img03423.jpg,0.775775,1,0
/mnt/h200_dataset/saad/datasets/images/ancestree/ReWIND/0_real/viral_bfree/REAL/FwKwNmNX0AEc4z7/img03412.jpg,0.715474,1,0
/mnt/h200_dataset/saad/datasets/images/ancestree/ReWIND/0_real/viral_bfree/REAL/FwKwNmNX0AEc4z7/img03426.jpg,0.624122,1,0
/mnt/h200_dataset/saad/datasets/images/ancestree/ReWIND/0_real/viral_bfree/REAL/FwKwNmNX0AEc4z7/img03475.png,0.694562,1,0
/mnt/h200_dataset/saad/datasets/images/ancestree/ReWIND/0_real/viral_bfree/REAL/FwKwNmNX0AEc4z7/img03452.jpg,0.733356,1,0
/mnt/h200_dataset/saad/datasets/images/ancestree/ReWIND/0_real/viral_bfree/REAL/FwKwNmNX0AEc4z7/img03505.jpg,0.71408,1,0
/mnt/h200_dataset/saad/datasets/images/ancestree/ReWIND/0_real/viral_bfree/REAL/FwKwNmNX0AEc4z7/img03477.jpg,0.249264,0,0
/mnt/h200_dataset/saad/datasets/images/ancestree/ReWIND/0_real/viral_bfree/REAL/FwKwNmNX0AEc4z7/img03466.jpg,0.436802,0,0
/mnt/h200_dataset/saad/datasets/images/ancestree/ReWIND/0_real/viral_bfree/REAL/FwKwNmNX0AEc4z7/img03431.jpg,0.72594,1,0
/mnt/h200_dataset/saad/datasets/images/ancestree/ReWIND/0_real/viral_bfree/REAL/FwKwNmNX0AEc4z7/img03476.jpg,0.727927,1,0
/mnt/h200_dataset/saad/datasets/images/ancestree/ReWIND/0_real/viral_bfree/REAL/FwKwNmNX0AEc4z7/img03427.jpg,0.775775,1,0
/mnt/h200_dataset/saad/datasets/images/ancestree/ReWIND/0_real/viral_bfree/REAL/FwKwNmNX0AEc4z7/img03451.jpg,0.766031,1,0
/mnt/h200_dataset/saad/datasets/images/ancestree/ReWIND/0_real/viral_bfree/REAL/FwKwNmNX0AEc4z7/img03479.png,0.654453,1,0
/mnt/h200_dataset/saad/datasets/images/ancestree/ReWIND/0_real/viral_bfree/REAL/FwKwNmNX0AEc4z7/img03461.png,0.573559,1,0
/mnt/h200_dataset/saad/datasets/images/ancestree/ReWIND/0_real/viral_bfree/REAL/FwKwNmNX0AEc4z7/img03480.jpg,0.738386,1,0
/mnt/h200_dataset/saad/datasets/images/ancestree/ReWIND/0_real/viral_bfree/REAL/FwKwNmNX0AEc4z7/img03505.webp,0.67217,1,0
/mnt/h200_dataset/saad/datasets/images/ancestree/ReWIND/0_real/viral_bfree/REAL/FwKwNmNX0AEc4z7/img03434.jpg,0.765506,1,0
/mnt/h200_dataset/saad/datasets/images/ancestree/ReWIND/0_real/viral_bfree/REAL/FwKwNmNX0AEc4z7/img03407.jpg,0.387285,0,0
/mnt/h200_dataset/saad/datasets/images/ancestree/ReWIND/0_real/viral_bfree/REAL/FrvV-KSXwAIx3p2/img02692.jpg,0.164651,0,0
/mnt/h200_dataset/saad/datasets/images/ancestree/ReWIND/0_real/viral_bfree/REAL/FrvV-KSXwAIx3p2/img02795.jpg,0.188026,0,0
/mnt/h200_dataset/saad/datasets/images/ancestree/ReWIND/0_real/viral_bfree/REAL/FrvV-KSXwAIx3p2/img02686.jpg,0.11808,0,0
/mnt/h200_dataset/saad/datasets/images/ancestree/ReWIND/0_real/viral_bfree/REAL/FrvV-KSXwAIx3p2/img02708.jpg,0.193757,0,0
/mnt/h200_dataset/saad/datasets/images/ancestree/ReWIND/0_real/viral_bfree/REAL/FrvV-KSXwAIx3p2/img02725.jpg,0.193604,0,0
/mnt/h200_dataset/saad/datasets/images/ancestree/ReWIND/0_real/viral_bfree/REAL/FrvV-KSXwAIx3p2/img02797.jpg,0.233008,0,0
/mnt/h200_dataset/saad/datasets/images/ancestree/ReWIND/0_real/viral_bfree/REAL/FrvV-KSXwAIx3p2/img02722.jpg,0.22482,0,0
/mnt/h200_dataset/saad/datasets/images/ancestree/ReWIND/0_real/viral_bfree/REAL/FrvV-KSXwAIx3p2/img02796.jpg,0.121581,0,0
/mnt/h200_dataset/saad/datasets/images/ancestree/ReWIND/0_real/viral_bfree/REAL/FrvV-KSXwAIx3p2/img02690.jpg,0.21305,0,0
/mnt/h200_dataset/saad/datasets/images/ancestree/ReWIND/0_real/viral_bfree/REAL/FrvV-KSXwAIx3p2/img02781.jpg,0.218669,0,0
/mnt/h200_dataset/saad/datasets/images/ancestree/ReWIND/0_real/viral_bfree/REAL/FrvV-KSXwAIx3p2/img02786.jpg,0.215021,0,0
/mnt/h200_dataset/saad/datasets/images/ancestree/ReWIND/0_real/viral_bfree/REAL/FrvV-KSXwAIx3p2/img02798.jpg,0.200245,0,0
/mnt/h200_dataset/saad/datasets/images/ancestree/ReWIND/0_real/viral_bfree/REAL/FrvV-KSXwAIx3p2/img02727.jpg,0.193909,0,0
/mnt/h200_dataset/saad/datasets/images/ancestree/ReWIND/0_real/viral_bfree/REAL/FrvV-KSXwAIx3p2/img02782.jpg,0.200636,0,0
/mnt/h200_dataset/saad/datasets/images/ancestree/ReWIND/0_real/viral_bfree/REAL/FrvV-KSXwAIx3p2/img02713.jpg,0.127002,0,0
/mnt/h200_dataset/saad/datasets/images/ancestree/ReWIND/0_real/viral_bfree/REAL/FrvV-KSXwAIx3p2/img02778.jpg,0.230573,0,0
/mnt/h200_dataset/saad/datasets/images/ancestree/ReWIND/0_real/viral_bfree/REAL/FrvV-KSXwAIx3p2/img02787.jpg,0.124852,0,0
/mnt/h200_dataset/saad/datasets/images/ancestree/ReWIND/0_real/viral_bfree/REAL/FrvV-KSXwAIx3p2/img02717.jpg,0.213377,0,0
/mnt/h200_dataset/saad/datasets/images/ancestree/ReWIND/0_real/viral_bfree/REAL/FrvV-KSXwAIx3p2/img02799.jpg,0.165121,0,0
/mnt/h200_dataset/saad/datasets/images/ancestree/ReWIND/0_real/viral_bfree/REAL/FrvV-KSXwAIx3p2/img02792.jpg,0.255065,0,0
/mnt/h200_dataset/saad/datasets/images/ancestree/ReWIND/0_real/viral_bfree/REAL/FrvV-KSXwAIx3p2/img02685.jpg,0.231701,0,0
/mnt/h200_dataset/saad/datasets/images/ancestree/ReWIND/0_real/viral_bfree/REAL/FrvV-KSXwAIx3p2/img02793.webp,0.176601,0,0
/mnt/h200_dataset/saad/datasets/images/ancestree/ReWIND/0_real/viral_bfree/REAL/FrvV-KSXwAIx3p2/img02698.jpg,0.100613,0,0
/mnt/h200_dataset/saad/datasets/images/ancestree/ReWIND/0_real/viral_bfree/REAL/FrvV-KSXwAIx3p2/img02710.jpg,0.173218,0,0
/mnt/h200_dataset/saad/datasets/images/ancestree/ReWIND/0_real/viral_bfree/REAL/FrvV-KSXwAIx3p2/img02718.jpg,0.181118,0,0
/mnt/h200_dataset/saad/datasets/images/ancestree/ReWIND/0_real/viral_bfree/REAL/FrvV-KSXwAIx3p2/img02694.jpg,0.211498,0,0
/mnt/h200_dataset/saad/datasets/images/ancestree/ReWIND/0_real/viral_bfree/REAL/FrvV-KSXwAIx3p2/img02788.jpg,0.165863,0,0
/mnt/h200_dataset/saad/datasets/images/ancestree/ReWIND/0_real/viral_bfree/REAL/FrvV-KSXwAIx3p2/img02687.jpg,0.119459,0,0
/mnt/h200_dataset/saad/datasets/images/ancestree/ReWIND/0_real/viral_bfree/REAL/FrvV-KSXwAIx3p2/img02700.jpg,0.191403,0,0
/mnt/h200_dataset/saad/datasets/images/ancestree/ReWIND/0_real/viral_bfree/REAL/FrvV-KSXwAIx3p2/img02721.jpg,0.12075,0,0
/mnt/h200_dataset/saad/datasets/images/ancestree/ReWIND/0_real/viral_bfree/REAL/FrvV-KSXwAIx3p2/img02794.png,0.141045,0,0
/mnt/h200_dataset/saad/datasets/images/ancestree/ReWIND/0_real/viral_bfree/REAL/FrvV-KSXwAIx3p2/img02779.jpg,0.215351,0,0
/mnt/h200_dataset/saad/datasets/images/ancestree/ReWIND/0_real/viral_bfree/REAL/FrvV-KSXwAIx3p2/img02790.jpg,0.165189,0,0
/mnt/h200_dataset/saad/datasets/images/ancestree/ReWIND/0_real/viral_bfree/REAL/FrvV-KSXwAIx3p2/img02699.jpg,0.149035,0,0
/mnt/h200_dataset/saad/datasets/images/ancestree/ReWIND/0_real/viral_bfree/REAL/FrvV-KSXwAIx3p2/img02777.jpg,0.220594,0,0
/mnt/h200_dataset/saad/datasets/images/ancestree/ReWIND/0_real/viral_bfree/REAL/FrvV-KSXwAIx3p2/img02789.jpg,0.215021,0,0
/mnt/h200_dataset/saad/datasets/images/ancestree/ReWIND/0_real/viral_bfree/REAL/FrvV-KSXwAIx3p2/img02784.jpg,0.140218,0,0
/mnt/h200_dataset/saad/datasets/images/ancestree/ReWIND/0_real/viral_bfree/REAL/FrvV-KSXwAIx3p2/img02775.jpg,0.226356,0,0
/mnt/h200_dataset/saad/datasets/images/ancestree/ReWIND/0_real/viral_bfree/REAL/FrvV-KSXwAIx3p2/img02791.jpg,0.116061,0,0
/mnt/h200_dataset/saad/datasets/images/ancestree/ReWIND/0_real/viral_bfree/REAL/FrvV-KSXwAIx3p2/img02689.jpg,0.113875,0,0
/mnt/h200_dataset/saad/datasets/images/ancestree/ReWIND/0_real/viral_bfree/REAL/FrvV-KSXwAIx3p2/img02731.jpg,0.242116,0,0
/mnt/h200_dataset/saad/datasets/images/ancestree/ReWIND/0_real/viral_bfree/REAL/FrvV-KSXwAIx3p2/img02693.jpg,0.208662,0,0
/mnt/h200_dataset/saad/datasets/images/ancestree/ReWIND/0_real/viral_bfree/REAL/FrvV-KSXwAIx3p2/img02688.jpg,0.112893,0,0
/mnt/h200_dataset/saad/datasets/images/ancestree/ReWIND/0_real/viral_bfree/REAL/FrvV-KSXwAIx3p2/img02785.jpg,0.158109,0,0
/mnt/h200_dataset/saad/datasets/images/ancestree/ReWIND/0_real/viral_bfree/REAL/FrvV-KSXwAIx3p2/img02697.jpg,0.18374,0,0
/mnt/h200_dataset/saad/datasets/images/ancestree/ReWIND/0_real/viral_bfree/REAL/FrvV-KSXwAIx3p2/img02691.jpg,0.242744,0,0
/mnt/h200_dataset/saad/datasets/images/ancestree/ReWIND/0_real/viral_bfree/REAL/FrvV-KSXwAIx3p2/img02776.jpg,0.290528,0,0
/mnt/h200_dataset/saad/datasets/images/ancestree/ReWIND/0_real/viral_bfree/REAL/FrvV-KSXwAIx3p2/img02720.jpg,0.136493,0,0
/mnt/h200_dataset/saad/datasets/images/ancestree/ReWIND/0_real/viral_bfree/REAL/FrvV-KSXwAIx3p2/img02726.jpg,0.164382,0,0
/mnt/h200_dataset/saad/datasets/images/ancestree/ReWIND/0_real/viral_bfree/REAL/FsImFWOWcAAPCPv/img03002.jpg,0.099034,0,0
/mnt/h200_dataset/saad/datasets/images/ancestree/ReWIND/0_real/viral_bfree/REAL/FsImFWOWcAAPCPv/img03004.png,0.097993,0,0
/mnt/h200_dataset/saad/datasets/images/ancestree/ReWIND/0_real/viral_bfree/REAL/FsImFWOWcAAPCPv/img02838.jpg,0.106412,0,0
/mnt/h200_dataset/saad/datasets/images/ancestree/ReWIND/0_real/viral_bfree/REAL/FsImFWOWcAAPCPv/img02837.jpg,0.09947,0,0
/mnt/h200_dataset/saad/datasets/images/ancestree/ReWIND/0_real/viral_bfree/REAL/FsImFWOWcAAPCPv/img02930.jpg,0.094594,0,0
/mnt/h200_dataset/saad/datasets/images/ancestree/ReWIND/0_real/viral_bfree/REAL/FsImFWOWcAAPCPv/img03008.jpg,0.08733,0,0
/mnt/h200_dataset/saad/datasets/images/ancestree/ReWIND/0_real/viral_bfree/REAL/FsImFWOWcAAPCPv/img02917.jpg,0.101857,0,0
/mnt/h200_dataset/saad/datasets/images/ancestree/ReWIND/0_real/viral_bfree/REAL/FsImFWOWcAAPCPv/img02928.jpg,0.102754,0,0
/mnt/h200_dataset/saad/datasets/images/ancestree/ReWIND/0_real/viral_bfree/REAL/FsImFWOWcAAPCPv/img02926.jpg,0.089375,0,0
/mnt/h200_dataset/saad/datasets/images/ancestree/ReWIND/0_real/viral_bfree/REAL/FsImFWOWcAAPCPv/img02935.jpg,0.192312,0,0
/mnt/h200_dataset/saad/datasets/images/ancestree/ReWIND/0_real/viral_bfree/REAL/FsImFWOWcAAPCPv/img03014.jpg,0.072374,0,0
/mnt/h200_dataset/saad/datasets/images/ancestree/ReWIND/0_real/viral_bfree/REAL/FsImFWOWcAAPCPv/img02786.jpg,0.098512,0,0
/mnt/h200_dataset/saad/datasets/images/ancestree/ReWIND/0_real/viral_bfree/REAL/FsImFWOWcAAPCPv/img02915.jpg,0.092852,0,0
/mnt/h200_dataset/saad/datasets/images/ancestree/ReWIND/0_real/viral_bfree/REAL/FsImFWOWcAAPCPv/img02762.jpg,0.09628,0,0
/mnt/h200_dataset/saad/datasets/images/ancestree/ReWIND/0_real/viral_bfree/REAL/FsImFWOWcAAPCPv/img02924.jpg,0.095097,0,0
/mnt/h200_dataset/saad/datasets/images/ancestree/ReWIND/0_real/viral_bfree/REAL/FsImFWOWcAAPCPv/img02932.webp,0.090977,0,0
/mnt/h200_dataset/saad/datasets/images/ancestree/ReWIND/0_real/viral_bfree/REAL/FsImFWOWcAAPCPv/img03015.jpg,0.087175,0,0
/mnt/h200_dataset/saad/datasets/images/ancestree/ReWIND/0_real/viral_bfree/REAL/FsImFWOWcAAPCPv/img03017.jpg,0.086864,0,0
/mnt/h200_dataset/saad/datasets/images/ancestree/ReWIND/0_real/viral_bfree/REAL/FsImFWOWcAAPCPv/img02921.jpg,0.100084,0,0
/mnt/h200_dataset/saad/datasets/images/ancestree/ReWIND/0_real/viral_bfree/REAL/FsImFWOWcAAPCPv/img02759.jpg,0.08733,0,0
/mnt/h200_dataset/saad/datasets/images/ancestree/ReWIND/0_real/viral_bfree/REAL/FsImFWOWcAAPCPv/img02780.jpg,0.108283,0,0
/mnt/h200_dataset/saad/datasets/images/ancestree/ReWIND/0_real/viral_bfree/REAL/FsImFWOWcAAPCPv/img02920.jpg,0.102934,0,0
/mnt/h200_dataset/saad/datasets/images/ancestree/ReWIND/0_real/viral_bfree/REAL/FsImFWOWcAAPCPv/img02756.jpg,0.091463,0,0
/mnt/h200_dataset/saad/datasets/images/ancestree/ReWIND/0_real/viral_bfree/REAL/FsImFWOWcAAPCPv/img02860.jpg,0.089534,0,0
/mnt/h200_dataset/saad/datasets/images/ancestree/ReWIND/0_real/viral_bfree/REAL/FsImFWOWcAAPCPv/img02827.jpg,0.101679,0,0
/mnt/h200_dataset/saad/datasets/images/ancestree/ReWIND/0_real/viral_bfree/REAL/FsImFWOWcAAPCPv/img02916.jpg,0.085023,0,0
/mnt/h200_dataset/saad/datasets/images/ancestree/ReWIND/0_real/viral_bfree/REAL/FsImFWOWcAAPCPv/img02766.jpg,0.100437,0,0
/mnt/h200_dataset/saad/datasets/images/ancestree/ReWIND/0_real/viral_bfree/REAL/FsImFWOWcAAPCPv/img02925.jpg,0.094177,0,0
/mnt/h200_dataset/saad/datasets/images/ancestree/ReWIND/0_real/viral_bfree/REAL/FsImFWOWcAAPCPv/img02948.jpg,0.098166,0,0
/mnt/h200_dataset/saad/datasets/images/ancestree/ReWIND/0_real/viral_bfree/REAL/FsImFWOWcAAPCPv/img02763.jpg,0.101857,0,0
/mnt/h200_dataset/saad/datasets/images/ancestree/ReWIND/0_real/viral_bfree/REAL/FsImFWOWcAAPCPv/img02866.jpg,0.095434,0,0
/mnt/h200_dataset/saad/datasets/images/ancestree/ReWIND/0_real/viral_bfree/REAL/FsImFWOWcAAPCPv/img02757.jpg,0.087798,0,0
/mnt/h200_dataset/saad/datasets/images/ancestree/ReWIND/0_real/viral_bfree/REAL/FsImFWOWcAAPCPv/img02852.jpg,0.097648,0,0
/mnt/h200_dataset/saad/datasets/images/ancestree/ReWIND/0_real/viral_bfree/REAL/FsImFWOWcAAPCPv/img02865.jpg,0.093264,0,0
/mnt/h200_dataset/saad/datasets/images/ancestree/ReWIND/0_real/viral_bfree/REAL/FsImFWOWcAAPCPv/img02820.jpg,0.091788,0,0
/mnt/h200_dataset/saad/datasets/images/ancestree/ReWIND/0_real/viral_bfree/REAL/FsImFWOWcAAPCPv/img02864.jpg,0.096621,0,0
/mnt/h200_dataset/saad/datasets/images/ancestree/ReWIND/0_real/viral_bfree/REAL/FsImFWOWcAAPCPv/img02765.jpg,0.104569,0,0
/mnt/h200_dataset/saad/datasets/images/ancestree/ReWIND/0_real/viral_bfree/REAL/FsImFWOWcAAPCPv/img02758.jpg,0.090253,0,0
/mnt/h200_dataset/saad/datasets/images/ancestree/ReWIND/0_real/viral_bfree/REAL/FsImFWOWcAAPCPv/img02839.jpg,0.088269,0,0
/mnt/h200_dataset/saad/datasets/images/ancestree/ReWIND/0_real/viral_bfree/REAL/FsImFWOWcAAPCPv/img02918.jpg,0.095941,0,0
/mnt/h200_dataset/saad/datasets/images/ancestree/ReWIND/0_real/viral_bfree/REAL/FsImFWOWcAAPCPv/img02934.jpg,0.107813,0,0
/mnt/h200_dataset/saad/datasets/images/ancestree/ReWIND/0_real/viral_bfree/REAL/FsImFWOWcAAPCPv/img02767.jpg,0.10079,0,0
/mnt/h200_dataset/saad/datasets/images/ancestree/ReWIND/0_real/viral_bfree/REAL/FsImFWOWcAAPCPv/img03013.jpg,0.090655,0,0
/mnt/h200_dataset/saad/datasets/images/ancestree/ReWIND/0_real/viral_bfree/REAL/FsImFWOWcAAPCPv/img02932.jpg,0.094093,0,0
/mnt/h200_dataset/saad/datasets/images/ancestree/ReWIND/0_real/viral_bfree/REAL/FsImFWOWcAAPCPv/img02844.jpg,0.098512,0,0
/mnt/h200_dataset/saad/datasets/images/ancestree/ReWIND/0_real/viral_bfree/REAL/FsImFWOWcAAPCPv/img02863.jpg,0.094929,0,0
/mnt/h200_dataset/saad/datasets/images/ancestree/ReWIND/0_real/viral_bfree/REAL/FsImFWOWcAAPCPv/img02764.jpg,0.100613,0,0
/mnt/h200_dataset/saad/datasets/images/ancestree/ReWIND/0_real/viral_bfree/REAL/FsImFWOWcAAPCPv/img02931.jpg,0.092606,0,0
/mnt/h200_dataset/saad/datasets/images/ancestree/ReWIND/0_real/viral_bfree/REAL/FsImFWOWcAAPCPv/img02857.jpg,0.091058,0,0
/mnt/h200_dataset/saad/datasets/images/ancestree/ReWIND/0_real/viral_bfree/REAL/FsImFWOWcAAPCPv/img02943.jpg,0.097476,0,0
/mnt/h200_dataset/saad/datasets/images/ancestree/ReWIND/0_real/viral_bfree/REAL/FsImFWOWcAAPCPv/img02931.webp,0.084871,0,0
/mnt/h200_dataset/saad/datasets/images/ancestree/ReWIND/0_real/viral_bfree/REAL/FsImFWOWcAAPCPv/img02857.webp,0.08292,0,0
/mnt/h200_dataset/saad/datasets/images/ancestree/ReWIND/0_real/viral_bfree/REAL/FsImFWOWcAAPCPv/img02840.jpg,0.090977,0,0
/mnt/h200_dataset/saad/datasets/images/ancestree/ReWIND/0_real/viral_bfree/REAL/FC736BnXoAAC4os/img02091.webp,0.702683,1,0
/mnt/h200_dataset/saad/datasets/images/ancestree/ReWIND/0_real/viral_bfree/REAL/FC736BnXoAAC4os/img02097.jpg,0.808748,1,0
/mnt/h200_dataset/saad/datasets/images/ancestree/ReWIND/0_real/viral_bfree/REAL/FC736BnXoAAC4os/img02152.jpg,0.455395,0,0
/mnt/h200_dataset/saad/datasets/images/ancestree/ReWIND/0_real/viral_bfree/REAL/FC736BnXoAAC4os/img02145.jpg,0.786705,1,0
/mnt/h200_dataset/saad/datasets/images/ancestree/ReWIND/0_real/viral_bfree/REAL/FC736BnXoAAC4os/img02110.webp,0.683947,1,0
/mnt/h200_dataset/saad/datasets/images/ancestree/ReWIND/0_real/viral_bfree/REAL/FC736BnXoAAC4os/img02090.jpg,0.739328,1,0
/mnt/h200_dataset/saad/datasets/images/ancestree/ReWIND/0_real/viral_bfree/REAL/FC736BnXoAAC4os/img02161.jpg,0.781164,1,0
/mnt/h200_dataset/saad/datasets/images/ancestree/ReWIND/0_real/viral_bfree/REAL/FC736BnXoAAC4os/img02103.jpg,0.800458,1,0
/mnt/h200_dataset/saad/datasets/images/ancestree/ReWIND/0_real/viral_bfree/REAL/FC736BnXoAAC4os/img02128.jpg,0.387053,0,0
/mnt/h200_dataset/saad/datasets/images/ancestree/ReWIND/0_real/viral_bfree/REAL/FC736BnXoAAC4os/img02135.jpg,0.771843,1,0
/mnt/h200_dataset/saad/datasets/images/ancestree/ReWIND/0_real/viral_bfree/REAL/FC736BnXoAAC4os/img02155.jpg,0.766206,1,0
/mnt/h200_dataset/saad/datasets/images/ancestree/ReWIND/0_real/viral_bfree/REAL/FC736BnXoAAC4os/img02154.jpg,0.469368,0,0
/mnt/h200_dataset/saad/datasets/images/ancestree/ReWIND/0_real/viral_bfree/REAL/FC736BnXoAAC4os/img02138.jpg,0.827619,1,0
/mnt/h200_dataset/saad/datasets/images/ancestree/ReWIND/0_real/viral_bfree/REAL/FC736BnXoAAC4os/img02092.jpg,0.812421,1,0
/mnt/h200_dataset/saad/datasets/images/ancestree/ReWIND/0_real/viral_bfree/REAL/FC736BnXoAAC4os/img02130.jpg,0.715573,1,0
/mnt/h200_dataset/saad/datasets/images/ancestree/ReWIND/0_real/viral_bfree/REAL/FC736BnXoAAC4os/img02127.jpg,0.406538,0,0
/mnt/h200_dataset/saad/datasets/images/ancestree/ReWIND/0_real/viral_bfree/REAL/FC736BnXoAAC4os/img02129.jpg,0.738858,1,0
/mnt/h200_dataset/saad/datasets/images/ancestree/ReWIND/0_real/viral_bfree/REAL/FC736BnXoAAC4os/img02105.jpg,0.794066,1,0
/mnt/h200_dataset/saad/datasets/images/ancestree/ReWIND/0_real/viral_bfree/REAL/FC736BnXoAAC4os/img02089.jpg,0.64791,1,0
/mnt/h200_dataset/saad/datasets/images/ancestree/ReWIND/0_real/viral_bfree/REAL/FC736BnXoAAC4os/img02098.jpg,0.811676,1,0
/mnt/h200_dataset/saad/datasets/images/ancestree/ReWIND/0_real/viral_bfree/REAL/FC736BnXoAAC4os/img02134.jpg,0.755096,1,0
/mnt/h200_dataset/saad/datasets/images/ancestree/ReWIND/0_real/viral_bfree/REAL/FC736BnXoAAC4os/img02100.jpg,0.492629,0,0
/mnt/h200_dataset/saad/datasets/images/ancestree/ReWIND/0_real/viral_bfree/REAL/FC736BnXoAAC4os/img02165.jpg,0.556776,1,0
/mnt/h200_dataset/saad/datasets/images/ancestree/ReWIND/0_real/viral_bfree/REAL/FC736BnXoAAC4os/img02143.jpg,0.730626,1,0
/mnt/h200_dataset/saad/datasets/images/ancestree/ReWIND/0_real/viral_bfree/REAL/FC736BnXoAAC4os/img02131.jpg,0.699716,1,0
/mnt/h200_dataset/saad/datasets/images/ancestree/ReWIND/0_real/viral_bfree/REAL/FC736BnXoAAC4os/img02104.jpg,0.702275,1,0
/mnt/h200_dataset/saad/datasets/images/ancestree/ReWIND/0_real/viral_bfree/REAL/FC736BnXoAAC4os/img02172.jpg,0.549807,1,0
/mnt/h200_dataset/saad/datasets/images/ancestree/ReWIND/0_real/viral_bfree/REAL/FC736BnXoAAC4os/img02133.jpg,0.481538,0,0
/mnt/h200_dataset/saad/datasets/images/ancestree/ReWIND/0_real/viral_bfree/REAL/FC736BnXoAAC4os/img02146.jpg,0.764452,1,0
/mnt/h200_dataset/saad/datasets/images/ancestree/ReWIND/0_real/viral_bfree/REAL/FC736BnXoAAC4os/img02160.jpg,0.594581,1,0
/mnt/h200_dataset/saad/datasets/images/ancestree/ReWIND/0_real/viral_bfree/REAL/FC736BnXoAAC4os/img02136.jpg,0.509776,1,0
/mnt/h200_dataset/saad/datasets/images/ancestree/ReWIND/0_real/viral_bfree/REAL/FC736BnXoAAC4os/img02126.jpg,0.515452,1,0
/mnt/h200_dataset/saad/datasets/images/ancestree/ReWIND/0_real/viral_bfree/REAL/FC736BnXoAAC4os/img02132.jpg,0.685423,1,0
/mnt/h200_dataset/saad/datasets/images/ancestree/ReWIND/0_real/viral_bfree/REAL/FC736BnXoAAC4os/img02106.jpg,0.531126,1,0
/mnt/h200_dataset/saad/datasets/images/ancestree/ReWIND/0_real/viral_bfree/REAL/FC736BnXoAAC4os/img02113.jpg,0.672977,1,0
/mnt/h200_dataset/saad/datasets/images/ancestree/ReWIND/0_real/viral_bfree/REAL/FC736BnXoAAC4os/img02167.jpg,0.707051,1,0
/mnt/h200_dataset/saad/datasets/images/ancestree/ReWIND/0_real/viral_bfree/REAL/FP7N6bBXEAEMgen/img00979.jpg,0.40028,0,0
/mnt/h200_dataset/saad/datasets/images/ancestree/ReWIND/0_real/viral_bfree/REAL/FP7N6bBXEAEMgen/img00981.jpg,0.439116,0,0
/mnt/h200_dataset/saad/datasets/images/ancestree/ReWIND/0_real/viral_bfree/REAL/FP7N6bBXEAEMgen/img00994.jpg,0.368633,0,0
/mnt/h200_dataset/saad/datasets/images/ancestree/ReWIND/0_real/viral_bfree/REAL/FP7N6bBXEAEMgen/img00982.jpg,0.379493,0,0
/mnt/h200_dataset/saad/datasets/images/ancestree/ReWIND/0_real/viral_bfree/REAL/FP7N6bBXEAEMgen/img01030.jpg,0.437133,0,0
/mnt/h200_dataset/saad/datasets/images/ancestree/ReWIND/0_real/viral_bfree/REAL/FP7N6bBXEAEMgen/img00985.jpg,0.466511,0,0
/mnt/h200_dataset/saad/datasets/images/ancestree/ReWIND/0_real/viral_bfree/REAL/FP7N6bBXEAEMgen/img00976.jpg,0.439116,0,0
/mnt/h200_dataset/saad/datasets/images/ancestree/ReWIND/0_real/viral_bfree/REAL/FP7N6bBXEAEMgen/img01003.jpg,0.424531,0,0
/mnt/h200_dataset/saad/datasets/images/ancestree/ReWIND/0_real/viral_bfree/REAL/FP7N6bBXEAEMgen/img00986.jpg,0.491345,0,0
/mnt/h200_dataset/saad/datasets/images/ancestree/ReWIND/0_real/viral_bfree/REAL/FP7N6bBXEAEMgen/img01024.jpg,0.408926,0,0
/mnt/h200_dataset/saad/datasets/images/ancestree/ReWIND/0_real/viral_bfree/REAL/FP7N6bBXEAEMgen/img00984.jpg,0.445243,0,0
/mnt/h200_dataset/saad/datasets/images/ancestree/ReWIND/0_real/viral_bfree/REAL/FP7N6bBXEAEMgen/img00988.jpg,0.418519,0,0
/mnt/h200_dataset/saad/datasets/images/ancestree/ReWIND/0_real/viral_bfree/REAL/FP7N6bBXEAEMgen/img01021.jpg,0.403978,0,0
/mnt/h200_dataset/saad/datasets/images/ancestree/ReWIND/0_real/viral_bfree/REAL/FP7N6bBXEAEMgen/img01029.jpg,0.40028,0,0
/mnt/h200_dataset/saad/datasets/images/ancestree/ReWIND/0_real/viral_bfree/REAL/FP7N6bBXEAEMgen/img01016.jpg,0.442215,0,0
/mnt/h200_dataset/saad/datasets/images/ancestree/ReWIND/0_real/viral_bfree/REAL/FP7N6bBXEAEMgen/img00992.jpg,0.442877,0,0
/mnt/h200_dataset/saad/datasets/images/ancestree/ReWIND/0_real/viral_bfree/REAL/FP7N6bBXEAEMgen/img00991.jpg,0.449136,0,0
/mnt/h200_dataset/saad/datasets/images/ancestree/ReWIND/0_real/viral_bfree/REAL/FP7N6bBXEAEMgen/img01010.jpg,0.435061,0,0
/mnt/h200_dataset/saad/datasets/images/ancestree/ReWIND/0_real/viral_bfree/REAL/FP7N6bBXEAEMgen/img01007.jpg,0.368406,0,0
/mnt/h200_dataset/saad/datasets/images/ancestree/ReWIND/0_real/viral_bfree/REAL/FP7N6bBXEAEMgen/img01009.webp,0.344058,0,0
/mnt/h200_dataset/saad/datasets/images/ancestree/ReWIND/0_real/viral_bfree/REAL/FP7N6bBXEAEMgen/img00995.jpg,0.401923,0,0
/mnt/h200_dataset/saad/datasets/images/ancestree/ReWIND/0_real/viral_bfree/REAL/FP7N6bBXEAEMgen/img00987.jpg,0.347759,0,0
/mnt/h200_dataset/saad/datasets/images/ancestree/ReWIND/0_real/viral_bfree/REAL/FofsGeJaIAAqBmm/img00497.jpg,0.59884,1,0
/mnt/h200_dataset/saad/datasets/images/ancestree/ReWIND/0_real/viral_bfree/REAL/FofsGeJaIAAqBmm/img00493.jpg,0.616186,1,0
/mnt/h200_dataset/saad/datasets/images/ancestree/ReWIND/0_real/viral_bfree/REAL/FofsGeJaIAAqBmm/img00508.jpg,0.46557,0,0
/mnt/h200_dataset/saad/datasets/images/ancestree/ReWIND/0_real/viral_bfree/REAL/FofsGeJaIAAqBmm/img00491.jpg,0.613758,1,0
/mnt/h200_dataset/saad/datasets/images/ancestree/ReWIND/0_real/viral_bfree/REAL/FofsGeJaIAAqBmm/img00490.jpg,0.465023,0,0
/mnt/h200_dataset/saad/datasets/images/ancestree/ReWIND/0_real/viral_bfree/REAL/FofsGeJaIAAqBmm/img00494.jpg,0.527111,1,0
/mnt/h200_dataset/saad/datasets/images/ancestree/ReWIND/0_real/viral_bfree/REAL/FofsGeJaIAAqBmm/img00519.webp,0.35987,0,0
/mnt/h200_dataset/saad/datasets/images/ancestree/ReWIND/0_real/viral_bfree/REAL/FofsGeJaIAAqBmm/img00509.jpg,0.469543,0,0
/mnt/h200_dataset/saad/datasets/images/ancestree/ReWIND/0_real/viral_bfree/REAL/FofsGeJaIAAqBmm/img00514.jpg,0.5027,1,0
/mnt/h200_dataset/saad/datasets/images/ancestree/ReWIND/0_real/viral_bfree/REAL/FofsGeJaIAAqBmm/img00513.jpg,0.637652,1,0
/mnt/h200_dataset/saad/datasets/images/ancestree/ReWIND/0_real/viral_bfree/REAL/FofsGeJaIAAqBmm/img00492.jpg,0.541924,1,0
/mnt/h200_dataset/saad/datasets/images/ancestree/ReWIND/0_real/viral_bfree/REAL/FkiOl6wUYAIoylp/img00417.jpg,0.648077,1,0
/mnt/h200_dataset/saad/datasets/images/ancestree/ReWIND/0_real/viral_bfree/REAL/FkiOl6wUYAIoylp/img00408.jpg,0.670231,1,0
/mnt/h200_dataset/saad/datasets/images/ancestree/ReWIND/0_real/viral_bfree/REAL/FkiOl6wUYAIoylp/img00477.jpg,0.741112,1,0
/mnt/h200_dataset/saad/datasets/images/ancestree/ReWIND/0_real/viral_bfree/REAL/FkiOl6wUYAIoylp/img00412.jpg,0.520725,1,0
/mnt/h200_dataset/saad/datasets/images/ancestree/ReWIND/0_real/viral_bfree/REAL/FkiOl6wUYAIoylp/img00483.jpg,0.791176,1,0
/mnt/h200_dataset/saad/datasets/images/ancestree/ReWIND/0_real/viral_bfree/REAL/FkiOl6wUYAIoylp/img00472.jpg,0.582135,1,0
/mnt/h200_dataset/saad/datasets/images/ancestree/ReWIND/0_real/viral_bfree/REAL/FkiOl6wUYAIoylp/img00487.jpg,0.812272,1,0
/mnt/h200_dataset/saad/datasets/images/ancestree/ReWIND/0_real/viral_bfree/REAL/FkiOl6wUYAIoylp/img00467.jpg,0.365117,0,0
/mnt/h200_dataset/saad/datasets/images/ancestree/ReWIND/0_real/viral_bfree/REAL/FkiOl6wUYAIoylp/img00473.jpg,0.711431,1,0
/mnt/h200_dataset/saad/datasets/images/ancestree/ReWIND/0_real/viral_bfree/REAL/FkiOl6wUYAIoylp/img00410.jpg,0.638779,1,0
/mnt/h200_dataset/saad/datasets/images/ancestree/ReWIND/0_real/viral_bfree/REAL/FkiOl6wUYAIoylp/img00508.png,0.795738,1,0
/mnt/h200_dataset/saad/datasets/images/ancestree/ReWIND/0_real/viral_bfree/REAL/FkiOl6wUYAIoylp/img00424.jpg,0.666877,1,0
/mnt/h200_dataset/saad/datasets/images/ancestree/ReWIND/0_real/viral_bfree/REAL/FkiOl6wUYAIoylp/img00474.jpg,0.6329,1,0
/mnt/h200_dataset/saad/datasets/images/ancestree/ReWIND/0_real/viral_bfree/REAL/FkiOl6wUYAIoylp/img00486.jpg,0.200401,0,0
/mnt/h200_dataset/saad/datasets/images/ancestree/ReWIND/0_real/viral_bfree/REAL/FkiOl6wUYAIoylp/img00413.jpg,0.605158,1,0
/mnt/h200_dataset/saad/datasets/images/ancestree/ReWIND/0_real/viral_bfree/REAL/FkiOl6wUYAIoylp/img00459.jpg,0.495545,0,0
/mnt/h200_dataset/saad/datasets/images/ancestree/ReWIND/0_real/viral_bfree/REAL/FkiOl6wUYAIoylp/img00504.webp,0.632673,1,0
/mnt/h200_dataset/saad/datasets/images/ancestree/ReWIND/0_real/viral_bfree/REAL/FkiOl6wUYAIoylp/img00407.jpg,0.663723,1,0
/mnt/h200_dataset/saad/datasets/images/ancestree/ReWIND/0_real/viral_bfree/REAL/FkiOl6wUYAIoylp/img00440.jpg,0.37502,0,0
/mnt/h200_dataset/saad/datasets/images/ancestree/ReWIND/0_real/viral_bfree/REAL/FkiOl6wUYAIoylp/img00416.jpg,0.699716,1,0
/mnt/h200_dataset/saad/datasets/images/ancestree/ReWIND/0_real/viral_bfree/REAL/FkiOl6wUYAIoylp/img00406.jpg,0.678007,1,0
/mnt/h200_dataset/saad/datasets/images/ancestree/ReWIND/0_real/viral_bfree/REAL/FkiOl6wUYAIoylp/img00478.jpg,0.776877,1,0
/mnt/h200_dataset/saad/datasets/images/ancestree/ReWIND/0_real/viral_bfree/REAL/FkiOl6wUYAIoylp/img00438.jpg,0.665628,1,0
/mnt/h200_dataset/saad/datasets/images/ancestree/ReWIND/0_real/viral_bfree/REAL/FkiOl6wUYAIoylp/img00476.jpg,0.679604,1,0
/mnt/h200_dataset/saad/datasets/images/ancestree/ReWIND/0_real/viral_bfree/REAL/FkiOl6wUYAIoylp/img00471.jpg,0.6488,1,0
/mnt/h200_dataset/saad/datasets/images/ancestree/ReWIND/0_real/viral_bfree/REAL/FkiOl6wUYAIoylp/img00475.jpg,0.657098,1,0
/mnt/h200_dataset/saad/datasets/images/ancestree/ReWIND/0_real/viral_bfree/REAL/FkiOl6wUYAIoylp/img00482.jpg,0.842021,1,0
/mnt/h200_dataset/saad/datasets/images/ancestree/ReWIND/0_real/viral_bfree/REAL/FkiOl6wUYAIoylp/img00405.jpg,0.666443,1,0
/mnt/h200_dataset/saad/datasets/images/ancestree/ReWIND/0_real/viral_bfree/REAL/FkiOl6wUYAIoylp/img00429.jpg,0.615175,1,0
/mnt/h200_dataset/saad/datasets/images/ancestree/ReWIND/0_real/viral_bfree/REAL/DEureviUQAExubJ/img00300.jpg,0.793506,1,0
/mnt/h200_dataset/saad/datasets/images/ancestree/ReWIND/0_real/viral_bfree/REAL/DEureviUQAExubJ/img00334.png,0.812123,1,0
/mnt/h200_dataset/saad/datasets/images/ancestree/ReWIND/0_real/viral_bfree/REAL/DEureviUQAExubJ/img00353.jpg,0.457379,0,0
/mnt/h200_dataset/saad/datasets/images/ancestree/ReWIND/0_real/viral_bfree/REAL/DEureviUQAExubJ/img00296.jpg,0.881411,1,0
/mnt/h200_dataset/saad/datasets/images/ancestree/ReWIND/0_real/viral_bfree/REAL/DEureviUQAExubJ/img00324.jpg,0.757436,1,0
/mnt/h200_dataset/saad/datasets/images/ancestree/ReWIND/0_real/viral_bfree/REAL/DEureviUQAExubJ/img00342.jpg,0.789477,1,0
/mnt/h200_dataset/saad/datasets/images/ancestree/ReWIND/0_real/viral_bfree/REAL/DEureviUQAExubJ/img00364.jpg,0.85984,1,0
/mnt/h200_dataset/saad/datasets/images/ancestree/ReWIND/0_real/viral_bfree/REAL/DEureviUQAExubJ/img00329.jpg,0.817356,1,0
/mnt/h200_dataset/saad/datasets/images/ancestree/ReWIND/0_real/viral_bfree/REAL/DEureviUQAExubJ/img00346.jpg,0.824603,1,0
/mnt/h200_dataset/saad/datasets/images/ancestree/ReWIND/0_real/viral_bfree/REAL/DEureviUQAExubJ/img00299.jpg,0.865906,1,0
/mnt/h200_dataset/saad/datasets/images/ancestree/ReWIND/0_real/viral_bfree/REAL/DEureviUQAExubJ/img00325.jpg,0.826081,1,0
/mnt/h200_dataset/saad/datasets/images/ancestree/ReWIND/0_real/viral_bfree/REAL/DEureviUQAExubJ/img00291.jpg,0.871201,1,0
/mnt/h200_dataset/saad/datasets/images/ancestree/ReWIND/0_real/viral_bfree/REAL/DEureviUQAExubJ/img00350.jpg,0.878783,1,0
/mnt/h200_dataset/saad/datasets/images/ancestree/ReWIND/0_real/viral_bfree/REAL/DEureviUQAExubJ/img00345.jpg,0.600013,1,0
/mnt/h200_dataset/saad/datasets/images/ancestree/ReWIND/0_real/viral_bfree/REAL/DEureviUQAExubJ/img00293.jpg,0.821331,1,0
/mnt/h200_dataset/saad/datasets/images/ancestree/ReWIND/0_real/viral_bfree/REAL/DEureviUQAExubJ/img00290.jpg,0.862178,1,0
/mnt/h200_dataset/saad/datasets/images/ancestree/ReWIND/0_real/viral_bfree/REAL/DEureviUQAExubJ/img00295.jpg,0.67539,1,0
/mnt/h200_dataset/saad/datasets/images/ancestree/ReWIND/0_real/viral_bfree/REAL/DEureviUQAExubJ/img00327.jpg,0.845241,1,0
/mnt/h200_dataset/saad/datasets/images/ancestree/ReWIND/0_real/viral_bfree/REAL/DEureviUQAExubJ/img00338.jpg,0.868213,1,0
/mnt/h200_dataset/saad/datasets/images/ancestree/ReWIND/0_real/viral_bfree/REAL/DEureviUQAExubJ/img00347.jpg,0.871201,1,0
/mnt/h200_dataset/saad/datasets/images/ancestree/ReWIND/0_real/viral_bfree/REAL/DEureviUQAExubJ/img00348.jpg,0.865679,1,0
/mnt/h200_dataset/saad/datasets/images/ancestree/ReWIND/0_real/viral_bfree/REAL/DEureviUQAExubJ/img00292.jpg,0.871584,1,0
/mnt/h200_dataset/saad/datasets/images/ancestree/ReWIND/0_real/viral_bfree/REAL/DEureviUQAExubJ/img00344.jpg,0.870487,1,0
/mnt/h200_dataset/saad/datasets/images/ancestree/ReWIND/0_real/viral_bfree/REAL/DEureviUQAExubJ/img00305.jpg,0.855066,1,0
/mnt/h200_dataset/saad/datasets/images/ancestree/ReWIND/0_real/viral_bfree/REAL/DEureviUQAExubJ/img00288.jpg,0.826502,1,0
/mnt/h200_dataset/saad/datasets/images/ancestree/ReWIND/0_real/viral_bfree/REAL/DEureviUQAExubJ/img00301.jpg,0.870927,1,0
/mnt/h200_dataset/saad/datasets/images/ancestree/ReWIND/0_real/viral_bfree/REAL/DEureviUQAExubJ/img00336.jpg,0.801548,1,0
/mnt/h200_dataset/saad/datasets/images/ancestree/ReWIND/0_real/viral_bfree/REAL/FP7N6a0XMAEBq0n/img00560.jpg,0.781414,1,0
/mnt/h200_dataset/saad/datasets/images/ancestree/ReWIND/0_real/viral_bfree/REAL/FP7N6a0XMAEBq0n/img00614.jpg,0.85226,1,0
/mnt/h200_dataset/saad/datasets/images/ancestree/ReWIND/0_real/viral_bfree/REAL/FP7N6a0XMAEBq0n/img00610.jpg,0.763307,1,0
/mnt/h200_dataset/saad/datasets/images/ancestree/ReWIND/0_real/viral_bfree/REAL/FP7N6a0XMAEBq0n/img00557.jpg,0.792062,1,0
/mnt/h200_dataset/saad/datasets/images/ancestree/ReWIND/0_real/viral_bfree/REAL/FP7N6a0XMAEBq0n/img00627.jpg,0.7586,1,0
/mnt/h200_dataset/saad/datasets/images/ancestree/ReWIND/0_real/viral_bfree/REAL/FP7N6a0XMAEBq0n/img00525.jpg,0.795261,1,0
/mnt/h200_dataset/saad/datasets/images/ancestree/ReWIND/0_real/viral_bfree/REAL/FP7N6a0XMAEBq0n/img00595.jpg,0.683314,1,0
/mnt/h200_dataset/saad/datasets/images/ancestree/ReWIND/0_real/viral_bfree/REAL/FP7N6a0XMAEBq0n/img00541.jpg,0.7641,1,0
/mnt/h200_dataset/saad/datasets/images/ancestree/ReWIND/0_real/viral_bfree/REAL/FP7N6a0XMAEBq0n/img00668.jpg,0.767254,1,0
/mnt/h200_dataset/saad/datasets/images/ancestree/ReWIND/0_real/viral_bfree/REAL/FP7N6a0XMAEBq0n/img00679.jpg,0.77535,1,0
/mnt/h200_dataset/saad/datasets/images/ancestree/ReWIND/0_real/viral_bfree/REAL/FP7N6a0XMAEBq0n/img00571.jpg,0.787441,1,0
/mnt/h200_dataset/saad/datasets/images/ancestree/ReWIND/0_real/viral_bfree/REAL/FP7N6a0XMAEBq0n/img00521.jpg,0.799521,1,0
/mnt/h200_dataset/saad/datasets/images/ancestree/ReWIND/0_real/viral_bfree/REAL/FP7N6a0XMAEBq0n/img00611.jpg,0.750461,1,0
/mnt/h200_dataset/saad/datasets/images/ancestree/ReWIND/0_real/viral_bfree/REAL/FP7N6a0XMAEBq0n/img00659.jpg,0.775095,1,0
/mnt/h200_dataset/saad/datasets/images/ancestree/ReWIND/0_real/viral_bfree/REAL/FP7N6a0XMAEBq0n/img00669.jpg,0.758332,1,0
/mnt/h200_dataset/saad/datasets/images/ancestree/ReWIND/0_real/viral_bfree/REAL/FP7N6a0XMAEBq0n/img00520.jpg,0.795738,1,0
/mnt/h200_dataset/saad/datasets/images/ancestree/ReWIND/0_real/viral_bfree/REAL/FP7N6a0XMAEBq0n/img00613.jpg,0.773216,1,0
/mnt/h200_dataset/saad/datasets/images/ancestree/ReWIND/0_real/viral_bfree/REAL/FP7N6a0XMAEBq0n/img00635.jpg,0.772273,1,0
/mnt/h200_dataset/saad/datasets/images/ancestree/ReWIND/0_real/viral_bfree/REAL/FP7N6a0XMAEBq0n/img00675.jpg,0.639342,1,0
/mnt/h200_dataset/saad/datasets/images/ancestree/ReWIND/0_real/viral_bfree/REAL/FP7N6a0XMAEBq0n/img00678.jpg,0.782496,1,0
/mnt/h200_dataset/saad/datasets/images/ancestree/ReWIND/0_real/viral_bfree/REAL/FP7N6a0XMAEBq0n/img00617.jpg,0.758958,1,0
/mnt/h200_dataset/saad/datasets/images/ancestree/ReWIND/0_real/viral_bfree/REAL/FP7N6a0XMAEBq0n/img00647.jpg,0.72783,1,0
/mnt/h200_dataset/saad/datasets/images/ancestree/ReWIND/0_real/viral_bfree/REAL/FP7N6a0XMAEBq0n/img00651.jpg,0.754463,1,0
/mnt/h200_dataset/saad/datasets/images/ancestree/ReWIND/0_real/viral_bfree/REAL/FP7N6a0XMAEBq0n/img00629.jpg,0.791257,1,0
/mnt/h200_dataset/saad/datasets/images/ancestree/ReWIND/0_real/viral_bfree/REAL/FP7N6a0XMAEBq0n/img00544.jpg,0.780244,1,0
/mnt/h200_dataset/saad/datasets/images/ancestree/ReWIND/0_real/viral_bfree/REAL/FP7N6a0XMAEBq0n/img00524.jpg,0.77586,1,0
/mnt/h200_dataset/saad/datasets/images/ancestree/ReWIND/0_real/viral_bfree/REAL/FP7N6a0XMAEBq0n/img00562.jpg,0.709472,1,0
/mnt/h200_dataset/saad/datasets/images/ancestree/ReWIND/0_real/viral_bfree/REAL/FP7N6a0XMAEBq0n/img00523.jpg,0.768212,1,0
/mnt/h200_dataset/saad/datasets/images/ancestree/ReWIND/0_real/viral_bfree/REAL/FP7N6a0XMAEBq0n/img00636.jpg,0.76708,1,0
/mnt/h200_dataset/saad/datasets/images/ancestree/ReWIND/0_real/viral_bfree/REAL/FP7N6a0XMAEBq0n/img00581.jpg,0.798501,1,0
/mnt/h200_dataset/saad/datasets/images/ancestree/ReWIND/0_real/viral_bfree/REAL/FP7N6a0XMAEBq0n/img00590.jpg,0.795261,1,0
/mnt/h200_dataset/saad/datasets/images/ancestree/ReWIND/0_real/viral_bfree/REAL/FP7N6a0XMAEBq0n/img00664.jpg,0.767254,1,0
/mnt/h200_dataset/saad/datasets/images/ancestree/ReWIND/0_real/viral_bfree/REAL/FP7N6a0XMAEBq0n/img00539.jpg,0.770551,1,0
/mnt/h200_dataset/saad/datasets/images/ancestree/ReWIND/0_real/viral_bfree/REAL/FP7N6a0XMAEBq0n/img00540.jpg,0.766992,1,0
/mnt/h200_dataset/saad/datasets/images/ancestree/ReWIND/0_real/viral_bfree/REAL/FP7N6a0XMAEBq0n/img00583.jpg,0.68125,1,0
/mnt/h200_dataset/saad/datasets/images/ancestree/ReWIND/0_real/viral_bfree/REAL/FP7N6a0XMAEBq0n/img00598.jpg,0.71098,1,0
/mnt/h200_dataset/saad/datasets/images/ancestree/ReWIND/0_real/viral_bfree/REAL/FP7N6a0XMAEBq0n/img00551.jpg,0.69285,1,0
/mnt/h200_dataset/saad/datasets/images/ancestree/ReWIND/0_real/viral_bfree/REAL/FP7N6a0XMAEBq0n/img00572.jpg,0.699973,1,0
/mnt/h200_dataset/saad/datasets/images/ancestree/ReWIND/0_real/viral_bfree/REAL/FP7N6a0XMAEBq0n/img00522.jpg,0.766905,1,0
/mnt/h200_dataset/saad/datasets/images/ancestree/ReWIND/0_real/viral_bfree/REAL/FP7N6a0XMAEBq0n/img00633.jpg,0.759671,1,0
/mnt/h200_dataset/saad/datasets/images/ancestree/ReWIND/0_real/viral_bfree/REAL/FP7N6a0XMAEBq0n/img00536.jpg,0.749271,1,0
/mnt/h200_dataset/saad/datasets/images/ancestree/ReWIND/0_real/viral_bfree/REAL/FP7N6a0XMAEBq0n/img00588.jpg,0.753013,1,0
/mnt/h200_dataset/saad/datasets/images/ancestree/ReWIND/0_real/viral_bfree/REAL/FP7N6a0XMAEBq0n/img00559.jpg,0.737725,1,0
/mnt/h200_dataset/saad/datasets/images/ancestree/ReWIND/0_real/viral_bfree/REAL/FP7N6a0XMAEBq0n/img00622.jpg,0.507173,1,0
/mnt/h200_dataset/saad/datasets/images/ancestree/ReWIND/0_real/viral_bfree/REAL/FP7N6a0XMAEBq0n/img00637.jpg,0.741206,1,0
/mnt/h200_dataset/saad/datasets/images/ancestree/ReWIND/0_real/viral_bfree/REAL/FP7N6a0XMAEBq0n/img00593.jpg,0.790126,1,0
/mnt/h200_dataset/saad/datasets/images/ancestree/ReWIND/0_real/viral_bfree/REAL/FP7N6a0XMAEBq0n/img00542.jpg,0.487124,0,0
/mnt/h200_dataset/saad/datasets/images/ancestree/ReWIND/0_real/viral_bfree/REAL/FP7N6a0XMAEBq0n/img00537.jpg,0.729953,1,0
/mnt/h200_dataset/saad/datasets/images/ancestree/ReWIND/0_real/viral_bfree/REAL/FP7N6a0XMAEBq0n/img00601.jpg,0.775095,1,0
/mnt/h200_dataset/saad/datasets/images/ancestree/ReWIND/0_real/viral_bfree/REAL/FP7N6a0XMAEBq0n/img00552.jpg,0.780244,1,0
/mnt/h200_dataset/saad/datasets/images/ancestree/ReWIND/0_real/viral_bfree/REAL/FP7N6a0XMAEBq0n/img00594.jpg,0.775435,1,0
/mnt/h200_dataset/saad/datasets/images/ancestree/ReWIND/0_real/viral_bfree/REAL/FP7N6a0XMAEBq0n/img00587.jpg,0.611469,1,0
/mnt/h200_dataset/saad/datasets/images/ancestree/ReWIND/0_real/viral_bfree/REAL/FP7N6a0XMAEBq0n/img00532.jpg,0.777384,1,0
/mnt/h200_dataset/saad/datasets/images/ancestree/ReWIND/0_real/viral_bfree/REAL/FP7N6a0XMAEBq0n/img00530.jpg,0.672869,1,0
/mnt/h200_dataset/saad/datasets/images/ancestree/ReWIND/0_real/viral_bfree/REAL/FP7N6a0XMAEBq0n/img00592.jpg,0.754915,1,0
/mnt/h200_dataset/saad/datasets/images/ancestree/ReWIND/0_real/viral_bfree/REAL/FP7N6a0XMAEBq0n/img00639.jpg,0.768646,1,0
/mnt/h200_dataset/saad/datasets/images/ancestree/ReWIND/0_real/viral_bfree/REAL/FP7N6a0XMAEBq0n/img00670.jpg,0.767167,1,0
/mnt/h200_dataset/saad/datasets/images/ancestree/ReWIND/0_real/viral_bfree/REAL/FP7N6a0XMAEBq0n/img00615.jpg,0.771413,1,0
/mnt/h200_dataset/saad/datasets/images/ancestree/ReWIND/0_real/viral_bfree/REAL/FP7N6a0XMAEBq0n/img00579.jpg,0.797793,1,0
/mnt/h200_dataset/saad/datasets/images/ancestree/ReWIND/0_real/viral_bfree/REAL/FP7N6a0XMAEBq0n/img00672.jpg,0.792062,1,0
/mnt/h200_dataset/saad/datasets/images/ancestree/ReWIND/0_real/viral_bfree/REAL/FP7N6a0XMAEBq0n/img00612.jpg,0.679232,1,0
/mnt/h200_dataset/saad/datasets/images/ancestree/ReWIND/0_real/viral_bfree/REAL/FP7N6a0XMAEBq0n/img00585.jpg,0.794624,1,0
/mnt/h200_dataset/saad/datasets/images/ancestree/ReWIND/0_real/viral_bfree/REAL/FP7N6a0XMAEBq0n/img00561.jpg,0.598518,1,0
/mnt/h200_dataset/saad/datasets/images/ancestree/ReWIND/0_real/viral_bfree/REAL/FP7N6a0XMAEBq0n/img00665.jpg,0.781414,1,0
/mnt/h200_dataset/saad/datasets/images/ancestree/ReWIND/0_real/viral_bfree/REAL/FP7N6a0XMAEBq0n/img00628.jpg,0.767428,1,0
/mnt/h200_dataset/saad/datasets/images/ancestree/ReWIND/0_real/viral_bfree/REAL/FP7N6a0XMAEBq0n/img00574.webp,0.77907,1,0
/mnt/h200_dataset/saad/datasets/images/ancestree/ReWIND/0_real/viral_bfree/REAL/FP7N6a0XMAEBq0n/img00526.jpg,0.738669,1,0
/mnt/h200_dataset/saad/datasets/images/ancestree/ReWIND/0_real/viral_bfree/REAL/FP7N6a0XMAEBq0n/img00547.jpg,0.493876,0,0
/mnt/h200_dataset/saad/datasets/images/ancestree/ReWIND/0_real/viral_bfree/REAL/FP7N6a0XMAEBq0n/img00543.jpg,0.743447,1,0
/mnt/h200_dataset/saad/datasets/images/ancestree/ReWIND/0_real/viral_bfree/REAL/FP7N6a0XMAEBq0n/img00589.jpg,0.738575,1,0
/mnt/h200_dataset/saad/datasets/images/ancestree/ReWIND/0_real/viral_bfree/REAL/FP7N6a0XMAEBq0n/img00531.jpg,0.532091,1,0
/mnt/h200_dataset/saad/datasets/images/ancestree/ReWIND/0_real/viral_bfree/REAL/FP7N6a0XMAEBq0n/img00631.jpg,0.671901,1,0
/mnt/h200_dataset/saad/datasets/images/ancestree/ReWIND/0_real/viral_bfree/REAL/FP7N6a0XMAEBq0n/img00558.jpg,0.795261,1,0
/mnt/h200_dataset/saad/datasets/images/ancestree/ReWIND/0_real/viral_bfree/REAL/FP7N6a0XMAEBq0n/img00634.jpg,0.734976,1,0
/mnt/h200_dataset/saad/datasets/images/ancestree/ReWIND/0_real/viral_bfree/REAL/FrHge_2agAAMNVw/img01775.jpg,0.323327,0,0
/mnt/h200_dataset/saad/datasets/images/ancestree/ReWIND/0_real/viral_bfree/REAL/FrHge_2agAAMNVw/img01618.jpg,0.115561,0,0
/mnt/h200_dataset/saad/datasets/images/ancestree/ReWIND/0_real/viral_bfree/REAL/FrHge_2agAAMNVw/img01717.jpg,0.158044,0,0
/mnt/h200_dataset/saad/datasets/images/ancestree/ReWIND/0_real/viral_bfree/REAL/FrHge_2agAAMNVw/img01888.jpg,0.305076,0,0
/mnt/h200_dataset/saad/datasets/images/ancestree/ReWIND/0_real/viral_bfree/REAL/FrHge_2agAAMNVw/img01765.jpg,0.1602,0,0
/mnt/h200_dataset/saad/datasets/images/ancestree/ReWIND/0_real/viral_bfree/REAL/FrHge_2agAAMNVw/img01979.jpg,0.166879,0,0
/mnt/h200_dataset/saad/datasets/images/ancestree/ReWIND/0_real/viral_bfree/REAL/FrHge_2agAAMNVw/img01657.jpg,0.501677,1,0
/mnt/h200_dataset/saad/datasets/images/ancestree/ReWIND/0_real/viral_bfree/REAL/FrHge_2agAAMNVw/img01739.jpg,0.395951,0,0
/mnt/h200_dataset/saad/datasets/images/ancestree/ReWIND/0_real/viral_bfree/REAL/FrHge_2agAAMNVw/img01880.jpg,0.397529,0,0
/mnt/h200_dataset/saad/datasets/images/ancestree/ReWIND/0_real/viral_bfree/REAL/FrHge_2agAAMNVw/img01723.jpg,0.325574,0,0
/mnt/h200_dataset/saad/datasets/images/ancestree/ReWIND/0_real/viral_bfree/REAL/FrHge_2agAAMNVw/img01944.webp,0.276935,0,0
/mnt/h200_dataset/saad/datasets/images/ancestree/ReWIND/0_real/viral_bfree/REAL/FrHge_2agAAMNVw/img01806.jpg,0.206094,0,0
/mnt/h200_dataset/saad/datasets/images/ancestree/ReWIND/0_real/viral_bfree/REAL/FrHge_2agAAMNVw/img01964.jpg,0.218003,0,0
/mnt/h200_dataset/saad/datasets/images/ancestree/ReWIND/0_real/viral_bfree/REAL/FrHge_2agAAMNVw/img01633.jpg,0.166269,0,0
/mnt/h200_dataset/saad/datasets/images/ancestree/ReWIND/0_real/viral_bfree/REAL/FrHge_2agAAMNVw/img01750.jpg,0.08548,0,0
/mnt/h200_dataset/saad/datasets/images/ancestree/ReWIND/0_real/viral_bfree/REAL/FrHge_2agAAMNVw/img01906.jpg,0.32029,0,0
/mnt/h200_dataset/saad/datasets/images/ancestree/ReWIND/0_real/viral_bfree/REAL/FrHge_2agAAMNVw/img01919.jpg,0.176175,0,0
/mnt/h200_dataset/saad/datasets/images/ancestree/ReWIND/0_real/viral_bfree/REAL/FrHge_2agAAMNVw/img01741.jpg,0.219588,0,0
/mnt/h200_dataset/saad/datasets/images/ancestree/ReWIND/0_real/viral_bfree/REAL/FrHge_2agAAMNVw/img01713.jpg,0.548326,1,0
/mnt/h200_dataset/saad/datasets/images/ancestree/ReWIND/0_real/viral_bfree/REAL/FrHge_2agAAMNVw/img01949.jpg,0.40536,0,0
/mnt/h200_dataset/saad/datasets/images/ancestree/ReWIND/0_real/viral_bfree/REAL/FrHge_2agAAMNVw/img01786.jpg,0.511141,1,0
/mnt/h200_dataset/saad/datasets/images/ancestree/ReWIND/0_real/viral_bfree/REAL/FrHge_2agAAMNVw/img01954.jpg,0.316211,0,0
/mnt/h200_dataset/saad/datasets/images/ancestree/ReWIND/0_real/viral_bfree/REAL/FrHge_2agAAMNVw/img01904.jpg,0.350699,0,0
/mnt/h200_dataset/saad/datasets/images/ancestree/ReWIND/0_real/viral_bfree/REAL/FrHge_2agAAMNVw/img01664.jpg,0.387285,0,0
/mnt/h200_dataset/saad/datasets/images/ancestree/ReWIND/0_real/viral_bfree/REAL/FrHge_2agAAMNVw/img01969.jpg,0.154823,0,0
/mnt/h200_dataset/saad/datasets/images/ancestree/ReWIND/0_real/viral_bfree/REAL/FrHge_2agAAMNVw/img01707.jpg,0.375306,0,0
/mnt/h200_dataset/saad/datasets/images/ancestree/ReWIND/0_real/viral_bfree/REAL/FrHge_2agAAMNVw/img01889.jpg,0.390447,0,0
/mnt/h200_dataset/saad/datasets/images/ancestree/ReWIND/0_real/viral_bfree/REAL/FrHge_2agAAMNVw/img01934.jpg,0.406126,0,0
/mnt/h200_dataset/saad/datasets/images/ancestree/ReWIND/0_real/viral_bfree/REAL/FrHge_2agAAMNVw/img01747.jpg,0.193909,0,0
/mnt/h200_dataset/saad/datasets/images/ancestree/ReWIND/0_real/viral_bfree/REAL/FrHge_2agAAMNVw/img01700.jpg,0.202838,0,0
/mnt/h200_dataset/saad/datasets/images/ancestree/ReWIND/0_real/viral_bfree/REAL/FrHge_2agAAMNVw/img01605.jpg,0.492627,0,0
/mnt/h200_dataset/saad/datasets/images/ancestree/ReWIND/0_real/viral_bfree/REAL/FrHge_2agAAMNVw/img01759.jpg,0.1602,0,0
/mnt/h200_dataset/saad/datasets/images/ancestree/ReWIND/0_real/viral_bfree/REAL/FrHge_2agAAMNVw/img01925.jpg,0.192388,0,0
/mnt/h200_dataset/saad/datasets/images/ancestree/ReWIND/0_real/viral_bfree/REAL/FrHge_2agAAMNVw/img01959.jpg,0.168994,0,0
/mnt/h200_dataset/saad/datasets/images/ancestree/ReWIND/0_real/viral_bfree/REAL/FrHge_2agAAMNVw/img01614.jpg,0.209793,0,0
/mnt/h200_dataset/saad/datasets/images/ancestree/ReWIND/0_real/viral_bfree/REAL/FrHge_2agAAMNVw/img01613.jpg,0.410638,0,0
/mnt/h200_dataset/saad/datasets/images/ancestree/ReWIND/0_real/viral_bfree/REAL/FrHge_2agAAMNVw/img01679.jpg,0.218169,0,0
/mnt/h200_dataset/saad/datasets/images/ancestree/ReWIND/0_real/viral_bfree/REAL/FrHge_2agAAMNVw/img01872.jpg,0.384392,0,0
/mnt/h200_dataset/saad/datasets/images/ancestree/ReWIND/0_real/viral_bfree/REAL/FrHge_2agAAMNVw/img01651.jpg,0.474471,0,0
/mnt/h200_dataset/saad/datasets/images/ancestree/ReWIND/0_real/viral_bfree/REAL/FrHge_2agAAMNVw/img01847.jpg,0.179459,0,0
/mnt/h200_dataset/saad/datasets/images/ancestree/ReWIND/0_real/viral_bfree/REAL/FrHge_2agAAMNVw/img01933.jpg,0.266739,0,0
/mnt/h200_dataset/saad/datasets/images/ancestree/ReWIND/0_real/viral_bfree/REAL/FrHge_2agAAMNVw/img01956.jpg,0.240239,0,0
/mnt/h200_dataset/saad/datasets/images/ancestree/ReWIND/0_real/viral_bfree/REAL/FrHge_2agAAMNVw/img01672.jpg,0.387545,0,0
/mnt/h200_dataset/saad/datasets/images/ancestree/ReWIND/0_real/viral_bfree/REAL/FrHge_2agAAMNVw/img01791.jpg,0.398114,0,0
/mnt/h200_dataset/saad/datasets/images/ancestree/ReWIND/0_real/viral_bfree/REAL/FrHge_2agAAMNVw/img01974.jpg,0.222531,0,0
/mnt/h200_dataset/saad/datasets/images/ancestree/ReWIND/0_real/viral_bfree/REAL/FrHge_2agAAMNVw/img01811.jpg,0.309858,0,0
/mnt/h200_dataset/saad/datasets/images/ancestree/ReWIND/0_real/viral_bfree/REAL/FrHge_2agAAMNVw/img01603.jpg,0.397295,0,0
/mnt/h200_dataset/saad/datasets/images/ancestree/ReWIND/0_real/viral_bfree/REAL/FrHge_2agAAMNVw/img01709.jpg,0.211661,0,0
/mnt/h200_dataset/saad/datasets/images/ancestree/ReWIND/0_real/viral_bfree/REAL/FrHge_2agAAMNVw/img01682.jpg,0.506479,1,0
/mnt/h200_dataset/saad/datasets/images/ancestree/ReWIND/0_real/viral_bfree/REAL/FrHge_2agAAMNVw/img01624.jpg,0.534506,1,0
/mnt/h200_dataset/saad/datasets/images/ancestree/ReWIND/0_real/viral_bfree/REAL/FrHge_2agAAMNVw/img01751.jpg,0.389982,0,0
/mnt/h200_dataset/saad/datasets/images/ancestree/ReWIND/0_real/viral_bfree/REAL/FrHge_2agAAMNVw/img01903.jpg,0.283732,0,0
/mnt/h200_dataset/saad/datasets/images/ancestree/ReWIND/0_real/viral_bfree/REAL/FrHge_2agAAMNVw/img01615.jpg,0.183447,0,0
/mnt/h200_dataset/saad/datasets/images/ancestree/ReWIND/0_real/viral_bfree/REAL/FrHge_2agAAMNVw/img01805.jpg,0.274886,0,0
/mnt/h200_dataset/saad/datasets/images/ancestree/ReWIND/0_real/viral_bfree/REAL/FrHge_2agAAMNVw/img01617.jpg,0.132739,0,0
/mnt/h200_dataset/saad/datasets/images/ancestree/ReWIND/0_real/viral_bfree/REAL/FrHge_2agAAMNVw/img01982.jpg,0.172799,0,0
/mnt/h200_dataset/saad/datasets/images/ancestree/ReWIND/0_real/viral_bfree/REAL/FrHge_2agAAMNVw/img01696.jpg,0.316633,0,0
/mnt/h200_dataset/saad/datasets/images/ancestree/ReWIND/0_real/viral_bfree/REAL/FrHge_2agAAMNVw/img01967.jpg,0.272266,0,0
/mnt/h200_dataset/saad/datasets/images/ancestree/ReWIND/0_real/viral_bfree/REAL/FrHge_2agAAMNVw/img01612.jpg,0.376222,0,0
/mnt/h200_dataset/saad/datasets/images/ancestree/ReWIND/0_real/viral_bfree/REAL/FrHge_2agAAMNVw/img01947.jpg,0.262275,0,0
/mnt/h200_dataset/saad/datasets/images/ancestree/ReWIND/0_real/viral_bfree/REAL/FrHge_2agAAMNVw/img01902.jpg,0.343892,0,0
/mnt/h200_dataset/saad/datasets/images/ancestree/ReWIND/0_real/viral_bfree/REAL/FrHge_2agAAMNVw/img01607.jpg,0.120439,0,0
/mnt/h200_dataset/saad/datasets/images/ancestree/ReWIND/0_real/viral_bfree/REAL/FrHge_2agAAMNVw/img01905.jpg,0.369258,0,0
/mnt/h200_dataset/saad/datasets/images/ancestree/ReWIND/0_real/viral_bfree/REAL/FrHge_2agAAMNVw/img01720.jpg,0.468426,0,0
/mnt/h200_dataset/saad/datasets/images/ancestree/ReWIND/0_real/viral_bfree/REAL/FrHge_2agAAMNVw/img01785.jpg,0.515151,1,0
/mnt/h200_dataset/saad/datasets/images/ancestree/ReWIND/0_real/viral_bfree/REAL/FrHge_2agAAMNVw/img01726.jpg,0.113678,0,0
/mnt/h200_dataset/saad/datasets/images/ancestree/ReWIND/0_real/viral_bfree/REAL/FrHge_2agAAMNVw/img01763.webp,0.410018,0,0
/mnt/h200_dataset/saad/datasets/images/ancestree/ReWIND/0_real/viral_bfree/REAL/FrHge_2agAAMNVw/img01999.jpg,0.140454,0,0
/mnt/h200_dataset/saad/datasets/images/ancestree/ReWIND/0_real/viral_bfree/REAL/FrHge_2agAAMNVw/img01608.jpg,0.137822,0,0
/mnt/h200_dataset/saad/datasets/images/ancestree/ReWIND/0_real/viral_bfree/REAL/FrHge_2agAAMNVw/img01670.webp,0.108283,0,0
/mnt/h200_dataset/saad/datasets/images/ancestree/ReWIND/0_real/viral_bfree/REAL/FrHge_2agAAMNVw/img01663.jpg,0.235812,0,0
/mnt/h200_dataset/saad/datasets/images/ancestree/ReWIND/0_real/viral_bfree/REAL/FrHge_2agAAMNVw/img01857.jpg,0.465175,0,0
/mnt/h200_dataset/saad/datasets/images/ancestree/ReWIND/0_real/viral_bfree/REAL/FrHge_2agAAMNVw/img02003.jpg,0.149221,0,0
/mnt/h200_dataset/saad/datasets/images/ancestree/ReWIND/0_real/viral_bfree/REAL/FrHge_2agAAMNVw/img01883.jpg,0.383439,0,0
/mnt/h200_dataset/saad/datasets/images/ancestree/ReWIND/0_real/viral_bfree/REAL/FrHge_2agAAMNVw/img01864.jpg,0.392395,0,0
/mnt/h200_dataset/saad/datasets/images/ancestree/ReWIND/0_real/viral_bfree/REAL/FrHge_2agAAMNVw/img01927.jpg,0.192388,0,0
/mnt/h200_dataset/saad/datasets/images/ancestree/ReWIND/0_real/viral_bfree/REAL/FrHge_2agAAMNVw/img02004.jpg,0.093512,0,0
/mnt/h200_dataset/saad/datasets/images/ancestree/ReWIND/0_real/viral_bfree/REAL/FrHge_2agAAMNVw/img01714.jpg,0.521266,1,0
/mnt/h200_dataset/saad/datasets/images/ancestree/ReWIND/0_real/viral_bfree/REAL/FrHge_2agAAMNVw/img01890.jpg,0.312632,0,0
/mnt/h200_dataset/saad/datasets/images/ancestree/ReWIND/0_real/viral_bfree/REAL/FrHge_2agAAMNVw/img01671.jpg,0.529058,1,0
/mnt/h200_dataset/saad/datasets/images/ancestree/ReWIND/0_real/viral_bfree/REAL/FrHge_2agAAMNVw/img01988.jpg,0.243103,0,0
/mnt/h200_dataset/saad/datasets/images/ancestree/ReWIND/0_real/viral_bfree/REAL/FrHge_2agAAMNVw/img01873.jpg,0.342407,0,0
/mnt/h200_dataset/saad/datasets/images/ancestree/ReWIND/0_real/viral_bfree/REAL/FrHge_2agAAMNVw/img01813.jpg,0.126569,0,0
/mnt/h200_dataset/saad/datasets/images/ancestree/ReWIND/0_real/viral_bfree/REAL/FrHge_2agAAMNVw/img01674.jpg,0.079567,0,0
/mnt/h200_dataset/saad/datasets/images/ancestree/ReWIND/0_real/viral_bfree/REAL/FrHge_2agAAMNVw/img01778.jpg,0.40698,0,0
/mnt/h200_dataset/saad/datasets/images/ancestree/ReWIND/0_real/viral_bfree/REAL/FrHge_2agAAMNVw/img01643.jpg,0.506479,1,0
/mnt/h200_dataset/saad/datasets/images/ancestree/ReWIND/0_real/viral_bfree/REAL/FrHge_2agAAMNVw/img01766.jpg,0.326647,0,0
/mnt/h200_dataset/saad/datasets/images/ancestree/ReWIND/0_real/viral_bfree/REAL/FrHge_2agAAMNVw/img01921.jpg,0.172869,0,0
/mnt/h200_dataset/saad/datasets/images/ancestree/ReWIND/0_real/viral_bfree/REAL/FrHge_2agAAMNVw/img01991.jpg,0.107157,0,0
/mnt/h200_dataset/saad/datasets/images/ancestree/ReWIND/0_real/viral_bfree/REAL/FrHge_2agAAMNVw/img01989.jpg,0.283583,0,0
/mnt/h200_dataset/saad/datasets/images/ancestree/ReWIND/0_real/viral_bfree/REAL/FrHge_2agAAMNVw/img01724.jpg,0.360658,0,0
/mnt/h200_dataset/saad/datasets/images/ancestree/ReWIND/0_real/viral_bfree/REAL/FrHge_2agAAMNVw/img02002.jpg,0.095941,0,0
/mnt/h200_dataset/saad/datasets/images/ancestree/ReWIND/0_real/viral_bfree/REAL/FrHge_2agAAMNVw/img01755.jpg,0.278012,0,0
/mnt/h200_dataset/saad/datasets/images/ancestree/ReWIND/0_real/viral_bfree/REAL/FrHge_2agAAMNVw/img01961.jpg,0.176317,0,0
/mnt/h200_dataset/saad/datasets/images/ancestree/ReWIND/0_real/viral_bfree/REAL/FrHge_2agAAMNVw/img01942.jpg,0.14978,0,0
/mnt/h200_dataset/saad/datasets/images/ancestree/ReWIND/0_real/viral_bfree/REAL/FrHge_2agAAMNVw/img01754.jpg,0.371878,0,0
/mnt/h200_dataset/saad/datasets/images/ancestree/ReWIND/0_real/viral_bfree/REAL/FrHge_2agAAMNVw/img01796.jpg,0.207455,0,0
/mnt/h200_dataset/saad/datasets/images/ancestree/ReWIND/0_real/viral_bfree/REAL/FrHge_2agAAMNVw/img01655.jpg,0.474631,0,0
/mnt/h200_dataset/saad/datasets/images/ancestree/ReWIND/0_real/viral_bfree/REAL/FrHge_2agAAMNVw/img01922.jpg,0.369543,0,0
/mnt/h200_dataset/saad/datasets/images/ancestree/ReWIND/0_real/viral_bfree/REAL/FrHge_2agAAMNVw/img01984.jpg,0.220259,0,0
/mnt/h200_dataset/saad/datasets/images/ancestree/ReWIND/0_real/viral_bfree/REAL/FrHge_2agAAMNVw/img01752.jpg,0.39867,0,0
/mnt/h200_dataset/saad/datasets/images/ancestree/ReWIND/0_real/viral_bfree/REAL/FrHge_2agAAMNVw/img01636.jpg,0.437914,0,0
/mnt/h200_dataset/saad/datasets/images/ancestree/ReWIND/0_real/viral_bfree/REAL/FrHge_2agAAMNVw/img01963.jpg,0.339882,0,0
/mnt/h200_dataset/saad/datasets/images/ancestree/ReWIND/0_real/viral_bfree/REAL/FrHge_2agAAMNVw/img01665.jpg,0.077169,0,0
/mnt/h200_dataset/saad/datasets/images/ancestree/ReWIND/0_real/viral_bfree/REAL/FrHge_2agAAMNVw/img01885.jpg,0.29083,0,0
/mnt/h200_dataset/saad/datasets/images/ancestree/ReWIND/0_real/viral_bfree/REAL/FrHge_2agAAMNVw/img01891.jpg,0.412293,0,0
/mnt/h200_dataset/saad/datasets/images/ancestree/ReWIND/0_real/viral_bfree/REAL/FrHge_2agAAMNVw/img01914.jpg,0.270288,0,0
/mnt/h200_dataset/saad/datasets/images/ancestree/ReWIND/0_real/viral_bfree/REAL/FrHge_2agAAMNVw/img01726.webp,0.28577,0,0
/mnt/h200_dataset/saad/datasets/images/ancestree/ReWIND/0_real/viral_bfree/REAL/FrHge_2agAAMNVw/img01924.jpg,0.242026,0,0
/mnt/h200_dataset/saad/datasets/images/ancestree/ReWIND/0_real/viral_bfree/REAL/FrHge_2agAAMNVw/img01846.jpg,0.174199,0,0
/mnt/h200_dataset/saad/datasets/images/ancestree/ReWIND/0_real/viral_bfree/REAL/FrHge_2agAAMNVw/img01779.jpg,0.512788,1,0
/mnt/h200_dataset/saad/datasets/images/ancestree/ReWIND/0_real/viral_bfree/REAL/FrHge_2agAAMNVw/img01702.jpg,0.300181,0,0
/mnt/h200_dataset/saad/datasets/images/ancestree/ReWIND/0_real/viral_bfree/REAL/FrHge_2agAAMNVw/img01932.jpg,0.28602,0,0
/mnt/h200_dataset/saad/datasets/images/ancestree/ReWIND/0_real/viral_bfree/REAL/FrHge_2agAAMNVw/img01938.jpg,0.199698,0,0
/mnt/h200_dataset/saad/datasets/images/ancestree/ReWIND/0_real/viral_bfree/REAL/FrHge_2agAAMNVw/img01884.jpg,0.341912,0,0
/mnt/h200_dataset/saad/datasets/images/ancestree/ReWIND/0_real/viral_bfree/REAL/FrHge_2agAAMNVw/img01870.jpg,0.442561,0,0
/mnt/h200_dataset/saad/datasets/images/ancestree/ReWIND/0_real/viral_bfree/REAL/FrHge_2agAAMNVw/img01955.jpg,0.197058,0,0
/mnt/h200_dataset/saad/datasets/images/ancestree/ReWIND/0_real/viral_bfree/REAL/FrHge_2agAAMNVw/img01975.jpg,0.266835,0,0
/mnt/h200_dataset/saad/datasets/images/ancestree/ReWIND/0_real/viral_bfree/REAL/FrHge_2agAAMNVw/img01908.jpg,0.242295,0,0
/mnt/h200_dataset/saad/datasets/images/ancestree/ReWIND/0_real/viral_bfree/REAL/FrHge_2agAAMNVw/img01762.jpg,0.593167,1,0
/mnt/h200_dataset/saad/datasets/images/ancestree/ReWIND/0_real/viral_bfree/REAL/FrHge_2agAAMNVw/img01911.jpg,0.252292,0,0
/mnt/h200_dataset/saad/datasets/images/ancestree/ReWIND/0_real/viral_bfree/REAL/FrHge_2agAAMNVw/img01604.jpg,0.137822,0,0
/mnt/h200_dataset/saad/datasets/images/ancestree/ReWIND/0_real/viral_bfree/REAL/FrHge_2agAAMNVw/img01725.jpg,0.342022,0,0
/mnt/h200_dataset/saad/datasets/images/ancestree/ReWIND/0_real/viral_bfree/REAL/FrHge_2agAAMNVw/img01881.jpg,0.359645,0,0
/mnt/h200_dataset/saad/datasets/images/ancestree/ReWIND/0_real/viral_bfree/REAL/FrHge_2agAAMNVw/img01867.jpg,0.405155,0,0
/mnt/h200_dataset/saad/datasets/images/ancestree/ReWIND/0_real/viral_bfree/REAL/FrHge_2agAAMNVw/img01717.webp,0.282345,0,0
/mnt/h200_dataset/saad/datasets/images/ancestree/ReWIND/0_real/viral_bfree/REAL/FrHge_2agAAMNVw/img01642.jpg,0.522202,1,0
/mnt/h200_dataset/saad/datasets/images/ancestree/ReWIND/0_real/viral_bfree/REAL/FrHge_2agAAMNVw/img01793.jpg,0.590218,1,0
/mnt/h200_dataset/saad/datasets/images/ancestree/ReWIND/0_real/viral_bfree/REAL/FrHge_2agAAMNVw/img01625.jpg,0.436472,0,0
/mnt/h200_dataset/saad/datasets/images/ancestree/ReWIND/0_real/viral_bfree/REAL/FrHge_2agAAMNVw/img01715.jpg,0.418162,0,0
/mnt/h200_dataset/saad/datasets/images/ancestree/ReWIND/0_real/viral_bfree/REAL/FrHge_2agAAMNVw/img01812.jpg,0.239438,0,0
/mnt/h200_dataset/saad/datasets/images/ancestree/ReWIND/0_real/viral_bfree/REAL/FrHge_2agAAMNVw/img01666.jpg,0.254046,0,0
/mnt/h200_dataset/saad/datasets/images/ancestree/ReWIND/0_real/viral_bfree/REAL/FrHge_2agAAMNVw/img01962.jpg,0.316528,0,0
/mnt/h200_dataset/saad/datasets/images/ancestree/ReWIND/0_real/viral_bfree/REAL/FrHge_2agAAMNVw/img01650.jpg,0.37222,0,0
/mnt/h200_dataset/saad/datasets/images/ancestree/ReWIND/0_real/viral_bfree/REAL/FrHge_2agAAMNVw/img01897.jpg,0.169269,0,0
/mnt/h200_dataset/saad/datasets/images/ancestree/ReWIND/0_real/viral_bfree/REAL/FrHge_2agAAMNVw/img01704.jpg,0.089694,0,0
/mnt/h200_dataset/saad/datasets/images/ancestree/ReWIND/0_real/viral_bfree/REAL/FrHge_2agAAMNVw/img01952.jpg,0.222278,0,0
/mnt/h200_dataset/saad/datasets/images/ancestree/ReWIND/0_real/viral_bfree/REAL/FrHge_2agAAMNVw/img01929.jpg,0.287368,0,0
/mnt/h200_dataset/saad/datasets/images/ancestree/ReWIND/0_real/viral_bfree/REAL/FrHge_2agAAMNVw/img01917.jpg,0.259356,0,0
/mnt/h200_dataset/saad/datasets/images/ancestree/ReWIND/0_real/viral_bfree/REAL/FrHge_2agAAMNVw/img01621.jpg,0.113285,0,0
/mnt/h200_dataset/saad/datasets/images/ancestree/ReWIND/0_real/viral_bfree/REAL/FrHge_2agAAMNVw/img01637.jpg,0.375306,0,0
/mnt/h200_dataset/saad/datasets/images/ancestree/ReWIND/0_real/viral_bfree/REAL/FrHge_2agAAMNVw/img01950.jpg,0.294469,0,0
/mnt/h200_dataset/saad/datasets/images/ancestree/ReWIND/0_real/viral_bfree/REAL/FrHge_2agAAMNVw/img01998.jpg,0.171546,0,0
/mnt/h200_dataset/saad/datasets/images/ancestree/ReWIND/0_real/viral_bfree/REAL/FrHge_2agAAMNVw/img01652.jpg,0.351979,0,0
/mnt/h200_dataset/saad/datasets/images/ancestree/ReWIND/0_real/viral_bfree/REAL/FrHge_2agAAMNVw/img01941.jpg,0.140336,0,0
/mnt/h200_dataset/saad/datasets/images/ancestree/ReWIND/0_real/viral_bfree/REAL/FrHge_2agAAMNVw/img01931.jpg,0.323754,0,0
/mnt/h200_dataset/saad/datasets/images/ancestree/ReWIND/0_real/viral_bfree/REAL/FrHge_2agAAMNVw/img01859.jpg,0.373933,0,0
/mnt/h200_dataset/saad/datasets/images/ancestree/ReWIND/0_real/viral_bfree/REAL/FrHge_2agAAMNVw/img01910.jpg,0.332202,0,0
/mnt/h200_dataset/saad/datasets/images/ancestree/ReWIND/0_real/viral_bfree/REAL/FrHge_2agAAMNVw/img01918.jpg,0.302855,0,0
/mnt/h200_dataset/saad/datasets/images/ancestree/ReWIND/0_real/viral_bfree/REAL/FrHge_2agAAMNVw/img01632.jpg,0.477311,0,0
/mnt/h200_dataset/saad/datasets/images/ancestree/ReWIND/0_real/viral_bfree/REAL/FrHge_2agAAMNVw/img01966.jpg,0.244995,0,0
/mnt/h200_dataset/saad/datasets/images/ancestree/ReWIND/0_real/viral_bfree/REAL/FrHge_2agAAMNVw/img01985.jpg,0.280814,0,0
/mnt/h200_dataset/saad/datasets/images/ancestree/ReWIND/0_real/viral_bfree/REAL/FrHge_2agAAMNVw/img01937.jpg,0.178741,0,0
/mnt/h200_dataset/saad/datasets/images/ancestree/ReWIND/0_real/viral_bfree/REAL/FrHge_2agAAMNVw/img01875.jpg,0.221856,0,0
/mnt/h200_dataset/saad/datasets/images/ancestree/ReWIND/0_real/viral_bfree/REAL/FrHge_2agAAMNVw/img01853.webp,0.422803,0,0
/mnt/h200_dataset/saad/datasets/images/ancestree/ReWIND/0_real/viral_bfree/REAL/FrHge_2agAAMNVw/img01792.jpg,0.103295,0,0
/mnt/h200_dataset/saad/datasets/images/ancestree/ReWIND/0_real/viral_bfree/REAL/FrHge_2agAAMNVw/img01935.jpg,0.312003,0,0
/mnt/h200_dataset/saad/datasets/images/ancestree/ReWIND/0_real/viral_bfree/REAL/FrHge_2agAAMNVw/img01622.jpg,0.480662,0,0
/mnt/h200_dataset/saad/datasets/images/ancestree/ReWIND/0_real/viral_bfree/REAL/FrHge_2agAAMNVw/img01623.jpg,0.573858,1,0
/mnt/h200_dataset/saad/datasets/images/ancestree/ReWIND/0_real/viral_bfree/REAL/FrHge_2agAAMNVw/img01753.jpg,0.308346,0,0
/mnt/h200_dataset/saad/datasets/images/ancestree/ReWIND/0_real/viral_bfree/REAL/FrHge_2agAAMNVw/img01898.jpg,0.443947,0,0
/mnt/h200_dataset/saad/datasets/images/ancestree/ReWIND/0_real/viral_bfree/REAL/FrHge_2agAAMNVw/img01886.jpg,0.368235,0,0
/mnt/h200_dataset/saad/datasets/images/ancestree/ReWIND/0_real/viral_bfree/REAL/FrHge_2agAAMNVw/img01688.jpg,0.342847,0,0
/mnt/h200_dataset/saad/datasets/images/ancestree/ReWIND/0_real/viral_bfree/REAL/FrHge_2agAAMNVw/img01809.jpg,0.269854,0,0
/mnt/h200_dataset/saad/datasets/images/ancestree/ReWIND/0_real/viral_bfree/REAL/FrHge_2agAAMNVw/img01900.jpg,0.417687,0,0
/mnt/h200_dataset/saad/datasets/images/ancestree/ReWIND/0_real/viral_bfree/REAL/FrHge_2agAAMNVw/img01610.jpg,0.218503,0,0
/mnt/h200_dataset/saad/datasets/images/ancestree/ReWIND/0_real/viral_bfree/REAL/FrHge_2agAAMNVw/img01992.jpg,0.160397,0,0
/mnt/h200_dataset/saad/datasets/images/ancestree/ReWIND/0_real/viral_bfree/REAL/FrHge_2agAAMNVw/img01760.jpg,0.384219,0,0
/mnt/h200_dataset/saad/datasets/images/ancestree/ReWIND/0_real/viral_bfree/REAL/FrHge_2agAAMNVw/img01877.jpg,0.207857,0,0
/mnt/h200_dataset/saad/datasets/images/ancestree/ReWIND/0_real/viral_bfree/REAL/FrHge_2agAAMNVw/img02000.jpg,0.147432,0,0
/mnt/h200_dataset/saad/datasets/images/ancestree/ReWIND/0_real/viral_bfree/REAL/FrHge_2agAAMNVw/img01920.jpg,0.325145,0,0
/mnt/h200_dataset/saad/datasets/images/ancestree/ReWIND/0_real/viral_bfree/REAL/FrHge_2agAAMNVw/img01972.jpg,0.293556,0,0
/mnt/h200_dataset/saad/datasets/images/ancestree/ReWIND/0_real/viral_bfree/REAL/FrHge_2agAAMNVw/img01990.jpg,0.229794,0,0
/mnt/h200_dataset/saad/datasets/images/ancestree/ReWIND/0_real/viral_bfree/REAL/FrHge_2agAAMNVw/img01673.jpg,0.470197,0,0
/mnt/h200_dataset/saad/datasets/images/ancestree/ReWIND/0_real/viral_bfree/REAL/FrHge_2agAAMNVw/img01708.webp,0.455562,0,0
/mnt/h200_dataset/saad/datasets/images/ancestree/ReWIND/0_real/viral_bfree/REAL/FrHge_2agAAMNVw/img01703.jpg,0.407216,0,0
/mnt/h200_dataset/saad/datasets/images/ancestree/ReWIND/0_real/viral_bfree/REAL/FrHge_2agAAMNVw/img01936.jpg,0.223971,0,0
/mnt/h200_dataset/saad/datasets/images/ancestree/ReWIND/0_real/viral_bfree/REAL/FrHge_2agAAMNVw/img01968.jpg,0.291334,0,0
/mnt/h200_dataset/saad/datasets/images/ancestree/ReWIND/0_real/viral_bfree/REAL/FrHge_2agAAMNVw/img01943.jpg,0.340321,0,0
/mnt/h200_dataset/saad/datasets/images/ancestree/ReWIND/0_real/viral_bfree/REAL/FrHge_2agAAMNVw/img01647.jpg,0.468183,0,0
/mnt/h200_dataset/saad/datasets/images/ancestree/ReWIND/0_real/viral_bfree/REAL/FrHge_2agAAMNVw/img01939.jpg,0.192539,0,0
/mnt/h200_dataset/saad/datasets/images/ancestree/ReWIND/0_real/viral_bfree/REAL/FrHge_2agAAMNVw/img01629.jpg,0.355271,0,0
/mnt/h200_dataset/saad/datasets/images/ancestree/ReWIND/0_real/viral_bfree/REAL/FrHge_2agAAMNVw/img01946.webp,0.323327,0,0
/mnt/h200_dataset/saad/datasets/images/ancestree/ReWIND/0_real/viral_bfree/REAL/FrHge_2agAAMNVw/img01781.jpg,0.466572,0,0
/mnt/h200_dataset/saad/datasets/images/ancestree/ReWIND/0_real/viral_bfree/REAL/FrHge_2agAAMNVw/img01698.jpg,0.23092,0,0
/mnt/h200_dataset/saad/datasets/images/ancestree/ReWIND/0_real/viral_bfree/REAL/FrHge_2agAAMNVw/img01640.jpg,0.268749,0,0
/mnt/h200_dataset/saad/datasets/images/ancestree/ReWIND/0_real/viral_bfree/REAL/FrHge_2agAAMNVw/img01878.jpg,0.237399,0,0
/mnt/h200_dataset/saad/datasets/images/ancestree/ReWIND/0_real/viral_bfree/REAL/FrHge_2agAAMNVw/img01807.jpg,0.309702,0,0
/mnt/h200_dataset/saad/datasets/images/ancestree/ReWIND/0_real/viral_bfree/REAL/FrHge_2agAAMNVw/img01909.jpg,0.260672,0,0
/mnt/h200_dataset/saad/datasets/images/ancestree/ReWIND/0_real/viral_bfree/REAL/FrHge_2agAAMNVw/img01856.jpg,0.419232,0,0
/mnt/h200_dataset/saad/datasets/images/ancestree/ReWIND/0_real/viral_bfree/REAL/FrHge_2agAAMNVw/img01692.jpg,0.413122,0,0
/mnt/h200_dataset/saad/datasets/images/ancestree/ReWIND/0_real/viral_bfree/REAL/FrHge_2agAAMNVw/img01983.jpg,0.116865,0,0
/mnt/h200_dataset/saad/datasets/images/ancestree/ReWIND/0_real/viral_bfree/REAL/FrHge_2agAAMNVw/img01971.jpg,0.253954,0,0
/mnt/h200_dataset/saad/datasets/images/ancestree/ReWIND/0_real/viral_bfree/REAL/FrHge_2agAAMNVw/img01916.webp,0.413418,0,0
/mnt/h200_dataset/saad/datasets/images/ancestree/ReWIND/0_real/viral_bfree/REAL/FrHge_2agAAMNVw/img01820.jpg,0.2359,0,0
/mnt/h200_dataset/saad/datasets/images/ancestree/ReWIND/0_real/viral_bfree/REAL/FrHge_2agAAMNVw/img01691.jpg,0.409309,0,0
/mnt/h200_dataset/saad/datasets/images/ancestree/ReWIND/0_real/viral_bfree/REAL/FrHge_2agAAMNVw/img01869.jpg,0.338077,0,0
/mnt/h200_dataset/saad/datasets/images/ancestree/ReWIND/0_real/viral_bfree/REAL/FrHge_2agAAMNVw/img01871.jpg,0.344168,0,0
/mnt/h200_dataset/saad/datasets/images/ancestree/ReWIND/0_real/viral_bfree/REAL/FrHge_2agAAMNVw/img01923.jpg,0.151153,0,0
/mnt/h200_dataset/saad/datasets/images/ancestree/ReWIND/0_real/viral_bfree/REAL/FrHge_2agAAMNVw/img01677.jpg,0.391871,0,0
/mnt/h200_dataset/saad/datasets/images/ancestree/ReWIND/0_real/viral_bfree/REAL/FrHge_2agAAMNVw/img01628.jpg,0.350699,0,0
/mnt/h200_dataset/saad/datasets/images/ancestree/ReWIND/0_real/viral_bfree/REAL/FrHge_2agAAMNVw/img01976.jpg,0.238639,0,0
/mnt/h200_dataset/saad/datasets/images/ancestree/ReWIND/0_real/viral_bfree/REAL/FrHge_2agAAMNVw/img01879.jpg,0.246987,0,0
/mnt/h200_dataset/saad/datasets/images/ancestree/ReWIND/0_real/viral_bfree/REAL/FrHge_2agAAMNVw/img01907.jpg,0.402744,0,0
/mnt/h200_dataset/saad/datasets/images/ancestree/ReWIND/0_real/viral_bfree/REAL/FrHge_2agAAMNVw/img01876.jpg,0.178956,0,0
/mnt/h200_dataset/saad/datasets/images/ancestree/ReWIND/0_real/viral_bfree/REAL/FrHge_2agAAMNVw/img01722.jpg,0.455426,0,0
/mnt/h200_dataset/saad/datasets/images/ancestree/ReWIND/0_real/viral_bfree/REAL/FrHge_2agAAMNVw/img01804.webp,0.318856,0,0
/mnt/h200_dataset/saad/datasets/images/ancestree/ReWIND/0_real/viral_bfree/REAL/FrHge_2agAAMNVw/img01987.jpg,0.4231,0,0
/mnt/h200_dataset/saad/datasets/images/ancestree/ReWIND/0_real/viral_bfree/REAL/FrHge_2agAAMNVw/img01649.jpg,0.133754,0,0
/mnt/h200_dataset/saad/datasets/images/ancestree/ReWIND/0_real/viral_bfree/REAL/FrHge_2agAAMNVw/img02001.jpg,0.266262,0,0
/mnt/h200_dataset/saad/datasets/images/ancestree/ReWIND/0_real/viral_bfree/REAL/FrHge_2agAAMNVw/img01658.jpg,0.403567,0,0
/mnt/h200_dataset/saad/datasets/images/ancestree/ReWIND/0_real/viral_bfree/REAL/FrHge_2agAAMNVw/img01993.jpg,0.295687,0,0
/mnt/h200_dataset/saad/datasets/images/ancestree/ReWIND/0_real/viral_bfree/REAL/FrHge_2agAAMNVw/img01855.jpg,0.436262,0,0
/mnt/h200_dataset/saad/datasets/images/ancestree/ReWIND/0_real/viral_bfree/REAL/FrHge_2agAAMNVw/img01913.jpg,0.262464,0,0
/mnt/h200_dataset/saad/datasets/images/ancestree/ReWIND/0_real/viral_bfree/REAL/FrHge_2agAAMNVw/img01882.jpg,0.388937,0,0
/mnt/h200_dataset/saad/datasets/images/ancestree/ReWIND/0_real/viral_bfree/REAL/FrHge_2agAAMNVw/img01631.jpg,0.445107,0,0
/mnt/h200_dataset/saad/datasets/images/ancestree/ReWIND/0_real/viral_bfree/REAL/FrHge_2agAAMNVw/img01951.jpg,0.216094,0,0
/mnt/h200_dataset/saad/datasets/images/ancestree/ReWIND/0_real/viral_bfree/REAL/FrHge_2agAAMNVw/img01854.jpg,0.509734,1,0
/mnt/h200_dataset/saad/datasets/images/ancestree/ReWIND/0_real/viral_bfree/REAL/FrHge_2agAAMNVw/img01980.jpg,0.110088,0,0
/mnt/h200_dataset/saad/datasets/images/ancestree/ReWIND/0_real/viral_bfree/REAL/FrHge_2agAAMNVw/img01866.jpg,0.358409,0,0
/mnt/h200_dataset/saad/datasets/images/ancestree/ReWIND/0_real/viral_bfree/REAL/FrHge_2agAAMNVw/img01761.jpg,0.521791,1,0
/mnt/h200_dataset/saad/datasets/images/ancestree/ReWIND/0_real/viral_bfree/REAL/FrHge_2agAAMNVw/img01609.jpg,0.18396,0,0
/mnt/h200_dataset/saad/datasets/images/ancestree/ReWIND/0_real/viral_bfree/REAL/FrHge_2agAAMNVw/img01945.jpg,0.160661,0,0
/mnt/h200_dataset/saad/datasets/images/ancestree/ReWIND/0_real/viral_bfree/REAL/FrHge_2agAAMNVw/img01646.jpg,0.166269,0,0
/mnt/h200_dataset/saad/datasets/images/ancestree/ReWIND/0_real/viral_bfree/REAL/FrHge_2agAAMNVw/img01958.jpg,0.317373,0,0
/mnt/h200_dataset/saad/datasets/images/ancestree/ReWIND/0_real/viral_bfree/REAL/FrHge_2agAAMNVw/img01970.jpg,0.122104,0,0
/mnt/h200_dataset/saad/datasets/images/ancestree/ReWIND/0_real/viral_bfree/REAL/FrHge_2agAAMNVw/img01862.webp,0.439402,0,0
/mnt/h200_dataset/saad/datasets/images/ancestree/ReWIND/0_real/viral_bfree/REAL/FrHge_2agAAMNVw/img01953.jpg,0.308555,0,0
/mnt/h200_dataset/saad/datasets/images/ancestree/ReWIND/0_real/viral_bfree/REAL/FrHge_2agAAMNVw/img01763.jpg,0.527355,1,0
/mnt/h200_dataset/saad/datasets/images/ancestree/ReWIND/0_real/viral_bfree/REAL/FrHge_2agAAMNVw/img01892.jpg,0.32354,0,0
/mnt/h200_dataset/saad/datasets/images/ancestree/ReWIND/0_real/viral_bfree/REAL/FrHge_2agAAMNVw/img01817.jpg,0.427875,0,0
/mnt/h200_dataset/saad/datasets/images/ancestree/ReWIND/0_real/viral_bfree/REAL/FrHge_2agAAMNVw/img01928.jpg,0.366646,0,0
/mnt/h200_dataset/saad/datasets/images/ancestree/ReWIND/0_real/viral_bfree/REAL/FrHge_2agAAMNVw/img01895.jpg,0.410106,0,0
/mnt/h200_dataset/saad/datasets/images/ancestree/ReWIND/0_real/viral_bfree/REAL/FrHge_2agAAMNVw/img01901.jpg,0.332148,0,0
/mnt/h200_dataset/saad/datasets/images/ancestree/ReWIND/0_real/viral_bfree/REAL/FrHge_2agAAMNVw/img01611.jpg,0.204183,0,0
/mnt/h200_dataset/saad/datasets/images/ancestree/ReWIND/0_real/viral_bfree/REAL/FrHge_2agAAMNVw/img01808.jpg,0.319918,0,0
/mnt/h200_dataset/saad/datasets/images/ancestree/ReWIND/0_real/viral_bfree/REAL/FrHge_2agAAMNVw/img01616.jpg,0.098512,0,0
/mnt/h200_dataset/saad/datasets/images/ancestree/ReWIND/0_real/viral_bfree/REAL/FrHge_2agAAMNVw/img01818.jpg,0.401981,0,0
/mnt/h200_dataset/saad/datasets/images/ancestree/ReWIND/0_real/viral_bfree/REAL/FrHge_2agAAMNVw/img01801.jpg,0.269133,0,0
/mnt/h200_dataset/saad/datasets/images/ancestree/ReWIND/0_real/viral_bfree/REAL/FrHge_2agAAMNVw/img01981.png,0.327615,0,0
/mnt/h200_dataset/saad/datasets/images/ancestree/ReWIND/0_real/viral_bfree/REAL/FrHge_2agAAMNVw/img01619.jpg,0.47263,0,0
/mnt/h200_dataset/saad/datasets/images/ancestree/ReWIND/0_real/viral_bfree/REAL/FrHge_2agAAMNVw/img01874.jpg,0.342517,0,0
/mnt/h200_dataset/saad/datasets/images/ancestree/ReWIND/0_real/viral_bfree/REAL/FrHge_2agAAMNVw/img01896.jpg,0.220175,0,0
/mnt/h200_dataset/saad/datasets/images/ancestree/ReWIND/0_real/viral_bfree/REAL/FrHge_2agAAMNVw/img01915.jpg,0.328583,0,0
/mnt/h200_dataset/saad/datasets/images/ancestree/ReWIND/0_real/viral_bfree/REAL/FrHge_2agAAMNVw/img01816.jpg,0.444821,0,0
/mnt/h200_dataset/saad/datasets/images/ancestree/ReWIND/0_real/viral_bfree/REAL/FrHge_2agAAMNVw/img01701.webp,0.42322,0,0
/mnt/h200_dataset/saad/datasets/images/ancestree/ReWIND/0_real/viral_bfree/REAL/FrHge_2agAAMNVw/img01616.webp,0.103115,0,0
/mnt/h200_dataset/saad/datasets/images/ancestree/ReWIND/0_real/viral_bfree/REAL/FrHge_2agAAMNVw/img01887.png,0.520489,1,0
/mnt/h200_dataset/saad/datasets/images/ancestree/ReWIND/0_real/viral_bfree/REAL/FrHge_2agAAMNVw/img01634.jpg,0.452717,0,0
/mnt/h200_dataset/saad/datasets/images/ancestree/ReWIND/0_real/viral_bfree/REAL/FrHge_2agAAMNVw/img01977.jpg,0.222785,0,0
/mnt/h200_dataset/saad/datasets/images/ancestree/ReWIND/0_real/viral_bfree/REAL/FrHge_2agAAMNVw/img01710.jpg,0.225161,0,0
/mnt/h200_dataset/saad/datasets/images/ancestree/ReWIND/0_real/viral_bfree/REAL/FrHge_2agAAMNVw/img01960.jpg,0.315789,0,0
/mnt/h200_dataset/saad/datasets/images/ancestree/ReWIND/0_real/viral_bfree/REAL/FrHge_2agAAMNVw/img01654.jpg,0.43871,0,0
/mnt/h200_dataset/saad/datasets/images/ancestree/ReWIND/0_real/viral_bfree/REAL/FrHge_2agAAMNVw/img01997.jpg,0.143728,0,0
/mnt/h200_dataset/saad/datasets/images/ancestree/ReWIND/0_real/viral_bfree/REAL/FrHge_2agAAMNVw/img01626.jpg,0.129183,0,0
/mnt/h200_dataset/saad/datasets/images/ancestree/ReWIND/0_real/viral_bfree/REAL/FrHge_2agAAMNVw/img01773.jpg,0.443058,0,0
/mnt/h200_dataset/saad/datasets/images/ancestree/ReWIND/0_real/viral_bfree/REAL/FrHge_2agAAMNVw/img01699.jpg,0.200088,0,0
/mnt/h200_dataset/saad/datasets/images/ancestree/ReWIND/0_real/viral_bfree/REAL/FrHge_2agAAMNVw/img01729.jpg,0.444188,0,0
/mnt/h200_dataset/saad/datasets/images/ancestree/ReWIND/0_real/viral_bfree/REAL/FrHge_2agAAMNVw/img01606.jpg,0.131842,0,0
/mnt/h200_dataset/saad/datasets/images/ancestree/ReWIND/0_real/viral_bfree/REAL/FrHge_2agAAMNVw/img01860.jpg,0.408277,0,0
/mnt/h200_dataset/saad/datasets/images/ancestree/ReWIND/0_real/viral_bfree/REAL/FrHge_2agAAMNVw/img01768.jpg,0.185726,0,0
/mnt/h200_dataset/saad/datasets/images/ancestree/ReWIND/0_real/viral_bfree/REAL/FrHge_2agAAMNVw/img01957.webp,0.39528,0,0
/mnt/h200_dataset/saad/datasets/images/ancestree/ReWIND/0_real/viral_bfree/REAL/FrHge_2agAAMNVw/img01986.jpg,0.133981,0,0
/mnt/h200_dataset/saad/datasets/images/ancestree/ReWIND/0_real/viral_bfree/REAL/FrHge_2agAAMNVw/img01810.jpg,0.377713,0,0
/mnt/h200_dataset/saad/datasets/images/ancestree/ReWIND/0_real/viral_bfree/REAL/FrHge_2agAAMNVw/img01868.jpg,0.346154,0,0
/mnt/h200_dataset/saad/datasets/images/ancestree/ReWIND/0_real/viral_bfree/REAL/FrHge_2agAAMNVw/img01680.jpg,0.169337,0,0
/mnt/h200_dataset/saad/datasets/images/ancestree/ReWIND/0_real/viral_bfree/REAL/FrHge_2agAAMNVw/img01926.jpg,0.110952,0,0
/mnt/h200_dataset/saad/datasets/images/ancestree/ReWIND/0_real/viral_bfree/REAL/FrHge_2agAAMNVw/img01996.jpg,0.156685,0,0
/mnt/h200_dataset/saad/datasets/images/ancestree/ReWIND/0_real/viral_bfree/REAL/FrHge_2agAAMNVw/img01727.jpg,0.192388,0,0
/mnt/h200_dataset/saad/datasets/images/ancestree/ReWIND/0_real/viral_bfree/REAL/FrHge_2agAAMNVw/img01656.jpg,0.455744,0,0
/mnt/h200_dataset/saad/datasets/images/ancestree/ReWIND/0_real/viral_bfree/REAL/FrHge_2agAAMNVw/img01769.jpg,0.416085,0,0
/mnt/h200_dataset/saad/datasets/images/ancestree/ReWIND/0_real/viral_bfree/REAL/FrHge_2agAAMNVw/img01912.jpg,0.332419,0,0
/mnt/h200_dataset/saad/datasets/images/ancestree/ReWIND/0_real/viral_bfree/REAL/FrHge_2agAAMNVw/img01620.jpg,0.113285,0,0
/mnt/h200_dataset/saad/datasets/images/ancestree/ReWIND/0_real/viral_bfree/REAL/FrHge_2agAAMNVw/img01777.jpg,0.444384,0,0
/mnt/h200_dataset/saad/datasets/images/ancestree/ReWIND/0_real/viral_bfree/REAL/FrHge_2agAAMNVw/img01797.jpg,0.387285,0,0
/mnt/h200_dataset/saad/datasets/images/ancestree/ReWIND/0_real/viral_bfree/REAL/C5YT0pcWgAApyMc/img00179.jpg,0.545785,1,0
/mnt/h200_dataset/saad/datasets/images/ancestree/ReWIND/0_real/viral_bfree/REAL/C5YT0pcWgAApyMc/img00194.jpg,0.780244,1,0
/mnt/h200_dataset/saad/datasets/images/ancestree/ReWIND/0_real/viral_bfree/REAL/C5YT0pcWgAApyMc/img00192.jpg,0.824179,1,0
/mnt/h200_dataset/saad/datasets/images/ancestree/ReWIND/0_real/viral_bfree/REAL/C5YT0pcWgAApyMc/img00199.jpg,0.916335,1,0
/mnt/h200_dataset/saad/datasets/images/ancestree/ReWIND/0_real/viral_bfree/REAL/C5YT0pcWgAApyMc/img00190.jpg,0.774157,1,0
/mnt/h200_dataset/saad/datasets/images/ancestree/ReWIND/0_real/viral_bfree/REAL/C5YT0pcWgAApyMc/img00200.jpg,0.84891,1,0
/mnt/h200_dataset/saad/datasets/images/ancestree/ReWIND/0_real/viral_bfree/REAL/C5YT0pcWgAApyMc/img00178.png,0.908212,1,0
/mnt/h200_dataset/saad/datasets/images/ancestree/ReWIND/0_real/viral_bfree/REAL/C5YT0pcWgAApyMc/img00207.jpg,0.51076,1,0
/mnt/h200_dataset/saad/datasets/images/ancestree/ReWIND/0_real/viral_bfree/REAL/C5YT0pcWgAApyMc/img00182.jpg,0.493643,0,0
/mnt/h200_dataset/saad/datasets/images/ancestree/ReWIND/0_real/viral_bfree/REAL/C5YT0pcWgAApyMc/img00180.jpg,0.916335,1,0
/mnt/h200_dataset/saad/datasets/images/ancestree/ReWIND/0_real/viral_bfree/REAL/C5YT0pcWgAApyMc/img00189.jpg,0.785638,1,0
/mnt/h200_dataset/saad/datasets/images/ancestree/ReWIND/0_real/viral_bfree/REAL/C5YT0pcWgAApyMc/img00220.jpg,0.746601,1,0
/mnt/h200_dataset/saad/datasets/images/ancestree/ReWIND/0_real/viral_bfree/REAL/C5YT0pcWgAApyMc/img00185.jpg,0.861596,1,0
/mnt/h200_dataset/saad/datasets/images/ancestree/ReWIND/0_real/viral_bfree/REAL/C5YT0pcWgAApyMc/img00198.jpg,0.796213,1,0
/mnt/h200_dataset/saad/datasets/images/ancestree/ReWIND/0_real/viral_bfree/REAL/C5YT0pcWgAApyMc/img00202.jpg,0.890199,1,0
/mnt/h200_dataset/saad/datasets/images/ancestree/ReWIND/0_real/viral_bfree/REAL/C5YT0pcWgAApyMc/img00233.jpg,0.522385,1,0
/mnt/h200_dataset/saad/datasets/images/ancestree/ReWIND/0_real/viral_bfree/REAL/C5YT0pcWgAApyMc/img00211.jpg,0.904651,1,0
/mnt/h200_dataset/saad/datasets/images/ancestree/ReWIND/0_real/viral_bfree/REAL/C5YT0pcWgAApyMc/img00217.jpg,0.831349,1,0
/mnt/h200_dataset/saad/datasets/images/ancestree/ReWIND/0_real/viral_bfree/REAL/C5YT0pcWgAApyMc/img00188.jpg,0.796213,1,0
/mnt/h200_dataset/saad/datasets/images/ancestree/ReWIND/0_real/viral_bfree/REAL/C5YT0pcWgAApyMc/img00212.jpg,0.868102,1,0
/mnt/h200_dataset/saad/datasets/images/ancestree/ReWIND/0_real/viral_bfree/REAL/C5YT0pcWgAApyMc/img00201.jpg,0.755366,1,0
/mnt/h200_dataset/saad/datasets/images/ancestree/ReWIND/0_real/viral_bfree/REAL/C5YT0pcWgAApyMc/img00195.jpg,0.7773,1,0
/mnt/h200_dataset/saad/datasets/images/ancestree/ReWIND/0_real/viral_bfree/REAL/C5YT0pcWgAApyMc/img00204.png,0.90574,1,0
/mnt/h200_dataset/saad/datasets/images/ancestree/ReWIND/0_real/viral_bfree/REAL/C5YT0pcWgAApyMc/img00197.jpg,0.861596,1,0
/mnt/h200_dataset/saad/datasets/images/ancestree/ReWIND/0_real/viral_bfree/REAL/C5YT0pcWgAApyMc/img00191.jpg,0.785802,1,0
/mnt/h200_dataset/saad/datasets/images/ancestree/ReWIND/0_real/viral_bfree/REAL/C5YT0pcWgAApyMc/img00177.png,0.90574,1,0
/mnt/h200_dataset/saad/datasets/images/ancestree/ReWIND/0_real/viral_bfree/REAL/C5YT0pcWgAApyMc/img00210.png,0.905239,1,0
/mnt/h200_dataset/saad/datasets/images/ancestree/ReWIND/0_real/viral_bfree/REAL/C5YT0pcWgAApyMc/img00226.jpg,0.277816,0,0
/mnt/h200_dataset/saad/datasets/images/ancestree/ReWIND/0_real/viral_bfree/REAL/C5YT0pcWgAApyMc/img00238.jpg,0.779574,1,0
/mnt/h200_dataset/saad/datasets/images/ancestree/ReWIND/0_real/viral_bfree/REAL/C5YT0pcWgAApyMc/img00193.jpg,0.841631,1,0
/mnt/h200_dataset/saad/datasets/images/ancestree/ReWIND/0_real/viral_bfree/REAL/C5YT0pcWgAApyMc/img00181.png,0.90574,1,0
